How did serfdom develop in and then leave Russia ?,desc
What films featured the character Popeye Doyle ?,enty
How can I find a list of celebrities ' real names ?,desc
What fowl grabs the spotlight after the Chinese Year of the Monkey ?,enty
What contemptible scoundrel stole the cork from my lunch ?,hum
What team did baseball 's St. Louis Browns become ?,hum
What is the oldest profession ?,hum
What are liver enzymes ?,desc
Name the scar-faced bounty hunter of The Old West .,hum
When was Ozzy Osbourne born ?,num
Why do heavier objects travel downhill faster ?,desc
Who was The Pride of the Yankees ?,hum
What is considered the costliest disaster the insurance industry has ever faced ?,enty
What sprawling U.S. state boasts the most airports ?,loc
What did the only repealed amendment to the U.S. Constitution deal with ?,desc
How many Jews were executed in concentration camps during WWII ?,num
What is `` Nine Inch Nails '' ?,desc
What is an annotated bibliography ?,desc
What is the date of Boxing Day ?,num
What articles of clothing are tokens in Monopoly ?,enty
Name 11 famous martyrs .,hum
What 's the Olympic motto ?,desc
What is the origin of the name ` Scarlett ' ?,desc
What 's the second-most-used vowel in English ?,enty
Who was the inventor of silly putty ?,hum
What is the highest waterfall in the United States ?,loc
Name a golf course in Myrtle Beach .,enty
Which two states enclose Chesapeake Bay ?,loc
What does a spermologer collect ?,enty
How many points make up a perfect fivepin bowling score ?,num
Which company that manufactures video-game hardware sells the `` super system '' ?,hum
How many Community Chest cards are there in Monopoly ?,num
What do Mormons believe ?,desc
When did the neanderthal man live ?,num
In what religion was Isis the nature goddess ?,enty
Where do the adventures of `` The Swiss Family Robinson '' take place ?,loc
What relative of the racoon is sometimes known as the cat-bear ?,enty
How can I register my website in Yahoo for free ?,desc
What was cash-conscious Colonel Edwin L. Drake the first to drill ?,enty
How many inches over six feet is the Venus de Milo ?,num
How do they find or choose witnesses to an execution ?,desc
What 1920s cowboy star rode Tony the Wonder Horse ?,hum
What cocktail inspired John Doxat to write the book Stirred-Not Shaken ?,enty
What ISPs exist in the Caribbean ?,hum
How do you ask a total stranger out on a date ?,desc
What weapon is the mythological character Apollo most proficient with ?,enty
What country do the Galapagos Islands belong to ?,loc
What is ethology ?,desc
Who was the prophet of the Muslim people ?,hum
Where did the term `` 86ed '' come from ?,desc
Who is Snoopy 's arch-enemy ?,hum
What is the nature of learning ?,desc
What 's the only color Johnny Cash wears on stage ?,enty
What 's the term for a young fox ?,enty
What U.S. state lived under six flags ?,loc
What is the Kashmir issue ?,desc
Where is the Loop ?,loc
What does `` extended definition '' mean and how would one write a paper on it ?,desc
What country 's capital is Tirana ?,loc
What is titanium ?,desc
Who do Herb and Tootsie live next door to ?,hum
Which city has the oldest relationship as a sisterðcity with Los Angeles ?,loc
What is a caldera ?,desc
Why do people get calluses ?,desc
What are the names of the tourist attractions in Reims ?,loc
What are Cushman and Wakefield known for ?,desc
What body of water does the Danube River flow into ?,loc
What is the history of skateboarding ?,desc
Who starred in Singing in the Rain and The Singing Nun ?,hum
How do I make fuel bricks from recycled newspaper ?,desc
What 19th-century painter died in the Marquesas Islands ?,hum
The corpus callosum is in what part of the body ?,enty
How do I log on to home page at Headquarters U.S. European Command ?,desc
"What country did the Nazis occupy for 1 , CD NNS IN NNP NNP NNP .",loc
What is Nebraska 's most valuable resource ?,enty
What is the origin of head lice ?,desc
What is the nickname for the state of Mississippi ?,loc
How many villi are found in the small intestine ?,num
What country did King Wenceslas rule ?,loc
What is a fear of shadows ?,enty
Who were the five Marx brothers ?,hum
In which year was New Zealand excluded from the ANZUS alliance ?,num
What causes the body to shiver in cold temperatures ?,desc
What are bear and bull markets ?,desc
What J.R.R. Tolkien book features Bilbo Baggins as the central character ?,enty
What is `` dew point '' ?,desc
What is the meaning of Jesus ?,desc
What company 's logo is a `` W '' in a circle ?,hum
What is the definition of a cascade ?,desc
When did Rococo painting and architecture flourish ?,num
What country 's national passenger rail system is called Via ?,loc
Who invented Make-up ?,hum
What is the origin of the word `` attic '' ?,desc
What did Delilah do to Samson 's hair ?,desc
What kind of animals were in the Paleozoic era ?,enty
Which of the following was Rhodes Scholar ?,hum
Who comprised the now-defunct comic book team known as the Champions ?,hum
How do you make a paintball ?,desc
What U.S. state is Fort Knox in ?,loc
What is a female rabbit called ?,enty
Where is the highest point in Japan ?,loc
Where do chihuahuas come from ?,desc
Where does Barney Rubble go to work after he drops Fred off in the `` Flintstones '' cartoon series ?,loc
What are the world 's four oceans ?,loc
What is the largest snake in the world ?,enty
In what medium is Stuart Hamblen considered to be the first singing cowboy ?,enty
Where on the Internet can I find a song lyrics database similar to the International Lyrics Server ?,loc
How much money does a back injury lawsuit get ?,num
What 's the common name for acetylsalicylic acid ?,enty
What does the Georgetown `` Hoya '' mean ?,desc
Where can I find a list of `` classic '' books 5th and 6th graders should read ?,loc
Which two products use a tiger as their symbol ?,enty
How is the election of a new Pope announced to the world ?,desc
How long does it take for your blood to make one complete trip through the body ?,num
How do chickens have baby chicks ?,desc
What is the historical relationship of Catholic Church and bingo ?,desc
How was the element calcium named ?,desc
What crooner joined The Andrews Sisters for Pistol Packin Mama ?,hum
What piano company claims its product is the `` Instrument of the immortals '' ?,hum
When did the Bounty mutiny take place ?,num
What novel inspired the movie BladeRunner ?,enty
What is a transistor ?,desc
What is a film starring Jude Law ?,enty
What Hollywood dog died in the arms of Jean Harlow in 1932 ?,enty
What are the most common elements in the Earth 's crust ?,enty
"How much would it cost to purchase a 2-foot-square party tent , with sides , ?",num
What actress has received the most Oscar nominations ?,hum
What are equity securities ?,desc
What is gymnophobia ?,desc
How many years do fossils take to form ?,num
Where is the Orinoco ?,loc
What was the name of the `` Little Rascals '' dog ?,enty
"What city boasts Penn 's Landing , on the banks of the Delaware river ?",loc
What Broadway musical was inspired by Cervantes 's Don Quixote ?,enty
How many hostages were killed in the Entebbe raid ?,num
What does INRI stand for when used on Jesus ' cross ?,abbr
Who produces Spumante ?,hum
Who earns their money the hard way ?,hum
Who founded the People 's Temple Commune ?,hum
How many bends are there in a standard paper clip ?,num
Who discovered electricity ?,hum
What part of your body contains the corpus callosum ?,enty
Who was the first American in space ?,hum
What two South American countries do n't border Brazil ?,loc
What album put The Beatles on the cover of Time in 1967 ?,enty
"What poem contains the line , `` grow old with me the best is yet to be '' .",enty
What is a dental root canal ?,desc
What war did the Wanna-Go-Home Riots occur after ?,enty
What 's the colored part of the eye called ?,enty
What are hook worms ?,desc
Where is the Rose Bowl played ?,loc
Which Japanese car maker had its biggest percentage of sale in the domestic market ?,hum
Who is the mayor of Marbella ?,hum
"What sun-blasted , 14-mile wide valley is just north of the Mojave desert ?",loc
In what year did Thatcher become prime minister ?,num
How many months does it take the moon to revolve around the Earth ?,num
Where are the 49 steps ?,loc
In what year was De Gaulle elected president of France ?,num
Who sings the themes for `` Dawson 's Creek '' and `` Felicity '' ?,hum
Who directed `` Jaws '' ?,hum
On what T.V. show could Tom Terrific be found ?,enty
What Indian tribe is F Troop perpetually doing battle with ?,hum
Where did Indian Pudding come from ?,desc
Why do some clothing labels say `` Use a nonchlorine bleach '' ?,desc
How many colonies were involved in the American Revolution ?,num
What is the name of the city that Maurizio Pellegrin lives in ?,loc
Where can I find pictorial directions on how to build a very simple treehouse ?,loc
"What game 's board shows the territories of Irkutsk , Yakutsk and Kamchatka ?",enty
What is the name of the managing director of Apricot Computer ?,hum
What is the occupation of Nicholas Cage ?,hum
"What is the 401 , K , plan ?",desc
What causes pneumonia ?,desc
What are the three winter months in the southern hemisphere ?,num
What does gringo mean ?,desc
What therapy attempts to elicit the `` primal scream '' ?,enty
Which Ventura County police department seized the largest cocaine shipment in it 's history ?,hum
What city is sometimes called Gotham ?,loc
What dangles over the tongue from the palate ?,enty
Who created Dennis the Menace ?,hum
What dummy received an honorary degree from Northwestern University ?,hum
When was the first Wall Street Journal published ?,num
What countries have the largest areas of forest ?,loc
How do I start a web based business ?,desc
Name Alvin 's brothers,hum
What is Eagle 's syndrome styloid process ?,desc
How did Jayne Mansfield die ?,desc
When did the royal wedding of Prince Andrew and Fergie take place ?,num
What actor said in A Day at the Races : `` Either he 's dead or my watch has stopped '' ?,hum
What explorer was nicknamed Iberia 's Pilot ?,hum
CNN began broadcasting in what year ?,num
What is a ball that hits the foul pole called ?,enty
What makes hamburgers taste like steakburgers ?,desc
Which company created the Internet browser Mosaic ?,hum
What was the education system in the 1960 's ?,enty
What South American city has the world 's highest commercial landing field ?,loc
How can I find out which cities have cable-modem access ?,desc
What is Betsy Ross famous for ?,desc
How many species of sharks are there ?,num
What is `` snoogans '' ?,desc
How many people are there in the world ?,num
What shrubs can be planted that will be safe from deer ?,enty
What organization 's offices were broken into at Watergate in 1972 ?,hum
What is the design of the ship Titanic ?,desc
Name a technique widely used to detect birth defects ?,enty
What is the daily requirement of folic acid for an expectant mother ?,desc
What is the `` 7-minute cigarette '' ?,desc
What is the acreage of the Chappellet vineyard ?,num
What two European countries entered the War of American Independence against the British ?,loc
What is the filmmakers collabrative ?,desc
What Russian composer 's Prelude in C Sharp Minor brought him fame and fortune ?,hum
What caused Harry Houdini 's death ?,desc
"Who was the mother of the man who would not be king , the duke of Windsor ?",hum
What is the name of the tallest mountain in the world ?,loc
Where can I find a review of Nightmare on Elm Street in a film journal ?,loc
What 's the slowest Olympic swimming stroke ?,enty
What was the name of the first Russian astronaut to do a spacewalk ?,hum
What disease is transmitted by the Anopheles mosquito ?,enty
What rum is so `` mixable '' it is a one-brand bar ?,enty
How many South American countries have the letter Z in their names ?,num
What is the contents of proposition 98 ?,desc
Where was George Washington born ?,loc
"How many people on the ground were killed from the bombing of Pan Am Flight 103 over Lockerbie , Scotland , December 21 , CD .",num
Who wrote NN DT NNP NNP '' ?,hum
What is paracetamol ?,desc
What are the powers and weaknesses of Green Lantern 's ring ?,desc
"Which mosquito 's bite draws blood , DT NN CC DT NN .",enty
When was the first steel mill in the United States built ?,num
What diminutive American female gymnast stole the show at the 1984 Olympics ?,hum
What is the origin of the name Katie ?,desc
"What schools in the Washington , DC NN NN VBP NN NN NN NN .",hum
When did the Berlin Wall go up ?,num
Who is Terrence Malick ?,hum
What instrument is Ray Charles best known for playing ?,enty
"What 's the meaning of the Latin battle cry : Ad arma , ad arma .",desc
What is the mascot for Notre Dame University ?,enty
"What Las Vegas hotel burned in November , 1980 , with the loss of 84 lives ?",loc
When did Mount St. Helen last have a significant eruption ?,num
How many feet are there in a fathom ?,num
What is a Canada two-penny black ?,desc
What European city do Nicois live in ?,loc
How can I find out what year a Beanie Baby was introduced ?,desc
What is the classic definition of tragic hero ?,desc
To what does Microsoft 's Windows 3 owe its success ?,enty
Who was President of Afghanistan in 1994 ?,hum
"What are other ways of getting stretch marks besides pregnancy , weight loss , and weight lifting ?",enty
What color bottles do good Rhine wines come in ?,enty
Who was the lead actress in the movie ` Sleepless in Seattle ' ?,hum
Who was the 16th President of the United States ?,hum
Who are the two sons of Ozzie and Harriet Nelson ?,hum
What is molybdenum ?,desc
When is Boxing Day ?,num
What is the lowest level of the American judiciary ?,enty
When was the battle of the Somme fought ?,num
How many people did Randy Craft kill ?,num
What 's the official animal of Canada ?,enty
What is the size of the largest akita ?,num
What animal has the biggest eyes ?,enty
What is California 's capital ?,loc
Who was the author of the book about computer hackers called `` The Cuckoo 's Egg : Tracking a Spy Through the Maze of Computer Espionage '' ?,hum
Who was the founding member of the Pink Floyd band ?,hum
What European country is home to the beer-producing city of Budweis ?,loc
How do I find the balance of my social security account ?,desc
Where was Christopher Columbus born ?,loc
What do Italians call Florence ?,enty
How do you get to the top of the Eiffel Tower ?,desc
What sea did the Romans call mare nostrum ?,loc
What 's the term for a bet before cards are dealt ?,enty
"Which came first , according to Genesis 1 : 2 : 22 - the chicken or the egg ?",enty
What city did the Flintstones live in ?,loc
What is Latin for incompetent ?,enty
What chemicals are used in lethal injection ?,enty
What toy company is the world 's No.1 maker of female apparel ?,hum
What board game does a `` wood-pusher '' play poorly ?,enty
Which Doonesbury character was likely to turn into a werewolf ?,hum
What are the 7 articles of the constitution ?,enty
Who has won the most Super Bowls ?,hum
What is the fastest commercial automobile that can be bought in the US ?,enty
What stadium do the Miami Dolphins play their home games in ?,loc
Who has the only speaking role in `` Silent Movie '' ?,hum
What was Einstein 's IQ ?,num
What day was Pearl Harbor attacked in 1942 ?,num
What girl 's name is `` Teddy '' an affectionate form of ?,hum
What state is John F. Kennedy buried in ?,loc
What is the best way to remove wallpaper ?,enty
What U.S. state has an element named for it ?,loc
What company tabulates the ballots in voting for the Academy Awards ?,hum
How did the tradition of best man start ?,desc
How many years ago did the ship Titanic sink ?,num
What is the deepest area of the Arctic Ocean ?,loc
What are Halloween 's colors ?,enty
How is silk screening done ?,desc
"What is the latitude and longitude of El Paso , Texas ?",num
Who made a boat out of gopher wood ?,hum
Where can I find a `` Fifth Element '' screensaver ?,loc
Which Bloom County resident wreaks havoc with a computer ?,hum
How do you match a name to a social security number ?,desc
How does a rainbow form ?,desc
What is the normal resting heart rate of a healthy adult ?,num
What is the population of Ohio ?,num
How many calories are there in a Big Mac ?,num
Hazmat stands for what ?,desc
What creature scares people in the film `` Jaws '' ?,enty
What part did John Peter Zenger play in the deveopment of the newspaper in America ?,hum
Who followed Caesar ?,hum
What are the four elements ?,enty
Who was the first woman golfer to earn a million ?,hum
What 's the tallest piece on a chessboard ?,enty
Where can I buy movies on videotape online ?,loc
Who does the advertizing for Frito-Lay ?,hum
Who is the leading competitor of Trans Union Company ?,hum
What product did Robert Conrad dare people to knock off his shoulder ?,enty
Who invented the radio ?,hum
What 's the American dollar equivalent for 8 pounds in the U.K. ?,num
What are the different approaches of systems analysis ?,enty
How do doctors diagnose bone cancer ?,desc
Who is the man behind the pig-the man who pulls the strings and speaks for Miss Piggy ?,hum
What is the speed of the Mississippi River ?,num
What are the developmental stages of a swimmer ?,enty
What actor first portrayed James Bond ?,hum
What ocean is the largest in the world ?,loc
"Who was the first American poet to win the Nobel Prize for literature , in 1948 ?",hum
What year did Jack Nicklaus join the Professional Golfers Association tour ?,num
How many sonnets did Shakespeare write ?,num
What causes the redness in your cheeks when you blush ?,desc
Who won the Nobel Peace Prize in 1991 ?,hum
Who are the Challengers of the Unknown ?,hum
Which city did Christian Crusaders fight to recapture from the Muslims ?,loc
What does it mean `` Rupee Depreciates '' ?,desc
What gaming devices were dubbed `` Mississippi marbles '' and `` Memphis dominoes '' ?,enty
Who was the first coach of the Cleveland Browns ?,hum
How successful is arometherapy ?,desc
What Jewish holiday saw the start of the 1973 Mideast War ?,enty
How does a copier work ?,desc
What is the speed of the Mississippi River ?,num
What is Dudley Do-Right 's horse 's name ?,enty
Who declared : `` I am down on whores and I shan 't stop ripping them '' ?,hum
Where does chocolate come from ?,loc
What TV game show once saw a contestant admit to picking his toes in the shower ?,enty
What Soviet leader owned a Rolls-Royce ?,hum
Where can I find a case on Individuals with Disabilities Education Act of 1991 ?,loc
What war did Florence Nightingale tend the troops in ?,enty
"Who wrote the song , `` Stardust '' ?",hum
How many Beatles ' records went #1 ?,num
Who is the only prime minister of Canada to serve 22 years but not necessarily consecutively ?,hum
What mountains lie between the Arkansas and Missouri rivers ?,loc
Who received the Will Rogers Award in 1989 ?,hum
What is the function of RAM ?,desc
What 's the closest G2 Spectrum Yellow Dwarf to Earth ?,loc
How many equal angles are there in an isosceles triangle ?,num
What is the fear of cockroaches called ?,enty
What CBS soap opera was interrupted by the bulletin of John F. Kennedy 's assassination ?,enty
What is the use of a 24-hour clock instead of a 12-hour clock ?,desc
What was the name of the lawyer who represented Randy Craft ?,hum
What United States President had dreamed that he was assassinated ?,hum
What film did Lee Marvin win the 1965 best actor Oscar for ?,enty
Where is Basque country located ?,loc
What product does `` Mrs. Olsen '' promote ?,enty
What time of day did Emperor Hirohito die ?,num
What is dry ice ?,desc
What 's the most powerful card in Euchre ?,enty
What does `` intractable plantar keratoma '' mean ?,desc
How many years did it take James Joyce to write Ulysses ?,num
What crop failure caused the Irish Famine ?,enty
How many types of dogs ' tails are there - three,num
What is the longest-running television series ?,enty
What predators exist on Antarctica ?,enty
What is the difference between a generator and an alternator ?,desc
How is energy created ?,desc
What beer advertised that it had `` three rings '' ?,enty
What is the quantity of American soldiers still unaccounted for from the Vietnam war ?,num
What golfing accessory was patented by George Grant on December 12,enty
What are the different types of plastic ?,enty
How is it correct to say ` qigong ' ?,desc
What was the highest mountain on earth before Mount Everest was discovered ?,loc
"Where was the Ligurian Republic , 1797-185 , ?",loc
What country 's people are the top television watchers ?,loc
When was the women 's suffrage amendment ratified ?,num
What Polynesian people inhabit New Zealand ?,hum
What Nevada center has been dubbed The Biggest Little City in the World ?,loc
"What President lived at 219 North Delaware Street , Independence , Missouri ?",hum
Give a reason for American Indians oftentimes dropping out of school .,desc
Where must a soccer goalie stand to be permitted to handle the ball ?,loc
What is the difference between classical conditioning and operant conditioning ?,desc
What are some interesting facts and information about dogsledding ?,desc
What year did Hitler die ?,num
What kind of animal is Babar ?,enty
What is Jane Goodall known for ?,desc
What killed Bob Marley ?,enty
How much money are Dumbo 's ears insured for ?,num
Who danced into stardom with Fred Astaire in 1941 's You 'll Never Get Rich ?,hum
Who is Stein Eriksen ?,hum
Who is the fastest swimmer in the world ?,hum
What is the highest peak in Africa ?,loc
Where is Procter & Gamble headquartered in the U.S. ?,loc
What desert has been called The Garden of Allah ?,loc
What do bicornate animals have two of ?,enty
What function does a community 's water tower serve ?,desc
What is a fear of weakness ?,enty
How many miles is it to Ohio from North Carolina ?,num
How much snow equals an inch of rain ?,num
What does Inuit and Eskimo mean ?,desc
What song served as the closing theme of The Johnny Cash Show ?,enty
What field sport did dentist William Beers promote and write a standard book of rules for ?,enty
How do I tie dye clothes ?,desc
When does the average teenager first have intercourse ?,num
Why doesn 't www.answers.com have any answers to my questions ?,desc
What actor 's autobiography is titled All My Yesterdays ?,hum
What Russian master spy lived in the U.S. under the name Emil Goldfus ?,hum
Where 's the 19th hole on a golf course ?,loc
What 's nature 's purpose for tornadoes ?,desc
Who played the original Charlie 's Angels ?,hum
Where can I find a person 's address from a telephone number ?,loc
"What English word comes from the Old French covrefeu , meaning cover fire ?",enty
What musical instrument did Prewitt play in James Jones 's From Here to Eternity ?,enty
Where did Sarge Steel get his metal hand ?,loc
Who wrote The Night of the Iguana ?,hum
Where does your hair grow the fastest ?,enty
What country did King Gustav V reign over from 197 to 195 ?,loc
Who painted Mother and Child ?,hum
What is the speed of the Mississippi River ?,num
In what area of the world was the Six Day War fought ?,loc
What film marked Robert Redford 's directorial debut ?,enty
What was Mao 's second name ?,hum
What film or films has Jude Law appeared in ?,enty
Where do hyenas live ?,loc
Who is the `` Queen Mother '' ?,hum
What 's the most commonly-spoken language in Belgium ?,enty
Who has more DNA - a man or a woman ?,hum
What are Maid-Rites ?,desc
"What children 's tale contains the line : `` Come , Cinderslut , and hold this skein of wool for me '' ?",enty
What level of government or governmental agency is responsible for dealing with racism ?,hum
How many referees work a soccer game ?,num
What cocktail do you concoct with whisky and sweet vermouth ?,enty
How do you say `` fresh '' in Spanish ?,enty
What do bee hives do in cranberry bogs ?,desc
What caused the Lynmouth floods ?,desc
When is the Tulip Festival in Michigan ?,num
"Who came up with the name , El Nino ?",hum
What movie did Madilyn Kahn star in with Gene Wilder ?,enty
What type of bridge is the Golden Gate Bridge ?,enty
What dictator has the nickname `` El Maximo '' ?,hum
What stereo manufacturer is `` Slightly ahead of its time '' ?,hum
What U.S. city is The Queen of the Pacific ?,loc
Who kept the most famous diary in the English language ?,hum
Where can I find out the top 1 singles ?,loc
How many degrees cooler is the inside of a cucumber than the air outside ?,num
What Spanish artist painted Crucifixion ?,hum
What is the Jewish bible called ?,enty
Why is the grass green ?,desc
What is a firewall ?,desc
What spy novelist served as Moscow correspondent for Reuter and The Times of London ?,hum
Which oil company almost picked a word that meant `` stalled car '' in Japanese as its new international name ?,hum
How long does it take for Spider-Man 's web to evaporate ?,num
Who was Randy Steven Craft 's lawyer ?,hum
What was known as the Spice Island ?,loc
Who was the first host of Person to Person ?,hum
Name the Ranger who was always after Yogi Bear .,hum
"What deck of cards includes the Wheel of Fortune , the Lovers , and Death ?",enty
What does the Statue of Liberty wear on her feet ?,enty
Who is the superstar in rent-a-cars ?,hum
McCarren Airport is located in what city ?,loc
"What household facility contains a float ball , ballcock , and overflow tube ?",enty
What was the name of Betty Boop 's dog ?,enty
What fraction of a beaver 's life is spent swimming ?,num
What was the Bridge of San Luis Rey made of ?,enty
What country has the largest sheep population ?,loc
"What do I need to do to take my dog with me to live in Dominica , West Indies for a year ?",desc
What country is the world 's largest importer of cognac ?,loc
How many years is Johnnie Walker Black Label aged ?,num
What is Grenada 's main commodity export ?,enty
"How much would a black-and-white 1-cent stamp be worth , Thomas Jefferson on it , ?",num
What makes a clitoris sensitive ?,desc
"What country has the most time zones , with 11 ?",loc
What `` magic '' does Mandrake employ ?,enty
Who is the president of Stanford University ?,hum
Whose first presidential order was : `` Let 's get this goddamn thing airborne '' ?,hum
"What was introduced commercially by Bayer A.G. of Leverkusen , in 1899 ?",enty
What city is Logan Airport in ?,loc
What is a nanometer ?,desc
How many innings are there in a regulation softball game ?,num
When did CNN go on the air ?,num
What is the largest city on the Great Lakes ?,loc
What is the telephone number for the University of Kentucky ?,num
Who invented baseball ?,hum
How many wives did Brigham Young have ?,num
What product on the market is good for hiding facial scars ?,enty
How long is the Coney Island boardwalk ?,num
What city gained renown for its pea-soup fogs ?,loc
What does `` Janelle '' mean ?,desc
How do I get another city 's newspaper ?,desc
"Who was shot in the back during a Poker game in Deadwood , the Dakota territory ?",hum
What are the distinct physical characterstics of the Arabian horse ?,desc
What is a fear of thunder ?,enty
What animal has killed the most people ?,enty
What Russian seaport has a name meaning `` Lord of the East '' ?,loc
Where can stocks be traded on-line ?,loc
When was the Battle of Hastings ?,num
What kind of file has the extension .dbf ?,enty
When did Muhammad live ?,num
"What then-derogatory term was applied to the painters Monet , Sisley , Pissarro , Renoir and Degas ?",enty
What is a wop ?,desc
Where do rocks come from ?,desc
How do I stop background noise in a car stereo ?,desc
Where do people mountain climb in Nepal ?,loc
What is the best college in the country ?,hum
What was the name of the sitcom that Alyssa Milano starred in with Tony Danza ?,enty
What are the Nordic nations ?,loc
Where on the Internet can I get information about the Fifth Amendment on the American Bill of Rights ?,loc
What U.S. state borders Illinois to the north ?,loc
Name a film in which Jude Law acted .,enty
What is the temperature for baking Peachy Oat Muffins ?,num
What is a fear of bees ?,enty
What Vladimir Nabokov novel features Professor Humbert in love with a 12-year-old girl ?,enty
What is a green bog ?,desc
Where did the myth of Santa Claus originate ?,loc
What does a chairbound basophobic fear ?,enty
What city is served by Logan International Airport ?,loc
What wrestling star became `` The Incredible Hulk '' ?,hum
What attracts tourists to Reims ?,loc
What game do Steve McQueen and Edward G. Robinson play in The Cincinnati Kid ?,enty
What fastener did Whitcomb Judson patent in 1893 ?,enty
What 's an auberge in France ?,desc
Who was the star of the 1965 Broadway hit Golden Boy ?,hum
Where is Procter & Gamble based in the U.S. ?,loc
What army was founded by William Booth and his wife Catherine ?,hum
What does ribavirin consist of ?,enty
Name the soft drink that is `` number one in the sun . '',enty
What is the web address of the list of e-mail addresses of members of the House of Representatives ?,loc
What was her real name ?,hum
Why are the ears your center of balance ?,desc
Who invented the toothbrush ?,hum
What was the name of that popular song the Creeps sang ?,enty
Where is the Abominable Snowman said to wander ?,loc
What is a fear of being alone ?,enty
How many dots make up the symbol for `` because '' ?,num
How many hearts does an octopus have ?,num
What was the only country you were allowed to drive into Israel from in 1979 ?,loc
What 's approaching when a cyclist shouts : `` Oil '' ?,enty
"What baseball star turned down a $1 , 000-a-year contract because he felt he had n't earned it ?",hum
What kind of sport is often associated with hooligans ?,enty
What video game hero do some of his fans call Chomper ?,hum
How many holes are there in a tenpin bowling ball ?,num
What is the longest word in the English language ?,enty
In What city or state do the most gay men live in ?,loc
"What TV comediennes 's characters include former movie star Nora Desmond , secretary Mrs. Wiggins and a housewife named Eunice ?",hum
What is `` the bear of beers '' ?,enty
Name the operating system that runs on IBM-compatible machines .,enty
What does the name `` Justin '' mean ?,desc
What percentage of the body is muscle ?,num
What color of dry wine should be served with veal roasts and chops ?,enty
What is a golf ball made of ?,enty
What does an average daycare provider get paid in New England ?,num
What was the name of the 187s Irish terrorist group in Pennsylvania mining areas ?,hum
Who played the Ringo Kid in the 1939 film Stagecoach ?,hum
What is the `` coppertop '' battery ?,desc
What animals do you find in the stock market ?,enty
When is the site www.questions.com going to open ?,num
What did Shostakovich write for Rostropovich ?,enty
What first name was Nipsy Russell given at birth ?,hum
How can I get some free technical information on Electric Vehicle ?,desc
Who is the youngest of the Beatles ?,hum
How did shipyard inspector James J. Kilroy designate equipment as being satisfactory ?,desc
What is a Jellicle Cat ?,desc
What is Bill Gates of Microsoft E-mail address ?,loc
What is the second hardest substance ?,enty
Why did several San Diego schools stop serving apples to students ?,desc
When is Bastille Day ?,num
What makes a tornado turn ?,desc
How many shots can a stock M16 hold ?,num
What two colors are you blind to if you suffer from protanopia ?,enty
Why do n't you guys have some sort of contest where you ask a question and whoever finds the answers wins a prize ?,desc
What was the name of the movie that starred Sharon Stone and Arnold Schwarzenegger ?,enty
What is artificial intelligence ?,desc
What do flatfish eat ?,enty
Who was the first Holy Roman Emperor ?,hum
What can I use to remove the stubborn gummed labels from some diskettes ?,enty
What day of the week sees the most fatal car accidents ?,num
"What is the origin of the word , magic ?",desc
What sport do you shag flies in ?,enty
What is white chocolate ?,desc
Where is Trinidad ?,loc
Name the organization that is presided by a Security Council .,hum
"Who graced the airwaves with such pearls as `` Do ya lo-o-ove me ? Get naked , baby ! '' ?",hum
What kind of wine is Spumante ?,enty
Who portrayed portly criminologist Carl Hyatt on Checkmate ?,hum
How do you say I love you in Spanish ?,enty
What does the name Gina mean ?,desc
What is the most advanced handheld calculator in the world ?,enty
How fast is light ?,num
What is the belt of low pressure around the equator called ?,enty
What are shooting stars ?,desc
Whom did the Chicago Bulls beat in the 1993 championship ?,hum
When was the first American encyclopedia published ?,num
What 's the tallest building in New York City ?,loc
How is Easter Sunday 's date determined ?,desc
What is the Motto for the State of Maryland ?,desc
Who is Desmond Tutu ?,hum
Where can I find information on the Narragansett Indians and other tribes in Rhode Island ?,loc
Name a tiger that is extinct .,enty
How many quarters equal a pound ?,num
What kind of books does Fodor 's publish ?,enty
"What are the first names of Rowan and Martin , the stars of TV 's Laugh-In ?",hum
What chapter of the Bible has the most verses ?,num
Who is the worst US President ever ?,hum
What Asian leader was known as The Little Brown Saint ?,hum
How fast does the fastest car go ?,num
What is the highest mountain in the world ?,loc
What arch can you see from the Place de la Concorde ?,loc
Who sings the song `` Drink to me with thine eyes '' by Ben Johnson ?,hum
How long should a person wash their hands before they are clean ?,num
Which way do you turn your Bic to increase the flame - clockwise or counterclockwise ?,loc
Which is the wealthiest country in the world ?,loc
How can I find a phone number of someone if I only know their email address ?,desc
How can you contact play producers and promoters on-line ?,desc
Who is the monarch of the United Kingdom ?,hum
What is a fear of passing high objects ?,enty
What do players try to do when the music stops in a game of musical chairs ?,desc
What are the top ten most common girl names in the US ?,hum
Why is black the color of mourning in the West ?,desc
What is the rarest coin ?,enty
What Judith Rossner novel was made into a film starring Diane Keaton ?,enty
Which country is Australia 's largest export market ?,loc
Where is the Kentucky Horse Park located ?,loc
What is a fear of parasites ?,enty
In what Olympic Games did Nadia Comaneci become popular ?,enty
Who does data collection in tourism ?,hum
What was the name of the daughter of the Virginia chief Powhatan that married John Rolfe ?,hum
What is the leading pecan and peanut growing state ?,loc
What does a nihilist believe in ?,desc
What did Richard Feynman say upon hearing he would receive the Nobel Prize in Physics ?,desc
"In what sport are these following numbers relevant : 118 , 126 , 134 , 142 , 15 , 158 , 167 , 177 , and 19 ?",enty
Who were the four famous founders of United Artists ?,hum
What 2 statues did France give to other countries ?,enty
What are amphibians ?,desc
How many sperm cells are in an average ejaculation ?,num
Name the disposable razor that `` costs about 19 cents . '',enty
How far do you have to run if you hit a home run ?,num
Who was the only U.S. President to wear a Nazi uniform ?,hum
Where are the tropical rain forest distributions ?,loc
What 's the nickname of oddsmaker Jimmy Snyder ?,hum
What is the fear of being loved ?,enty
What was the number of people that Randy Steven Craft was convicted of killing ?,num
What was Queen Victoria 's title regarding India ?,hum
How is a hydrogen bomb different from a nuclear bomb ?,desc
How far can a man travel in outer space ?,num
Where was Lincoln assassinated ?,loc
What type of food makes you fat ?,enty
What is the name of the chronic neurological autoimmune disease which attacks the protein sheath that surrounds nerve cells causing a gradual loss of movement in the body ?,enty
What was the U.S. highway death toll in 1969 ?,num
"What kind of animals are Dorsets , Lincolns , Oxfords and Southdowns ?",enty
What are the shortest and the longest songs ever produced ?,enty
What letter is to the right of K on a typewriter keyboard ?,enty
"What is the origin and the meaning of the name , `` Hajo ? ''",desc
Whose autobiography is titled Yes I Can ?,hum
What year did the United States pass the Copyright law ?,num
What percentage of Americans own their homes ?,num
What 's the first day of the week ?,num
What city was President William McKinley shot in ?,loc
"Who claimed he killed 4 , 280 buffalo as food for the crew building the Kansas Pacific Railway ?",hum
What is Bombay duck ?,desc
How many degrees cooler is the inside of a cucumber than the air outside ?,num
What double talking `` professor '' holds a doctorate in Nothing ?,hum
What are the five most expensive cities in the world ?,loc
What 19th-century writer had a country estate on the Hudson dubbed Sunnyside ?,hum
How many layers of yellow paint is a Faber Mongol pencil lucky enough to be sprayed with ?,num
What is a virtual IP address ?,desc
What was the name of the cook on Rawhide ?,hum
What is the wingspan of a condor ?,num
"Who was named Admiral of the Ocean Seas and Viceroy and Governor General of all the islands he might discover , and also granted 10-?? of all profits of his voyage .",hum
How can I transport files from one computer to another ?,desc
What 's the literary term for a play on words ?,enty
What does an average daycare provider get paid in New England ?,num
What author landed a 468-pound marlin without harness in the early 193 's ?,hum
How many Americans fought for the British in the American Revolution ?,num
What kind of education do I need to become a flight attendant ?,enty
What are the two languages of Malta ?,enty
What happened during the Blackhawk Indian war of 1832 ?,desc
How many pairs of legs does a lobster have ?,num
What does the Latin ante mortem mean ?,desc
What does the name Shawn mean ?,desc
Where is the Danube ?,loc
"What lawyer won the largest divorce settlement , $85 million , in U.S. history for Sheika Dena Al-Farri ?",hum
"Who delivered his last newscast on March 6 , 1981 ?",hum
"How many times has `` Louie , Louie '' been recorded ?",num
How is Answers.com different from KnowPost.com ?,desc
What is the longest place name in the U.S. ?,loc
What percent liked Thatcher after she had been in power for a decade ?,num
"Where does Buzz Aldrin want to build a permanent , manned space station ?",loc
What was Mel Gibson 's first movie ?,enty
Why was the L.A. office of Shea and Gould closed ?,desc
How do I start a bank ?,desc
How do Ouija Boards work ?,desc
What horse did Zorro ride ?,enty
How do you get a broken cork out of a bottle ?,desc
Where can I find correct tabs for Third Eye Blind songs ?,loc
How do you determine heating requirements for your home ?,desc
What former major-league left-handed baseball pitcher was known as `` Space Man '' ?,hum
"Which hair care product told us `` hate that gray , wash it away '' ?",enty
Why did the chicken cross the road ?,desc
What was Michelangelo 's last name ?,hum
Who is Barbara Jordan ?,hum
Who was the Democratic nominee in the American presidential election ?,hum
What was Connecticut 's first constitution called ?,enty
What historical event happened in Dogtown in 1899 ?,enty
What is being done about the millennium bug ?,desc
What was the claim to fame of King Camp Gillette ?,desc
What is the most common kind of skin cancer in the U.S. ?,enty
What is Olestra ?,desc
What Asian country has a bill of rights for cows ?,loc
What are two plants that clothes are made from ?,enty
When was Hurricane Hugo ?,num
What is the most heavily caffeinated soft drink ?,enty
What President-to-be was the first member of Congress to enlist following the attack on Pearl Harbor ?,hum
What was the price of Varian Associates ' vacuum products division ?,num
When was `` the Great Depression '' ?,num
What language is mostly spoken in Brazil ?,enty
What college produced the most winning Super Bowl quarterbacks ?,hum
What is prepared mustard ?,desc
What classical Spanish writer warned : `` All that glitters is not gold '' ?,hum
What does `` antidisestablishmentarianism '' mean ?,desc
What actor married John F. Kennedy 's sister ?,hum
What does a topophobic actor suffer from ?,enty
Who fired Maria Ybarra from her position in San Diego council ?,hum
"The italian artist , Maurizio Pellegrin , is how old ?",num
What type of hunting are retrievers used for ?,enty
What is Colin Powell best known for ?,desc
Who was the first black golfer to tee off in the Masters ?,hum
What city is the setting for Puccini 's opera La Boheme ?,loc
What U.S. President showed a fondness for munching on bee pollen bars ?,hum
What is measured in curies ?,desc
Whose cover is that of an employee of Universal Import and Export ?,hum
What former president 's daughter has written a book titled Murder in the White House ?,hum
What fictional character is known as the `` melancholy Dane '' ?,hum
Italy is the largest producer of what ?,enty
What longtime game show host dropped dead while jogging in Central Park in 1984 ?,hum
"What is the meaning of W.B. Yeat 's poem , `` The Three Hermits ? ''",desc
Who were the `` filthiest people alive ? '',hum
What infectious disease is the world 's deadliest ?,enty
What is Spumante ?,desc
What is an isthmus ?,desc
What was the name of the orca that died of a fungal infection ?,enty
Where is Mozambique located ?,loc
What is Mississippi 's state animal ?,enty
What 's the origin of the word ` news ' ?,desc
What did Dan Aykroyd and John Belushi quit Saturday Night Live to become ?,enty
How many months does a normal human pregnancy last ?,num
How do fuel injectors work ?,desc
How can your school march in the Macy 's Thanksgiving Parade ?,desc
What is the real name of disc jockey `` Wolfman Jack '' ?,hum
What Italian liner was hijacked in 1985 ?,enty
What city houses the U.S. headquarters of Procter and Gamble ?,loc
What soap was touted as being `` for people who like people '' ?,enty
How much was the minimum wage in 1991 ?,num
What does NAFTA stand for ?,abbr
Who invented silly putty ?,hum
Who patented the first phonograph ?,hum
What are some tips for building a fire in a fireplace ?,enty
What do manatees eat ?,enty
How do you say 2 in Latin ?,enty
What were popular songs and types of songs in the 1920s ?,enty
How many Vietnamese were there in the Soviet Union ?,num
What is November 's birthstone ?,enty
What is a Certified Nurse Midwife ?,desc
Who created private detective Philip Marlowe ?,hum
"What Boris Pasternak book sold 5 , 0 copies to become the fiction best-seller of 1958 ?",enty
What is the origin of the expression `` tout de suite '' ?,desc
What is the longest English word ?,enty
What is the purpose of a car bra ?,desc
What is D.B. Cooper known for ?,desc
Who is Colin Powell ?,hum
What species is a colt ?,enty
What is the smallest country in Africa ?,loc
Who coined the term NN cyberspace `` in his novel NN Neuromancer '' ?,hum
What age followed the Bronze Age ?,enty
What is the full name of the man who invented the multicolored game cube that has 42.3 quintillion potential combinations ?,hum
What does the name `` Anthony '' mean ?,desc
What is a rhomboideus minor ?,desc
How many hands does Bjorn Borg use when hitting his forehand ?,num
How many people died on D-Day ?,num
"What U.S. Congressman said : `` Keep the faith , baby '' .",hum
Who created the character of Scrooge ?,hum
Where is Windsor Castle ?,loc
When did the Dow first reach ?,num
Why were people recruited for the Vietnam War ?,desc
What party was Winston Churchill a member of ?,hum
What American League baseball team 's worst finish between 1926 and 1964 was fourth ?,hum
Where can I find the names of all the 15 Pokemon ?,loc
What state does Martha Stewart live in ?,loc
Which killer whale died at Sea World of a fungal infection ?,enty
What are the Benelux countries ?,loc
Where 's the Petrified Forest ?,loc
Where is Tornado Alley ?,loc
Who was the author of `` John Brown 's Body '' ?,hum
What American poet wrote : `` Good fences make good neighbors '' ?,hum
What state in the U.S. has the most blacks ?,loc
Why are electric cars less efficient in the northeast than in California ?,desc
What was the occupation of Mandy Rice-Davies ?,hum
Who painted the Sistine Chapel ?,hum
Name the various costumed personas of Dr. Henry Pym .,hum
What breed of dog was the `` Little Rascals '' dog ?,enty
What are the living conditions in Cuba ?,desc
What color are school buses ?,enty
What is the oldest website on the Internet ?,loc
"What events happened January 26 , 1978 ?",enty
Who is actress Goldie Hawn 's current actor boyfriend ?,hum
Who banned Peter Rose from baseball for betting on games ?,hum
What are the seven virtues ?,desc
What other name were the `` Little Rascals '' known as ?,enty
When was the San Francisco fire ?,num
What is a fear of food ?,enty
"How many casinos are in Atlantic City , NJ ?",num
What year did the Vietnam War end ?,num
What are the names of Richard Nixon 's two daughters ?,hum
What 's the word for broken glass or sharp rocks embedded in cement on top of a wall ?,enty
What is the chromosome number of an elephant ?,num
What organization was founded by the Rev. Jerry Falwell ?,hum
What 's the longest river in the world ?,loc
Which soft drink does Madonna advertise for ?,enty
What company is being bought by Yahoo and how much is the deal worth ?,hum
When was Berlin 's Brandenburg gate erected ?,num
How many double-word-score spaces are there on a Scrabble Crossword Game board ?,num
What year did Germany sign its nonaggression pact with the Soviet Union ?,num
What mountain range is traversed by the highest railroad in the world ?,loc
Why were the American soldiers in WWI called `` Doughboys '',desc
Who was nicknamed The Little Corporal ?,hum
How many CDs has Garth Brooks sold ?,num
Name the vessel used by the Atari Force in the DC comics .,enty
Where are the leading medical groups specializing in lung diseases ?,loc
What 's the sacred river of India ?,loc
What is the only gland in humans that can regenerate itself ?,enty
How many Gutenberg Bibles are there ?,num
Name the largest country in South America .,loc
What astronomical phenomenon takes place in Jan. 1999 ?,enty
What information can you get me on Fairground Park in St. Louis,desc
What was American folk hero John Chapman 's nickname ?,hum
What is the difference between a median and a mean ?,desc
What was the top box office movie in April 1998 ?,enty
What makes thunder ?,desc
What author did photographer Yousuf Karsh call `` the shiest man I ever met '' ?,hum
"Which is the largest clock , diameter wise , in Europe ?",enty
What plant is rum made from ?,enty
"Name the poet of the poem which begins : I do not know much about gods ; but I think that the river Is a strong brown god-sullen , and untamed ?",hum
Which condiment was once sold as a patent medicine ?,enty
What U.S. state records the least rainfall ?,loc
Why did the world enter a global depression in 1929 ?,desc
"What was archy , and mehitabel ?",desc
What are the chemicals used in glowsticks ?,enty
What country did the Nile River originate in ?,loc
What color are tennis balls ?,enty
What barroom judge called himself The Law West of the Pecos ?,hum
Who was President of Costa Rica in 1994 ?,hum
What sports event is Meyer Wolfsheim supposed to have fixed in The Great Gatsby ?,enty
What country has the best defensive position in the board game Diplomacy ?,loc
Who was chairman of the Senate select committee that tried to get to the bottom of Watergate ?,hum
What is the origin of the surname of Braun ?,desc
"What card game has variations called Canfield , Klondike and Spider ?",enty
What is Australia Day ?,desc
What mammal of North America is the world 's longest-lived for its size ?,enty
What was the Chivington Massacre ?,desc
"What actor starred in 1980 's Blue Lagoon , 1982 's The Pirate Movie and 1983 's A Night in Heaven ?",hum
How many home runs did Lou Gehrig have during his career ?,num
In what city is the headquarters of Sinn Fein ?,loc
Where can I find information on George Bush ?,loc
Who is the voice of Miss Piggy ?,hum
What is the dialogue circle in cartoons called ?,enty
"What does the word camaro mean , from the GM car the Camaro ?",desc
Who replaced Bert Parks as the host of The Miss America Pageant ?,hum
How many boys play the game in Winslow Homer 's 1872 painting Snap the Whip ?,num
What is the AIM-54C Phoenix ?,desc
When are sheep shorn ?,num
What sport is Chris Jogis a top player of ?,enty
What 's the second-largest island in the world ?,loc
What is the definition of low island ?,desc
What century does Captain Video live in ?,num
What types of water pollution are there ?,enty
How many astronauts manned each Project Mercury flight ?,num
What soft drink would provide me with the biggest intake of caffeine ?,enty
What are some of the significant historical events of the 1990s ?,enty
Name the only extant trilogy of classical Greek plays .,enty
Where is Logan Airport ?,loc
What is the difference between Neoclassical art and Romanticism art ?,desc
Who was the first person inducted into the U.S. Swimming Hall of Fame ?,hum
What golfer has been called Ohio Fats and Blobbo ?,hum
What is the average cost for four years of medical school ?,num
What does God create in the first sentence of the Bible ?,enty
Which of the following men was not married to Rita Hayworth ?,hum
What is the current ticket fare from from Cairo to Barbados ?,num
How do you find oxidation numbers ?,desc
What is the state nickname of Mississippi ?,loc
"What is Black Hills , South Dakota most famous for ?",desc
What 1966 boob tube bomb took astronauts back to prehistoric times ?,enty
How many students attend the University of Massachusetts ?,num
"Who said , `` I shall return . '' during World War Two ?",hum
"Who portrayed Etta Place , companion to Butch Cassidey and the Sundance Kid ?",hum
What are the Greek numerals ?,desc
What 's the name of the temple that is located near the capital city of Laos ?,loc
What is a fear of sleep ?,enty
What auto race was Wilbur Reed the first to win three times ?,enty
What are the most common breeding birds in the U.S. ?,enty
"What was organized as a Confederate veterans ' social club in Pulaski , in Tennessee , in 1866 ?",enty
How do you look up criminal records on the Internet ?,desc
"Where is the actress , Marion Davies , buried ?",loc
What is an example of an actual case of using the Fourteenth Amendment ?,desc
Who was the Charlie perfume woman ?,hum
Who portrayed `` Rosanne Rosanna-Dana '' on the television show `` Saturday Night Live '' ?,hum
"What singer became despondent over the death of Freddie Prinze , quit show business , and then quit the business ?",hum
When did Iraqi troops invade Kuwait ?,num
What was Mark Johnson referring to when he said : `` I still can 't believe it- we beat the Russians ? '',enty
What car was driven in the 199 release of `` Smokey and the Bandit '' ?,enty
What was the backup singing group for Roy Rogers ?,hum
What famous singing cowboy owns the California Angels baseball team ?,hum
Where did the term `` 86 '' come from ?,desc
What causes someone to be ticklish ?,desc
Why did several San Diego schools remove apples from students menus ?,desc
What musical instrument did Sherlock Holmes play ?,enty
Who was Gerald Ford 's vice president ?,hum
What is `` the washed vodka '' ?,desc
How many different languages are spoken in Europe ?,num
What year was Desmond Mpilo Tutu awarded the Nobel Peace Prize ?,num
Who invented batteries ?,hum
Why do recipe books recommend starting with cold water when you boil something ?,desc
Where can I buy a good snowboard for less than $200 ?,loc
What title did Suzette Charles assume for two months in 1984 ?,hum
What was the infamous pseudonym of Peter Sutcliffe ?,hum
What is Smokey The Bear 's middle name ?,enty
What is Nicholas Cage 's occupation ?,hum
What British TV series featured Emma Peel ?,enty
What tragedy befell the city of Dogtown in 1899 ?,enty
What is the Immaculate Conception ?,desc
What are the names of all the U.S. Navy aircraft carriers ?,enty
What format was VHS 's main competition ?,enty
What is Candlemas Day ?,desc
In what city is the famed St. Mark 's Square ?,loc
What does the Ouarterly Review of Doublespeak call an `` inoperative statement '' ?,enty
How much did the minimum wage amount to in 1991 ?,num
Where is Tufts University ?,loc
What is a pyrotechnic display ?,desc
How do I find out about jobs ?,desc
What Japanese manufacturer is known for both its pianos and its motorcycles ?,hum
What is the chemical reactivity of argon ?,num
How long was Mao 's 1930s Long March ?,num
What net game sees its women 's world amateur champions receive the Uber Cup ?,enty
What four-legged creature did a Cornell University study say would make man 's best companion in space ?,enty
What does a teaspoon of matter weigh in a black hole ?,num
"What did British companies stick 175 , 0 tons of tea into in 1982 ?",enty
What province is Edmonton located in ?,loc
How can I find out how much income tax is paid on Social Security income on the 1998 income tax ?,desc
What is California 's state bird ?,enty
What is Martin Luther King Jr. 's real birthday ?,num
Name the various super-teams to which the Angel has belonged .,hum
How does Zatanna perform her magic in DC comics ?,desc
What 's the name of Jacques Cousteau 's research ship ?,enty
What President dispatched a cruiser to carry Charles Lindbergh home after his epic flight ?,hum
Whose video is titled Shape Up with Arnold ?,hum
In which Kevin Costner movie did Sioux Indians play a role ?,enty
How many James Bond novels are there ?,num
How do you get dates with the `` Hooters '' girls ?,desc
What bird can swim but can 't fly ?,enty
How can I get a comic character I made copyrighted and published ?,desc
How large is the Arctic refuge to preserve unique wildlife and wilderness value on Alaska 's north coast ?,num
What is Plc ?,desc
How much electricity does the brain need to work ?,num
How many acres in a mile ?,num
What Dickens novel has David carrying the message `` Barkis is willin '' to Peggy ?,enty
What is a hyperlink ?,desc
Who 's the twin brother of the Greek goddess Artemis ?,hum
Where did marijuana come from ?,desc
"What is the per-capita income of Colombia , South America , ?",num
What novel has Big Brother watching ?,enty
How many Grammys did Michael Jackson win in 1983 ?,num
What does Elysium mean ?,desc
What is the oldest website on the Internet ?,loc
What is Shalom ?,desc
What was the favorite sport of Tom Wolfe 's The Pump House Gang ?,enty
What organic fuel do bog-dwellers use a `` slane '' to cut ?,enty
What is the average age of a member of the team that worked on the Manhatten Project ?,num
What country received all the Nobel Prizes awarded in 1976 ?,loc
How do you get rid on woodpeckers ?,desc
How many syllables are there in a line of hendecasyllabic poetry ?,num
"What soft drink first appeared in the Old Corner Drug Store in Waco , Texas , in 1885 ?",enty
What is Britain 's possession on the Chinese mainland ?,loc
Who was America 's first Public Enemy No. 1 ?,hum
How many children under 18 are victims of some sort of Physical Abuse each year ?,num
What is the origin of thank you notes ?,desc
What did Jimmy Stewart invent ?,enty
What generation am I in ?,enty
What is a fear of hell ?,enty
Who is Dear Abby ?,hum
What is Jell-O made from ?,enty
Who was Monet ?,hum
What are the only two states that incorporate the Confederate battle flag in their flags ?,loc
How do you make panoramic sugar eggs for Easter - the ones with the scene inside ?,desc
What 's the Southern dish made of pigs ' small intestines ?,enty
Where is Guam ?,loc
Who was the famous door-to-door brush salesman ?,hum
What is the executor in a will ?,desc
"What inescapable purveyor of background music celebrated its 5th anniversary in July , 1984 ?",hum
How many people in America snore ?,num
What soft drink is most heavily caffeinated ?,enty
Who did Jackie Kennedy commission to write The Death of a President ?,hum
Which drug is commonly used to treat AIDS ?,enty
How many stars are there on the Soviet Union 's flag ?,num
What is the difference between microprocessors & microcontrollers ?,desc
Who sought to create The Great Society ?,hum
What are tourist attractions in Reims ?,loc
What are the lengths of pearl necklaces ?,num
Who said : `` Soldiers win the battles and generals get the credit '' ?,hum
What is the proof that houseplants metabolize carcinogens ?,desc
What prompted the co-pilot of the Enola Gay to enter only `` My God '' in his log ?,desc
How long does it take the typical hen to lay 19 dozen eggs ?,num
What Colorado city owns its own glacier ?,loc
What is the history of `` the toast '' ?,desc
What was the name of the Protestant revolt against the supremacy of the Pope ?,enty
What is an arab strap ?,desc
"How much does it cost , average or whatever is available , to produce and send junk mail catalogues in the US ? , DT CD NN NN ,",num
Who is the current UN Secretary General ?,hum
"Who provides telephone service in Orange County , California ?",hum
Where did guinea pigs originate ?,loc
What two countries ' coastlines border the Bay of Biscay ?,loc
Why did Egyptians shave their eyebrows ?,desc
What organization did Mr. Waverly assign agents for ?,hum
When was the slinky invented ?,num
What are the characters ' names in the Scooby-Doo cartoon ?,hum
What is a fear of cold ?,enty
What was Eduard Shevardnadze 's job in the Soviet Union ?,hum
What causes rust ?,desc
Which is the only Dick Tracy villain to appear three times ?,hum
What was the monster in Spielberg 's film `` Jaws '' ?,enty
What color is an Arctic fox in winter ?,enty
"What do the names Neil , Mary , and Anthony mean ?",desc
"What European capital celebrated its 2 , 000th anniversary in 1951 ?",loc
Why do people in the upper peninsula of Michagin say `` eh ? '' ?,desc
What flower did Vincent Van Gogh paint ?,enty
What was Thatcher 's approval rating after 10 years in power ?,num
Winnie the Pooh is what kind of animal ?,enty
"What was the first Funk 'N Lata , Brazilian group , success ?",desc
What did John Hinckley do to impress Jodie Foster ?,desc
What is Larry King 's job ?,hum
How many calories are in a tomato ?,num
In what state was the first co-educational college established,loc
What war saw a naval battle between the luxury liners Cap Trafalgar and the Carmania ?,enty
What is the treatment for depression ?,enty
What is a fear of slime ?,enty
What country in Latin America is the largest one ?,loc
On which Hawaiian island is Pearl Harbor ?,loc
"What feathered cartoon characters do Yugoslavians know as Vlaja , Gaja , and Raja ?",hum
What Marx Brothers movie centers on a stolen painting ?,enty
What was unusual about Alexandra 's appearance in Josie and the Pussycats ?,desc
When was Dick Clark born ?,num
What game is fatal to anybody over 21 ?,enty
What is the death toll of people dying from tuberculosis ?,num
What happened to Moon Maiden ?,desc
What city is wiener schnitzel named for ?,loc
What are the Urals ?,desc
How can you stop the itch from poison ivy ?,desc
What desert has the highest sand dunes ?,loc
What two countries contain Sierra Nevada mountains ?,loc
How do you tell your parents you are dating an older man ?,desc
How long was the TV mission of Star Trek 's Enterprise to be ?,num
What phone number can I call to have a tree planted ?,num
When did the `` Star-Spangled Banner '' become the national anthem ?,num
Who was Lacan ?,hum
What are the four natural aids used in riding a horse ?,enty
What continent 's name appears on the upper left corner of a Budweiser label ?,loc
Who was the Secretary of War in the Civil War during the Battle of Gettysburg ?,hum
Who did Bobby Fischer beat to win the world chess championship ?,hum
How do you exterminate bees that are in the walls of your home ? Will bee eggs remain over winter ?,desc
Name a Gaelic language .,enty
"What day is August 13 , 1971 ?",num
Where can I find a list of all the companies in America that offer a direct stock purchase plan ?,loc
How do you send a movie transcript to Hollywood so that it can be produced into a film ?,desc
"What literary classic centers on the search for a treasure in gold worth 7 , 0 pounds ?",enty
What is the origin of blue for boys and pink for girls ?,desc
What is the name of the Michelangelo painting that shows two hands with fingers touching ?,enty
How big is a quart ?,num
What is the Hub of London ?,desc
Jude Law acted in which film ?,enty
What causes panic attacks ?,desc
What was the filling in the first golf balls ?,desc
What drug did Sigmund Freud become fascinated with while experimenting with the treatment of neurasthenia ?,enty
What country was A Terrible Beauty to Leon Uris ?,loc
What is typhoid fever ?,desc
Where can I buy a hat like the kind Jay Kay from Jamiroquai wears ?,loc
What is Beethoven 's 9th symphony called ?,enty
Name the lawyer for Randy Craft .,hum
Which breakfast cereal brought you `` the best each morning '' ?,enty
"What explosive do you get by mixing charcoal , sulfur and saltpeter ?",enty
What mountainous region of the world is the Lhasa Apso dog native to ?,loc
What cancer is commonly associated with AIDS ?,enty
How long does it take light to reach the Earth from the Sun ?,num
Who lives at 39 Stone Canyon Way ?,hum
How many questions are on this thing ?,num
Who played Humpty Dumpty in the 1933 film Alice in Wonderland ?,hum
"Who is Karenna Gore , Al Gore 's oldest daughter , married to ?",hum
Who played the title role in I Was a Teenage Werewolf ?,hum
Why are there olives in martinis ?,desc
In what year did Hitler gain power of Germany ?,num
What year did Rossetti paint `` Beata Beatrix '' ?,num
What record company produced the 1978 movie The Wiz ?,hum
Where can I find information about touring the Philippines ?,loc
What did The Gas House Gang play ?,enty
How many square feet is Bill Gates ' home ?,num
"What is the name of actor Rex Harrison 's son , who starred in a modestly popular TV show during the late 1960's ?",hum
What is the highest Roman numeral ?,desc
What 's the most popular form of bridge ?,enty
Who was the inventor of the stove ?,hum
What comedian has a legendary reputation for stealing jokes ?,hum
Where can I find information on the cyclone that hit New Jersey on 8/28/1941 ?,loc
Boxing Day is celebrated on what date ?,num
What are the first ten amendements passed ?,enty
What is another term for the painful wrist syndrome ?,enty
What 's the difference between sleet and freezing rain ?,desc
How is the new Ford Econoline van F25 V1 engine ?,desc
Who was the king who was forced to agree to the Magna Carta ?,hum
Who was made the first honorary citizen of the U.S. ?,hum
What game is Garry Kasparov really good at ?,enty
Where was Richard Nixon when Gerald Ford became president ?,loc
Where does the U.S. rank among world countries in area ?,num
What novel did Ian Fleming introduce James Bond in ?,enty
What baseball team was routinely called `` dem bums '' by its frustrated fans ?,hum
Name of scholar on whose literal translations from the Chinese and Japanese Ezra Pound depended ?,hum
When did Israel begin turning the Gaza Strip and Jericho over to the PLO ?,num
What are the major differences in the Catholic and Methodist religions ?,desc
Name the On Stage character whose face was never seen .,hum
How much energy is released when oxygen and hydrogen mix ?,num
What is the best Internet business to go into ?,hum
What does Venus Retrograde mean ?,desc
Who is known as `` the world 's oldest teenager '' ?,hum
What are the largest breweries in the world ?,loc
What does Las Vegas mean ?,desc
What does the word `` meta '' mean ?,desc
What keeps clouds in the air ?,enty
What 's the term for any four-sided figure ?,enty
Ray Charles plays which instrument ?,enty
What country and western singer is known as The Silver Fox ?,loc
What building appropriately enough is depicted on the back of the 1-dollar bill ?,loc
What is graduate school ?,desc
What baseball team owner and sailor is known as The Mouth of the South ?,hum
What type of betting is used in horse racing ?,enty
What kind of hat does Bat Masterson wear ?,enty
Who was with Patricia Hearst the night she was kidnaped ?,hum
What is the Viking Prince 's first name ?,hum
In what deodorant commercial did tenants have adjoining medicine cabinets ?,enty
Where is Rider College located ?,loc
What boxer 's life story is titled Raging Bull ?,hum
For what reason did some San Diego schools stop serving apples ?,desc
Who advised listeners to `` see the U.S.A. in your Chevrolet '' ?,hum
Where was the first restaurant ?,loc
Where can I find full written draft of CTBT ?,loc
How many horses died during the civil war ?,num
How much waste does an average dairy cow produce in a day ?,num
What Nobel laureate was expelled from the Philippines before the conference on East Timor ?,hum
"What woman has carried the most multiple births , twins , triplets , etc. , ?",hum
What is the average time it takes for a male to ejaculate ?,num
What is website of the International Court of Justice ?,loc
Where are 8 of the 10 highest mountains in the world ?,loc
Where can I look at a perpetual calendar ?,loc
How many astronauts have been on the moon ?,num
In what year did the Bounty mutiny happen ?,num
What is the only substance that gives food its `` taste '' when eaten ?,enty
How do you reference a website ?,desc
What is pandoro ?,desc
What do the letters ZIP stand for in the phrase `` ZIP code '' ?,abbr
Which Bourbon king was restored to the French throne during Napoleon 's abdication ?,hum
What is one of the cities that the University of Minnesota is located in ?,loc
What are the words to `` My Way '' written by Paul Anka ?,desc
How do I install a tile floor ?,desc
What is the quickest and easiest way to get nail polish out of clothes ?,enty
What 's the No. 1 killer in industrialized countries ?,enty
Name four famous cartoon cats .,enty
What daughter of Henry VIII and Anne Boleyn became queen of England ?,hum
How did ` stat ' come to be used as an expression for quickly ?,desc
What 's the most common nickname of U.S. college football teams ?,hum
What 's the distinction of U.S. Supreme Court Justice Thurgood Marshall ?,desc
What is the most useful site on the Internet ?,loc
What was a Mae West on a World War II battleship ?,desc
Define cosmology .,desc
What comedienne upstaged Dwight D. Eisenhower 's first inauguration by giving birth to her first child ?,hum
What are amicable numbers ?,desc
When were the Olympic Games in which Nadia Comaneci became popular played ?,num
"Where is Hearst Castle , built by publisher William Randolph Hearst ?",loc
What 's the largest U.S. city on the Great Lakes ?,loc
Who sang about Desmond and Molly Jones ?,hum
"What magazine gives us the cream , not the skim ?",enty
What does the technique called `` cold fusion '' produce ?,enty
What costume designer decided that Michael Jackson should only wear one glove ?,hum
How many rows of sprocket holes does a roll of 35-millimeter film have ?,num
What is the goat population of the world ?,num
What company was the original sponsor of TV 's Superman ?,hum
What term does a Czech use to describe a Pole ?,enty
What sea separates Naples and Algiers ?,loc
How many lawyers are there in the state of New Jersey ?,num
What are the most common elements in seawater ?,enty
Describe the Finnish music personality Salonen 's appearance .,desc
What is the origin of the ethnic category `` caucasian '' ?,desc
What is a stratocaster ?,desc
What kind of science is cosmology ?,enty
Name the blind sculptress in love with the Fantastic Four 's Thing .,hum
What 's the second-lightest element ?,enty
What do you call a `` twirl '' in ballet ?,enty
What is the brand name of daminozide ?,enty
What is the former name of Zimbabwe ?,enty
What National Basketball Association superstar told his story in Giant Steps ?,hum
What animals did The Amazing Three masquerade as ?,enty
How did the bikini bathing suite get its name ?,desc
When did Fraze get his first patent for the pull-tab can ?,num
How many games are played in a five-team round-robin tournament ?,num
Who developed the first polio vaccine ?,hum
Who made the first gas engine ?,hum
"What country claimed Rubens , Van Dyck and Bruegel as citizens ?",loc
What civil war was fought between 1936 and 1939 ?,enty
How do clouds form ?,desc
Where can I find examples of legal cases about the Individuals with Disabilities Education Act ?,loc
What character did Tex Avery first create upon arriving at MGM ?,hum
When was the Triangle Shirtwaist fire ?,num
What Asian spiritual and political leader was married at the age of 13 ?,hum
Where is Ocho Rios ?,loc
What ocean does Mauritania border ?,loc
Why do pressure cookers save time in the kitchen ?,desc
Why are there 12 people on a jury in criminal cases ?,desc
What do Christian Scientists believe in ?,desc
"What World War I battle saw 6 , 0 troops killed in one day ?",enty
What country is Kosovo a part of ?,loc
Tell me what city the Kentucky Horse Park is near ?,loc
What computer operating system is on the most computers ?,enty
What is Bill Gross 's email address ?,loc
What is the economic impact of unemployment on the economy ?,desc
"What do the letters D.C. stand for in Washington , D.C. ?",abbr
What English queen had seventeen children ?,hum
"What is the approximate population of Las Vegas , N.M ?",num
How much does the President get paid ?,num
What two baseball players make up the battery ?,hum
What 's the largest letter in Salvador Dali 's signature ?,enty
What does an irate car owner call iron oxide ?,enty
"Of children between the ages of two and eleven , what percentage watch `` The Simpsons '' ?",num
Name an art gallery in New York .,loc
Who sells Viagra ?,hum
What musical instrument did Prewitt play in James Jones 's From Here to Eternity ?,enty
What is the Home Rule Act ?,desc
What building are British monarchs crowned in ?,loc
What are Bellworts ?,desc
Who was Darius ?,hum
What movie told of Anna Anderson 's claim to be a Russian czar 's daughter ?,enty
Who did Dita Beard work for ?,hum
What kind of creature is a coot ?,enty
Name the university of which Woodrow Wilson was president .,hum
"What country was first to use the airplane as a weapon of war , against the Turks in Libya ?",loc
What is a fear of disease ?,enty
What kind of meat is Fray Bentos synonymous with ?,enty
What did Mr. Magoo flog on TV for General Electric ?,enty
What are the words to the Canadian National anthem ?,desc
What is the name of the Jewish alphabet ?,enty
What is Columbia Tristar 's phone number ?,num
Name the five positions who are in the line of succession to the presidency .,hum
Which one of the original seven Mercury program astronauts did not fly on any of the Mercury flights ?,hum
Who is the best known villain of the 165 Gunpowder Plot ?,hum
What is the capital of Burkina Faso ?,loc
What continent is Bolivia on ?,loc
Why was Muhammad Ali stripped of his title and barred from boxing in 1967 ?,desc
"Who killed more people , Hitler or Stalin ?",hum
What caused Shea & Gould to close their L.A. office ?,desc
What 's the only mammal that can 't jump ?,enty
What war saw battles at Parrot 's Beak and Black Virgin ?,enty
What was the U.S. highway death toll in 1969 ?,num
What does the name Kelly mean ?,desc
What is a phalanx ?,desc
What mustachioed comedian portrayed Frankie in North to Alaska ?,hum
"What actor and World War II airman had a $5 , 0 bounty put on his head by Hermann Goering ?",hum
What is the name of the medical condition in which a baby is born without a brain ?,enty
How do storms form ?,desc
Who is Nicolo Paganini ?,hum
What city is often called The Insurance Capital of the World ?,loc
What are the three animals in Sheila Burnford 's The Incredible Journey ?,enty
Who portrayed Dracula in Hammer Studios ' films ?,hum
Name one of the Seven Wonders of the Ancient World .,enty
When were fish first believed to be found on earth ?,num
"What President 's favorite Biblical quotation was : `` Come now , and let us reason together '' .",hum
How many elevators do you ride to reach the top floor of the Empire State Building ?,num
Name the food company that traveled to Soviet Georgia to film a series of ads .,hum
What country was Sir Edmund Hillary born in ?,loc
What 's an infant seal called ?,enty
"What was the proper Laugh-In respones to : `` Say goodnight , Dick '' ?",desc
How long does a dog sleep ?,num
What 1963 Joseph L. Mankiewicz film cost $28 million ?,enty
What Japanese electronics company was named for a coastal city northeast of Tokyo ?,hum
What can you be fined for having a dog on a beach ?,num
Where did the Battle of the Bulge take place ?,loc
How much will the California be in the year 2000 ?,num
"What mystery writer penned `` ...the glory that was Greece , and the grandeur that was Rome '' ?",hum
What state full of milk and honey was the destination in The Grapes of Wrath ?,loc
What is the tallest building in Japan ?,loc
Where is Sinn Fein 's headquarters ?,loc
Name Li 'l Abner 's favorite Indian drink .,enty
What are some important events of the 1830 's ?,enty
The Iraqis launched their attack on Kuwait on what day ?,num
"What did 8 , CD NNS VBP TO VB NNP POS NN .",enty
What is God ?,desc
What country 's northernmost city is Darwin ?,loc
"What sound does Olympia , Washington , overlook ?",loc
What TV show chronicled the lives of Katy Holstrum and Congressman Glen Morley ?,enty
How many penny-farthings are there on a Trivial Pursuit game board ?,num
What 's the most abundant element in the sun ?,enty
"What European country boasts the city of Furth , found where the rivers Rednitz and Pegnitz converge ?",loc
What U.S. state is Dixville Notch in ?,loc
"Where was the Cisalpine Republic , 1797-185 , ?",loc
What is the protagonist 's name in Dostoevski 's `` The Idiot '' ?,hum
What penalty space lies between Baltic Avenue and Reading Railroad on a Monopoly board ?,enty
What presidential press secretary dismissed Watergate as a third-rate burglary attempt ?,hum
What is a meerkat ?,desc
Who was Jean Nicolet ?,hum
What kind of animal was Winnie the Pooh ?,enty
Which of these are authors ?,hum
What 's the international radio code word for the letter B ?,enty
Who was the original Humpty Dumpty ?,hum
What is cache memory ?,desc
Aspartame is also known as what ?,enty
Where is the location of the Orange Bowl ?,loc
When is President Nixon 's birthday ?,num
"What is the origin of the midwest slang , ` you 're darn tootin ' ?",desc
Whose cupboard was bare ?,hum
What are the seven seas ?,loc
What does IBM stand for ?,abbr
What is the difference between jazz and blues ?,desc
What is the C programming language ?,desc
What 's the name of Popeye 's adopted son ?,hum
Who invented the vacuum cleaner ?,hum
What is a ` borrow pit ' ?,desc
What 2th-century fictional character attends Pencey Prep School ?,hum
"Who does Shakespeare 's Antonio borrow 3 , 0 ducats from ?",hum
Which country is known as `` Big Bear '' ?,loc
How many times a day should you take a prescription marked `` q.i.d . '' ?,num
What is the origin of the atom ?,desc
What two commanders directed the forces in the Battle of El Alamein ?,hum
Name the creator of `` The Muppets '' .,hum
How do I e-mail someone at aol.com from yahoo.com ?,desc
Who replies `` I know '' to Princess Leia 's confession `` I love you '' in The Empire Strikes Back ?,hum
What is the meaning of the name Ella ?,desc
What 's the home of the Rockettes ?,loc
"Where can I find all the information I need to know about the English Civil War , 1642-1649 , ?",loc
What is the name of the firm that makes Spumante ?,hum
What sport is played on the largest field ?,enty
Who won the 1967 Academy Award for Best Actor ?,hum
What is after death ?,enty
Name the first private citizen to fly in space .,hum
What was football star Elroy Hirsch 's nickname ?,hum
What singer sings `` Oh Boy '' ?,hum
How much pizza do Americans eat in a day ?,num
What is the website for the USA journal ?,loc
What army 's motto is Blood and Fire ?,hum
What kind of patent did Ermal Fraze get in 1963 ?,enty
What are you hearing when you put a seashell to your ear ?,desc
Why are haunted houses popular ?,desc
Which gender has bigger thighs ?,enty
What U.S. state has the second-longest coastline ?,loc
What state 's home to the Buffalo Bill Historical Center ?,loc
How fast do cheetahs run ?,num
What is Ray Bradbury 's illustrated man illustrated with ?,enty
How fast is a 45Mhz processor ?,num
"What kind of puzzle first appeared in the U.S. in the New York World on December 21 , 1913 ?",enty
What count did Alexandre Dumas write about ?,hum
What are the odds of giving birth to twins ?,num
What is the largest natural lake in Pennsylvania ?,loc
How far is London UK from California ?,num
Name the two mystical ravens Odin has at his command .,enty
What was the species of Winnie the Pooh ?,enty
What is the virus HIV ?,desc
How many years old is Benny Carter ?,num
What Hermann Hesse book gave its name to a rock group ?,enty
Where does the Santa Fe Trail begin and end ?,loc
What book is the follow-up to Future Shock ?,enty
What African animals are known as The Big Five ?,enty
What is the alphabet for Latin ?,enty
What is the fear of frogs ?,enty
Which city in Canada is the least-populated ?,loc
How old is Stevie Wonder ?,num
Who was the first Taiwanese President ?,hum
Who is Luke Skywalker 's father ?,hum
What does a dipsomaniac crave ?,enty
What is the definition of the term `` weapons system '' ?,desc
What are Christopher Marlowe 's and Shakespeare 's literary contributions to English literature ?,desc
What is Nero Wolfe 's favorite drink during office hours ?,enty
What is the first personal computer company ?,hum
What is the most efficient way to start a barbeque ?,enty
Why are there Braille things on the ATM machines that people drive through ?,desc
Where is the Isle of Man ?,loc
What book did Aaron Hass write ?,enty
What was the death toll at the eruption of Mount Pinatubo ?,num
When will the millennium officially begin ?,num
"Who created the comic strip , `` Garfield '' ?",hum
What is real time processing ?,desc
What do we call the imaginary line along the top of the Rocky Mountains ?,loc
What country 's capital is Lagos ?,loc
Where does Ray Bradbury 's Chronicles take place ?,loc
Who is the current prime minister and president of Russia ?,hum
Who established a Viking colony in Greenland about 985 ?,hum
What was the distinguishing mark on the `` Little Rascals '' dog ?,enty
"What is the latitude and longitude of El Paso , Texas ?",num
Where can I get information about cystic fibrosis ?,loc
Where did Honecker rule ?,loc
What is the theory of equivalence states ?,desc
What does a philatelist collect ?,enty
What is the life span of the average monkey ?,num
How many member states are in the UN ?,num
Who shot and killed himself while painting Wheatfield with Crows ?,hum
What will happen when sodium is put in water ?,desc
What 's the meaning of UOL ?,desc
What future President became Senate majority whip under Harry Truman ?,hum
Who was the architect of Central Park ?,hum
Which operating system runs on IBM-compatible machines ?,enty
What are the dimensions of an ice hockey goal ?,num
When was CNN 's first broadcast ?,num
What are the signs of a country going into a recession ?,enty
What is the circumorbital hematoma ?,desc
What African country is governed from Ouagadougou ?,loc
What hard-of hearing artist painted Sunflowers ?,hum
Who were the Yankee 's frequent enemies ?,hum
Who wrote Sons and Lovers ?,hum
What is the English translation for the word `` caliente '' ?,enty
What handicraft requires you to interlace your warp and weft ?,enty
How long does it take sunlight to reach Earth ?,num
How many milliseconds in a second ?,num
What Cherokee Indian gave his name to a tree ?,hum
When were camcorders introduced in Malaysia ?,num
What is the chance of conceiving quadruplets ?,num
Who was the star of Leave It to Beaver ?,hum
What countries have the largest armed forces in the world ?,loc
What was William F. Cody 's better-known name ?,hum
Who was Thucydides ?,hum
How is the element strontium purified ?,desc
Which of the following rock 'n roll stars has a `` star '' on Hollywood Boulevard ?,hum
What are tonsils for ?,desc
"What molecules include fluorine , sodium and magnesium ?",enty
What was the name of the ball game played by the mayans ?,enty
What was the sequel to The Moon 's Balloon ?,enty
What is the origin of the word ` posh ' ?,desc
How can anyone tell if a female had sexual intercourse ?,desc
How many states did Richard Nixon carry in 1972 ?,num
What basketball maneuver did Bert Loomis invent ?,enty
What is a good book to read for people who hate to read ?,enty
How many shillings more than 2 were there in a guinea ?,num
What does a tarantula eat ?,enty
What are the three secondary colors ?,enty
What does the name `` Sabrina '' mean ?,desc
Who took over as conductor of the Boston Pops after Arthur Fiedler 's long reign ?,hum
What were the trials called which followed World War II ?,enty
What is hebephrenia ?,desc
What Nazi leader killed himself in jail just before he was to be executed as a war criminal ?,hum
What famous events have happened on March 27 ?,enty
Which company claimed to be `` the world 's biggest toy store '' ?,hum
What brand number graces the black label of a bottle of Jack Daniel 's ?,num
What do I call the sons and daughters of my first cousins ?,enty
What were the causes of the Civil War ?,desc
What are Maid-Rites ?,desc
What city is terrorized by Dracula in The Night Stalker ?,loc
How can you prevent it ?,desc
What do the names Andrew and Christina mean ?,desc
What chocolate bar created by Frank Mars and his wife is often called a Milky Way with peanuts ?,enty
Who is the fastest guitarist ?,hum
What do camels store in their humps ?,enty
What is the name of the second space shuttle ?,enty
What is the best hospital for orthopedics in the country ?,loc
What is commonly considered the fifth sense ?,desc
What was another name for East Germany ?,enty
What 's the second-biggest-selling magazine in America ?,enty
Who betrayed Norway to the Nazis ?,hum
Who took the toys donated for the Doodyville Orphans ' Fund and kept them for himself ?,hum
What is a bourdon tube ?,desc
Who were the Picts ?,hum
"What do Caroll Baker , Tammy Grimes , Debbie Reynolds , and Judy Garland all have in common ?",desc
What is film noir ?,desc
Who is stationed at Camp Swampy in the comic strips ?,hum
In what year did China and the Republic of Korea establish diplomatic relations ?,num
What causes tuberculosis ?,desc
How tall is the giraffe ?,num
What actor dressed up as Santa Claus and had a once-a-year affair with actress Shelley Winters every Christmas for many years ?,hum
What animal was the heat-seeking missile called the Sidewinder named for ?,enty
How much of the nation 's children between the ages of two and eleven watch ` The Simpsons ' ?,num
What lake is Sheboygan on ?,loc
What are a baseball team 's firemen ?,desc
What is a fear of color ?,enty
What Nantucket shipwreck killed more divers exploring it than the 52 people it sank with ?,enty
What are the two largest birds on earth ?,enty
Name the four stories contained in Edith Wharton 's `` Old New York . '',enty
What is the largest lake in North America ?,loc
How many people died because of a smoking problem in 1997 ?,num
What is chronic constipation a symptom of ?,enty
Who wrote The Look of Love after viewing Ursula Andress ?,hum
What is the name of the American swimmer who won seven gold medals in the 1972 Olympics ?,hum
Who claims to have the greatest show on earth ?,hum
What is Head Start ?,desc
What Honeymooners actress did Television magazine name as 1953 's most promising star ?,hum
Why can 't women serve in the Navy on board submarines ?,desc
What did the Yalta Conference lead to ?,enty
What dog was dubbed The Mortgage Lifter ?,enty
What is saltpeter ?,desc
What 's the difference between J.D. and LL.M. ?,desc
What kind of organization is ` Last Chance for Animals ' ?,hum
What was the role of the Medieval Guild ?,hum
Silly putty was invented by whom ?,hum
What should the oven be set at for baking Peachy Oat Muffins ?,enty
Who invented the paper clip ?,hum
Whom did Lauren Bacall marry after her husband Humphrey Bogart died ?,hum
How many times in his 16-year National Basketball Associaton career was John Havlicek a member of the all-star team ?,num
What city or state do the most gay men live in ?,loc
Shea and Gould had an office in Los Angeles for how long before closing it ?,num
"What word occurs 46 , 227 times in the Bible ?",enty
How can you be happy ?,desc
How would someone go about becoming an organ donor ?,desc
"What year did Degas create the bronze sculpture , `` Fourth Position Front ? ''",num
What composer was awarded the Medal of Honor by Franklin D. Roosevelt ?,hum
How long after intercourse does it take to find out if you are pregnant ?,num
"Who created the Fantastic Four , Hulk , and Thor ?",hum
What is a fear of gravity ?,enty
Who is the composer of `` Canon in D Major '' ?,hum
What did n't Rocky Marciano do in his pro boxing career ?,desc
Who was the author of the novel `` Far From the Madding Crowd '' ?,hum
What is the definition of ` graphic details ' ?,desc
What was `` America 's recessed-filter cigarette '' ?,enty
What kind of dog is Scooby Doo ?,enty
What is the function of the appendix ?,desc
What department store heir is responsible for raising a three-ton safe from the underwater wreckage of the Andrea Doria ?,hum
Which sex is twice as likely to contract leprosy ?,enty
What was the first town to be chartered in Vermont ?,loc
What state has the longest Great Lakes shoreline ?,loc
What U.S. state ends with a G ?,loc
What is a Cartesian Diver ?,desc
What are the largest libraries in the US ?,loc
How many people live in the Falklands ?,num
Who was Camp David named for ?,hum
What document did President Andrew Johnson want a copy of placed under his head upon his burial ?,enty
Who portrayed `` the man without a face '' in the movie of the same name ?,hum
What happened in dogtown in 1899 to make that year remembered ?,desc
What wheel did Blaise Pascal invent in a search for perpetual motion ?,enty
How much money was the minimum wage in 1991 ?,num
In what year was the first patent for the pull-tab opener on cans obtained ?,num
What country boasts the most dams ?,loc
What is the regular price ?,num
What Metropolis landmark was first introduced in the Superman cartoons of the 1940 's ?,loc
How do you recognize anorexia ?,desc
What Mary Tyler Moore Show regular came into the world as Tadeus Wladyslaw Konopka ?,enty
In what city is the US Declaration of Independence located ?,loc
What is the largest variety of cactus ?,desc
Who won the first World Series ?,hum
Who is Samuel Pickering ?,hum
What was the business of the animated Sky Hawks ?,hum
Who was credited with saying : `` I never met a man I did n't like '' ?,hum
"What overalls are named for Dungri , a suburb of Bombay ?",enty
Why do rooftops give off steam after a big rainstorm ?,desc
What nationality was Jackson Pollock ?,loc
How much of the earth 's surface is permanently frozen ?,num
When was Queen Victoria born ?,num
How many people were executed for Abraham Lincoln 's assassination ?,num
What must a Las Vegas blackjack dealer do when he reaches 16 ?,desc
What is worth seeing in Reims ?,loc
What type of performer is Ileana Cotrubas ?,enty
When was Yemen reunified ?,num
What line of candy products included Super Skrunch and Peanut Butter Oompas ?,enty
Why did the Anglican church split from the Vatican ?,desc
What organization has a Security Council ?,hum
How would I find the price of different organs that have been donated ?,desc
What Mexican leader was shot dead in 1923 ?,hum
What is magnetar ?,desc
"What feud ended with a marriage in Kentucky on March 21 , 1891 ?",enty
What color is the stripe along each side of a Coho salmon ?,enty
What is the federal minimum wage ?,num
Mississippi is nicknamed what ?,enty
What are the unemployment statistics for the years 1965 and 1990 ?,num
Where is Santa Lucia ?,loc
What female painter produced primitives of rural New England life ?,hum
What are names of two old men who appear in the serial tv Muppets Show ?,hum
What war saw battles at Parrot 's Beak and Black Virgin ?,enty
What should you yell to hail a taxi in Madrid ?,desc
What is the horsepower of the shuttle boosters ?,num
What year did Apartheid start ?,num
Who created Big Ben ?,hum
What city is found in the city of OZ ?,loc
What ever happened to the once popular Yale Lock Company ?,desc
Name the Marvel team loosely based on DC 's Justice League of America ?,hum
What did a 16th-century Aztec athlete get for putting a rubber ball through a ring ?,enty
"What populous state covers 49 , 576 square miles ?",loc
What college football team did Knute Rockne build into a power ?,hum
In what state was there an 11 million gallon oil spill ?,loc
"When did Aldous Huxley write , `` Brave New World '' ?",num
What country did the ancient Romans refer to as Hibernia ?,loc
In what high-risk business venture did Jimmy the Greek bet and lose ?,hum
What do chefs call The Master Spice ?,enty
What is a Devo hat ?,desc
How long was the longest hiccup attack ?,num
What kind of weapons were used in Medieval warfare ?,enty
How many people live in Tokyo ?,num
What fruit-topped actress was known as The Brazilian Bombshell ?,hum
What are birds descendents of ?,enty
"When the Tutankhamun exhibit was on display in the U.S. , what moving company transported it ?",hum
Which Kevin Costner movie involves the Sioux Indians ?,enty
Who played the title role in My Favorite Martian ?,hum
How does a scientific calculator work ?,desc
What is a fear of fur ?,enty
Who invented the game Scrabble ?,hum
What part of their attire were `` pothooks '' to cowboys of the Old West ?,enty
Why do we have to go to school ?,desc
What is Toulmin logic ?,desc
A corgi is a kind of what ?,enty
What city in the U.S. experienced the most growth recently ?,loc
What is a dangling participle ?,desc
What Tokyo street glitters with famed department stores and nightclubs ?,loc
What was the average life expectancy during the Stone Age ?,num
"When Mighty Mouse was conceived , what was his original name ?",hum
What is the origin of the peace symbol ?,desc
What group starred in the movie Rock Around the Clock ?,hum
How many U.S. presidents were assassinated during Queen Victoria 's reign ?,num
When was the first flush toilet invented ?,num
What is Nathan Hamill 's role in the new Star Wars prequel ?,hum
How many disks does each player have in a four-handed game of Crokinole ?,num
What percentage of children between the ages of two and eleven watch ` The Simpsons ' ?,num
"How can I find a list of , fax and or email , addresses for human resource departments in Massachusetts ?",desc
How do I write to my Congressman ?,desc
How many years ago did Led Zeppelin release its last album ?,num
What is the term for a group of geese ?,enty
How many people was Randy Craft convicted of killing ?,num
What country are you in if you woo in the Wu dialect ?,loc
What do you call a Poker hand with five cards of the same suit ?,enty
What New York Yankee was known as The Iron Horse ?,hum
Who is considered The First Lady of the American Stage ?,hum
Who penned : `` Neither a borrower nor a lender be '' ?,hum
What is moxie ?,desc
What was the first Sam Spade novel ?,enty
What song did Patti Page set people dancing to in 1950 ?,enty
Who headed Hitler 's infamous Gestapo ?,hum
What South American city features the exclusive Copacabana Beach and Ipanema ?,loc
What German city do Italians call The Monaco of Bavaria ?,loc
"What island group contains Jersey , Guernsey , Sark and Herm ?",loc
What is a fear of strong light ?,enty
What is a person called that likes fire ?,hum
"Where was helium first discovered , hence its name ?",loc
Name a South African diamond producer ?,hum
Who made the musical plea Be True to Your School ?,hum
What French designer declared : `` The jean is the destructor ! It is a dictator ! It is destroying creativity. The jean must be stopped ! '' ?,hum
What season is the setting for Shakespeare 's Midsummer Night 's Dream ?,num
Name a band which was famous in the 1960 's .,hum
What comedian was banned from the Ed Sullivan Show for allegedly making an obscene gesture at the show 's host ?,hum
What country is the setting for Edgar Allan Poe 's The Pit and the Pendulum ?,loc
What Apollo 11 astronaut minded the store while Armstrong and Aldrin made history ?,hum
What is the current ticket fare from from Cairo to Barbados ?,num
What Good Little Witch is Casper 's girlfriend ?,hum
In which Tennessee Williams play is one of the characters killed and devoured by a mob of starving children ?,enty
"What was the nickname of Frederick I , Holy Roman Emperor and King of Germany ?",hum
What war did the Potsdam Conference follow ?,enty
What 's the most common non-contagious disease in the world ?,enty
"What month , date , and year did Charles I die ?",num
How many cubic feet of space does a gallon of water occupy ?,num
What is the hair style called that new military recruits receive ?,desc
What 's the world 's largest cathedral ?,loc
What effects do nitrates have on the environment ?,desc
What is Nitrox diving ?,desc
What three European countries begin with the letter A ?,loc
What happened in the Long March ?,desc
How can I find online spelling ?,desc
How many earthworms are in a single pasture ?,num
Who made Stonehenge ?,hum
What sport features snatches and clean jerks ?,enty
Who 's the founder and editor of The National Review ?,hum
In what year did they build the Berlin Wall ?,num
Who was the first governor of West Virginia ?,hum
What 's the world 's longest suspension bridge ?,loc
When will Jean Aeul publish her next book ?,num
"What famous soldier was born in Europe , died in Asia , and was laid to rest in Africa ?",hum
"When it 's time to relax , what one beer stands clear ?",enty
What culture developed the idea of potlatch ?,hum
What baseball team became the Minnesota Twins ?,hum
What kind of guitar did Jimi Hendrix play ?,enty
What were the first three cities to have a population of more than a million ?,loc
What constellation contains the twins Castor and Pollux ?,loc
What is a gas release event ?,desc
What James Michener book is subtitled Spanish Travels and Reflections ?,enty
What famed London criminal court was once a feudal castle ?,loc
How many milligrams are in a gram ?,num
What stringed weapon fires a bolt ?,enty
Where did he get the title ?,loc
Where can I find a large list of 5 to 6 letter words ?,loc
What is Michael Jackson 's middle name ?,hum
Who was the first woman to fly solo across the Atlantic ?,hum
What does `` Semper Fidelis '' mean ?,desc
What kind of suit did true hepcats wear in 1942 ?,enty
Where does Mother Angelica live ?,loc
How can I find out my Moon sign ?,desc
Musician Ray Charles plays what instrument ?,enty
What were the three prophecies the witches make to Macbeth ?,desc
What 's the population of Mississippi ?,num
Who started the Dominos Pizza chain ?,hum
In what film did Steven Spielberg 's dog star as the main character 's dog ?,enty
What are all the different kinds of contraceptives ?,enty
How old is Jeremy Piven ?,num
What is the history of yo-yos ?,desc
Which NBA players had jersey number 0 ?,hum
What chocolate company gives you a one-pound kiss ?,hum
What fossilizes to form coprolite ?,enty
How many colored squares are there on a Rubik 's Cube ?,num
Where is the Mayo Clinic ?,loc
What Caribbean island is sometimes called Little England ?,loc
Where is Amsterdam ?,loc
Where can I find the lyrics for the song ` Getting Married Today ' from the musical ` Company ' ?,loc
What 's another word that means `` knows all '' ?,enty
"Who is the famous movie star who also acted as sewer commissioner of Provo Canyon , Utah ?",hum
What Australian city became the home of the America 's Cup ?,loc
Aspartame is known by what other name ?,enty
What is pasta ?,desc
Name Randy Craft 's lawyer .,hum
What color is `` ash '' ?,enty
What is the best distance education university or college ?,hum
What river does the Grand Coulee Dam dam ?,loc
How often are quadruplets born ?,num
How does psorisis disappear ?,desc
How many presidents have died on the 4th of July ?,num
What 's the mystery of the Bermuda Triangle ?,desc
What are the seven wonders of the world ?,enty
What is a person called that likes fire ?,hum
Who portrayed Vincent Van Gogh in Lust for Life ?,hum
What constitutes an adult ?,enty
What is a reliable site that I can download Heretic 2 ?,loc
What is a neurosurgeon ?,desc
"What baseball outcome required nine balls in 1879 , eight balls in 1880 and seven balls in 1881 ?",enty
What are amaretto biscuits ?,desc
What common ailment can 't you catch at the North Pole ?,enty
What season begins with the vernal equinox ?,num
Who was known as the Time Master in comic books ?,hum
What was the name of Roy Rogers 's dog ?,enty
What TV series changed the names to protect the innocent ?,enty
Where did cable cars first roll down Clay Street in 1873 ?,loc
What is George Lucas 's e-mail address ?,loc
How do I give a good massage ?,desc
Who is the father of the computer ?,hum
What is the origin of `` jiggy '' as in getting jiggy with it ?,desc
What is the origin of a.m. and p.m. ?,desc
What is the definition of cosmology ?,desc
What is the name of the dog on the Cracker Jack box ?,enty
What are manifest and latent function theories ?,desc
What William Styron book is about a black preacher who leads a slave revolt ?,enty
What is the chemical symbol for nitrogen ?,enty
Who said : `` Old soldiers never die ; they just fade away '' ?,hum
What National League baseball team employed 72 third baseemen in its first 2 seasons ?,hum
What are snowballs to a hot-rodder ?,desc
How long were Tyrannosaurus Rex 's teeth ?,num
What is the origin of the word Ozymandias ?,desc
Who 's the only man to have won the Olympic decathlon twice ?,hum
What Kenyan city is the safari center for East Africa ?,loc
Why do men snore ?,desc
What is the name of Miss India 1994 ?,hum
What four U.S. states have active volcanoes ?,loc
What 's the setting of John Le Carre 's A Small Town in Germany ?,desc
What does an echidna look like ?,desc
What is the secret of the universe ?,desc
Who was the second man to walk on the moon ?,hum
What major Victorian novelist spent as much time working for the post office as he did writing ?,hum
What caused an adjournment of the 25th anniversary session of the United Nations General Assembly ?,desc
The major league baseball team in Pittsburgh is called what ?,hum
What is the name of the Islamic counterpart to the Red Cross ?,enty
What year were the Olympic Games played in where Nadia Comaneci became popular ?,num
What is glass made of ?,enty
How did Lee Harvey Oswald purchase his rifle ?,desc
How do I sing like Elvis Presley ?,desc
What are the biggest Indian airports ?,loc
"What are the world 's three largest oceans , in order of size ?",loc
Who is the Pope ?,hum
What do the French call La Manche ?,enty
What 's an easy way to count the approximate number of fish in a lake ?,enty
How do you clean up a cache ?,desc
What was the name of Aristotle Onassis 's yacht ?,enty
What is a fear of being dirty ?,enty
What animal occurs in Spielberg 's `` Jaws '' ?,enty
What 's the Red Planet ?,desc
The Shea & Gould law firm had an office in L.A. for how many years ?,num
What 's the most common surname in America ?,hum
How long does it take the typical American to eat 23 quarts of ice cream ?,num
What is the difference between a fruit and a vegetable ?,desc
What kind of tree graces Lebanon 's flag ?,enty
What is tumbled marble ?,desc
What are the various ways in which one can measure IT User Satisfaction Level ?,enty
What city is sometimes called The Athens of Switzerland ?,loc
Where did bocci originate ?,loc
How does light travel through the void of space if there is no medium for it to ` wave ' or ` pulse ' .,desc
What are the Valdez Principles ?,desc
How can I easily remove red wine stains from t-shirts ?,desc
How do you write MLA style bibliographies for an Internet source ?,desc
Who is Imam Hussain Ben Ali whom Shia people believe in ?,hum
What is the origin of the word assassinate ?,desc
"Where can I find information about Bob Barr , representative from Georgia ?",loc
What is the frequency of VHF ?,num
What are the Arabic Numerals from 1 to 10 ?,desc
How many electoral votes does it take to win presidency ?,num
What is digitalis ?,desc
What kind of flowers does detective Nero Wolfe raise ?,enty
What was paper made of in the late 16th century ?,enty
Who was William Henry Harrison ?,hum
What was the outcome of the 1945 Yalta Conference ?,desc
What is `` flintknapping '' ?,desc
What 's the most popular contact lens color ?,enty
What were the cities of Dickens 's A Tale of Two Cities ?,loc
What causes canker sores in the mouth ?,desc
In what year was the movie the Ten Commandments released ?,num
What is the fastest fish in the world ?,enty
What color are the castellated walls of the Kremlin ?,enty
What is celebrated during the week of February 21-27 ?,enty
What is damage to business and government caused by bureaucracy ?,enty
What countries have the best math students ?,loc
When was the De Beers company founded ?,num
What was a California prayer book to an Old West gambler ?,enty
Who was the first black performer to have his own network TV show ?,hum
What 's another name for aspartame ?,enty
"What creature is the absolute fastest in moving in the world , birds , mammals , etc. , ?",enty
What is the date of Bastille Day ?,num
What 's the proud claim to fame of the young women who formed Kappa Alpha Theta ?,desc
Which two products use a tiger as their symbol ?,enty
"Where did Freidreich Wilhelm Ludwig Leichhardt , Prussian born explorer , go to school ?",loc
What color eyes are most sensitive to light ?,enty
How much folic acid should an expectant mother get daily ?,num
What company uses the unfamiliar faces of its celebrity spokespeople to promote the use of its product ?,hum
What disease does Katharine Hepburn have that makes her voice shake ?,enty
"What did FCC chairman Newton Minow declare TV to be on May 9 , 1961 ?",desc
How much caffeine is in a 16 oz cup of coffee ?,num
What two countries in South America are landlocked ?,loc
What does Tiffany mean ?,desc
Why do magnets attract ?,desc
How do you address a Chinese person ?,desc
What is the meaning of thalassemia ?,desc
What is Columbia Tristar 's phone number ?,num
How do I impress a guy ?,desc
What does the method called `` cold fusion '' create ?,enty
When did Princess Diana and Prince Charles get married ?,num
What determines the value of the pearl ?,enty
Which country did Hitler rule ?,loc
"What was the name of the American ship sunk by a mine in Havana harbor , causing the Spanish-American war ?",enty
Who directed The Wild Bunch ?,hum
What are emblazoned on the Jolly Roger ?,enty
The Orange Bowl is in what city ?,loc
What are the alveoli ?,desc
What comedian was born Allen Stewart Konigsberg ?,hum
How many Leos have been Pope ?,num
What state was Herbert Hoover born in ?,loc
"What TV series featured Neal , a martini-drinking St. Bernard ?",enty
What developed a crack in 1835 while tolling the death of U.S. Chief Justice John Marshall ?,enty
How many fiddlers did Old King Cole have ?,num
"What poet wrote : `` ... I have promises to keep , and miles to go before I sleep '' ?",hum
What is ethylene ?,desc
What Irwin Allen bomb has Richard Widmark saying he 'll be `` the first officer in history to get his butt kicked by a mess of bugs ! '' ?,enty
What is a fear of clouds ?,enty
What is the music used in the new VW Beetle commercial where the car spins and changes colors ?,enty
What is the population in India ?,num
What is the origin of the word `` pallbearer ? '',desc
How long do flies live ?,num
Why is Microsoft 's Windows 3 software so successful ?,desc
Who runs Andy Capp 's favorite pub ?,hum
What state produces the best lobster to eat ?,loc
How many times a day does the typical person go to the bathroom ?,num
What bowl game began as an East-West contest between Michigan and Stanford in 192 ?,enty
"What islands got their name from the Spanish baja mar , meaning shallow water ?",loc
What 's the official language of Algeria ?,enty
What took first prize in Omni magazine 's contest to find the `` ultimate unanswerable question '' ?,enty
How do I find a city if I have the area code ?,desc
What author of the Days of Our Lives Cookbook signed on in 198 as Liz Chandler in TV 's Days of Our Lives ?,hum
What foods contain the most protein ?,enty
What President was assassinated by Charles J. Guiteau ?,hum
What comic of TV 's golden age went by the motto `` Anything for a laugh '' ?,hum
How many feet long is a baseball pitcher 's rubber ?,num
What was the nationality of Jackson Pollock ?,loc
Who invented the game bowling ?,hum
What are the snakes of New England ?,enty
How many times larger than life size is the Statue of Liberty ?,num
What is the name of the country which Hitler ruled ?,loc
What group kidnaped Patricia Hearst ?,hum
How long does a human live ?,num
Where can I get U.S. economic statistics ?,loc
How many Superbowls have the ers won ?,num
What do you do when your mouse is n't working as fast as it 's supposed to ?,desc
What is a gandy dancer ?,desc
Who is the creator of `` The Muppets '' ?,hum
Which of the following celebrities started his show-biz career as a disc jockey ?,hum
What Triple Crown-winning horse took the 1973 Belmont Stakes by 31 lengths ?,enty
What is the dot on an the letter i called ?,enty
What 's the capital of Iowa ?,loc
Who asked you to do the Loco-Motion with her in 1962 ?,hum
What 's the rathaus in Frankfurt ?,desc
"What President served for five years , six months and 2 days ?",hum
What do you call the feeling of having experienced something before ?,enty
What incident caused the canning of a summit conference between Eisenhower and Khrushchev ?,desc
"What is a fear of odors , body , ?",enty
What is the formula to calculate pi ?,enty
What is the difference between a bachelor and a 1 bedroom apartment ?,desc
What is Drew Barrymore 's middle name ?,hum
How do you write a book report ?,desc
"What are Cobol , Fortran , and Pascal ?",desc
What is Supergirl 's secret identity ?,hum
"What is the US Federal Government website for Standard Industrial Classification codes , SIC , ?",loc
What court does Bob Woodward describe in The Brethren ?,hum
Who made the first surfboard ?,hum
What is the name of the police officer who tried to keep order in Top Cat 's neighborhood ?,hum
What are the highest-paying odds on a roulette table ?,num
In what year did the US Marine Corps adopt the motto `` Semper Fidelis '' ?,num
How many films did Ingmar Bergman make ?,num
What does a deltiologist collect ?,enty
What is Garry Kasparov famous for ?,desc
Who is the Greek God of the Sea ?,hum
What well-known music personality is the father of an adopted son named Hans Christian Henderson ?,hum
How do you measure the heat of the sun ?,desc
Why do some people have two different color eyes ?,desc
Which leg does a cat move with its left front leg when walking - its left rear or right rear leg ?,enty
When was the first Barbie produced ?,num
Who was the first woman governor of Wyoming ?,hum
How many more weeks of winter are there if a ground hog sees his shadow ?,num
What Green Bay Packers coach philosophized : `` There 's nothing that stokes the fire like hate '' ?,hum
Where is the Henry Ford Museum ?,loc
Name a film that has won the Golden Bear in the Berlin Film Festival ?,enty
What 's the International Lawn Tennis Challenge Trophy usually called ?,enty
What year did nylon stockings first go on sale ?,num
What is a research expedition in mountain climbing ?,enty
On which flight did Fawaz Younis commit air piracy and hostage taking ?,enty
What are the 10 largest cities in the US ?,loc
What is a wart ?,desc
What is spaceball played on ?,desc
How does rabies spread ?,desc
What famous comedian recently tried without success to revive the play ?,hum
What is Drew Barrymore 's email address ?,loc
How can you tell if someone is lying ?,desc
What is the difference between a preface and a foreword ?,desc
What are fingernails made of ?,enty
What nationality were the 123 people who died in the Black Hole of Calcutta ?,loc
What does storm wave mean in Japanese ?,desc
Why do they sterilize the needle for lethal injection ?,desc
What TV family sometimes buys eclairs from Nelson 's Bakery ?,hum
How can you get rust stains out of clothing ?,desc
How does a small businessman contact the Good Humor Ice Cream company to do business with them ?,desc
What enigmatic U.S. vice president was once tried and acquitted for treason in a plot to set up his own independent empire in the West ?,hum
Who was Charles Lindbergh 's wife ?,hum
Who sings Angel Eyes from the 80 's ?,hum
When did the Jurassic Period end ?,num
What is the one thing you need before you can purchase life insurance ?,enty
What caused the Titanic to sink ?,desc
What is the chemiosmotic theory ?,desc
What information can you tell me about actor James Cromwell ?,hum
How does an ion drive work ?,desc
How can I trace my family roots ?,desc
What is another word for diet ?,enty
What is a courier ?,desc
What Sinatra hit did he dooby dooby do in ?,enty
How do you get a girl to have sex with you ?,desc
What award is the `` Oscar '' of advertising ?,enty
What is the name of the planet that the Ewoks live on ?,loc
What ice creams contain seaweed ?,enty
What term means a sexual attraction between a male and a female ?,enty
What was called the world 's largest department store ?,hum
What sea surrounds the Cayman Islands ?,loc
How many different vegetation zones are there ?,num
What ocean was Amelia Earhart flying over when she disappeared ?,loc
What book does Holden Caulfield appear in ?,enty
What happens when lightning strikes a body of water ?,desc
What was the nickname of German flying ace Manfred von Richthofen ?,hum
What does e=mc2 mean ?,desc
What country other than Germany invaded Poland in September 1939 ?,loc
How do I contact answers.com ?,desc
What are the names of the different toes ?,enty
What are different products of petroleum ?,enty
What causes asthma ?,desc
When was the Bill of Rights ratified ?,num
"What do the number 1 , 2 , and 4 mean on Dr. Pepper bottles ?",desc
What is the largest U.S. state east of the Mississippi ?,loc
How can I find out how much it costs to raise a baby for six months ?,desc
"What 's the population of Biloxi , Mississippi ?",num
What vowel do all Esperanto nouns end in ?,enty
What California desert is dubbed High Desert ?,loc
"In the Miller Lite TV commercial , who is the creature ?",enty
Who wrote ` Hamlet ' ?,hum
How did the jack-o '-lantern get it 's name ?,desc
Why can 't ostriches fly ?,desc
Where do the Blackhawks maintain their operations ?,loc
Why are the rooftops in Canada green ?,desc
What African country was founded by freed American slaves in 1847 ?,loc
What year did the first issue of `` Playboy '' come out ?,num
The Orange Bowl is located in what city ?,loc
What is a fear of motion ?,enty
What pseudonym did William Sydney Porter use in writing The Gift of the Magi ?,hum
What is a fear of glass ?,enty
"In Waugh 's `` A Handful of Dust , '' what does the mad old man force the hero to do every afternoon ?",desc
What is the last name of Lucy and Linus from the Peanut 's comic strip ?,hum
What cheery fellow got the ZIP code 9971 from the U.S. Postal Service in 1963 ?,hum
How many layers does a bottle of Yoo-Hoo settle into ?,num
Name Pittsburgh 's baseball team .,hum
What 's the nearest star to Earth ?,loc
Where is Inoco based ?,loc
What does El Nino mean in spanish ?,enty
What does Choo Choo Charlie say ?,desc
How do I register a trade name in North Carolina ?,desc
What was the number of assassinations and attempts to assassinate in the U.S. since 1865 ?,num
How many stations do you shoot from in the basketball game `` Around the World '' ?,num
What is a Jake brake ?,desc
What sign is the best love match for a horoscope sign ?,enty
Who was the Russian ambassador to Hungary during the 1956 uprising ?,hum
Who holds the NFL record for most touchdowns in a season ?,hum
What cards are bullets ?,enty
What is the average age a horse lives ?,num
"What planet would you visit to see Bebrenia , Arcadia , and Amazonis ?",loc
Which language has the most words ?,enty
Where is Natick ?,loc
What J.R.R. Tolkien book features Gimli as a central character ?,enty
What brand of white rum is still made in Cuba ?,enty
Who is Shirley MacLaine ?,hum
What business exports the sparkling wine Spumante ?,hum
What is a fear of water ?,enty
What does the number 33 on the Rolling Rock beer bottle mean ?,desc
What is the origin of the city `` Corpus Christi '' ?,desc
Who wrote ` The Pines of Rome ' ?,hum
Where is the Valley of the Kings ?,loc
What was the first U.S.-based team in the NHL ?,hum
"Who played for the Chicago Bears , Houston Oilers and Oakland Raiders in a 26-year pro football career ?",hum
Where are the Union Stockyards ?,loc
Where does the weird shape of the dinner fish knife originate from ?,loc
How many children does Ray Davies of the Kinks have ?,num
How many years did Shea & Gould practice law in Los Angeles ?,num
What did Walter Huston remove to perform in the movie The Treasure of the Sierra Madre ?,enty
How much salt is in the oceans ?,num
Who leads the star ship Enterprise in Star Trek ?,hum
What animals acted as lapwarmers for American colonists in church ?,enty
Who won World War II ?,hum
Where does `` bovine '' come from ?,desc
"What country , after Canada and Mexico , is closest to the U.S. ?",loc
What is the weakest bone in the body ?,enty
What is dew point ?,desc
Who was Garrett Morgan married to ?,hum
What was the name of Darth Vader 's son ?,hum
How many stars are there in Big Dipper ?,num
How do you become a dentist ?,desc
Who is Ishmael in Moby Dick ?,hum
How many wings does a flea have ?,num
What country has been called The Queen of the Antilles ?,loc
What is the population of Mozambique ?,num
What is multimedia ?,desc
What state has the most Indians ?,loc
What is the difference between terry cloth and French terry ?,desc
How long is Camptown Racetrack ?,num
Name the two blob members of the animated Herculoids .,hum
Where did Luther display his `` Ninety-Five Theses '' ?,loc
What are `` inkhorn terms '' ?,desc
What is the difference between pop music and rock and roll ?,desc
What does hazmat stand for ?,desc
What is `` bloodhound '' ?,desc
"How many miles is it from London , England to Plymouth , England ?",num
What was Paul Bunyan 's ox 's name ?,enty
What trophy is awarded to the winners of the Super Bowl ?,enty
Where is Dartmouth College ?,loc
What well-known TV talk show host was a lay preacher by the time he was seventeen ?,hum
What are the environmental influences on plant genetics ?,desc
What one of the Backstreet Boys are single ?,hum
How many people was Randy Craft convicted of murdering ?,num
"What river flows through Vienna , Budapest and Belgrade ?",loc
What Civil War general wreaked havoc on the south by marching through Georgia on his way to the sea ?,hum
Who was the conservationist who served as spokesperson for Post Grape Nuts ?,hum
What is carpal tunnel syndrome ?,desc
Which area produces the least acidic coffee ?,loc
Why is it called `` hamburger '' if there is no ham in it ?,desc
What is the trademark of a Washington Redskin 's fan ?,enty
Why does cotton get caught in belly buttons ?,desc
What suburban housewife and mother of three wrote The Feminine Mystique ?,hum
How does a glacier form ?,desc
On which date is the Ukrainians ' Christmas ?,num
What is the largest city in the world ?,loc
What famed tennis tournament 's men 's singles title was Fred Perry the last Englishman to win ?,enty
Who was Whitcomb Judson ?,hum
What is the average weight for a man ?,num
"What country covers 8 , 600 , 387 square miles ?",loc
Name a canine cartoon character other than Huckleberry Hound to have a voice by Daws Butler .,hum
What does palindromic mean ?,desc
What baseball expression came from the nautical term for ships sailing between the Atlantic and Pacific before the Panama Canal ?,desc
In which state are the Mark Twain National Forests ?,loc
What is the oldest ethnological museum in the world ?,loc
How does Belle describe her life in Beauty and the Beast ?,desc
What color flies closest to the staff on Belgium 's flag ?,enty
"What is the smallest thing seen under the most powerful microscope , and how big is it ?",enty
Which ear can most people hear better with ?,enty
Where have the most dinosaur remains been found ?,loc
What letter appears on the cold-water tap in Spain ?,enty
How do you say `` Grandma '' in Irish ?,enty
Who shoplifts ?,hum
What is a camel hair brush actually made out of ?,enty
What is the Socratic method ?,desc
What island has a park called The Battery at is southern tip ?,loc
What is hypertext ?,desc
How much is Clara Peller being paid by Wendy 's to say `` Where 's the beef '' ?,num
Shea and Gould closed their Los Angeles office for what reason ?,desc
What Peter Blatty novel recounts the horrors of Regan MacNeil 's possession by the devil ?,enty
"What is the all-time stock high of Apple Computer , and where can I find this information ?",num
Why are lions called `` King of the Jungle '' ?,desc
What non-alcoholic syrup is made from pomegranate juice ?,enty
What meter was invented by C.C. Magee in 1935 ?,enty
When was Calypso music invented ?,num
What Caribbean island is northeast of Trinidad ?,loc
"What Michelangelo sculpture is in Saint Peter 's Cathedral , Basilica , ?",enty
What 's the difference and advantages of selecting a Super VHS VCR over plain VHS model ?,desc
How old is Bernadette Peters ?,num
Where can I find book reviews of `` Turbulent Souls '' ?,loc
What is Dick Clark 's birthday ?,num
When did Hitler come to power in Germany ?,num
When did Gothic art and architecture flourish ?,num
Which two inventors invented Post-its ?,hum
What day of the week was July 13 ?,num
Whose image is alleged to be on The Shroud of Turin ?,hum
What does Salk vaccine prevent ?,enty
What U.S. general was court-martialled for criticizing American air power ?,hum
What is a fear of insanity ?,enty
How do you convert foot-pounds to foot-inches ?,desc
Who said : `` The victor will never be asked if he told the truth '' ?,hum
Approximately how many students are enrolled at the University of Massachusetts ?,num
What do West Indian steel bands use as instruments ?,enty
Why did David Koresh ask the FBI for a word processor ?,desc
How many American soldiers have died for their country to date ?,num
What was the name of the U.S. 's first manned space program ?,enty
Who is Langston Hughes ?,hum
What were the achievements of Richard Nixon ?,enty
Where does the opera singer Ileana Cotrubas come from ?,loc
How do you do a bibliography with an unknown author ?,desc
Saddam Hussein was compared to whom by President Bush ?,hum
In what year did Thatcher gain power ?,num
"Who wrote the book , `` The Grinch Who Stole Christmas '' ?",hum
Where can I learn about Samuel Gompers ?,loc
What jockey won 17 Triple Crown races ?,hum
What U.S. state 's biggest lake is Lake Sam Rayburn ?,loc
What is Greek pita ?,desc
What do peacocks mate with ?,enty
Who seized power from Milton Obote in 1971 ?,hum
What state is Niagara Falls located in ?,loc
How hot does the inside of an active volcano get ?,num
What tools do you use to crewel ?,enty
What is narcolepsy ?,desc
What is the name of the American literary era that includes 1896 ?,enty
What 's the term for an organism that lives on or in another ?,enty
Where is the Orange Bowl ?,loc
What Scandinavian capital is built on nine bridge-connected islands ?,loc
What well-known actor is the father of star Alan Alda ?,hum
Where is the Smithsonian Institute located ?,loc
What does the name ` Alexandra ' mean ?,desc
What is the size of Argentina ?,num
What would you add to the clay mixture to produce bone china ?,enty
What is leukemia ?,desc
"What Stephen Sondheim ballad ends : `` Well , maybe next year.. . '' ?",enty
How does the tail affect the flight of a kite ?,desc
What date is Richard Nixon 's birthday ?,num
What film canine is buried in Pere-Lachaise cemetery in Paris ?,enty
What percent of world 's fresh water is found in Canada ?,num
CNN 's first broadcast occurred on what date ?,num
Why are the U.S. presidential elections held in November ?,desc
How many grooves are on a dime ?,num
What was Marilyn Monroe 's real name ?,hum
What number of American soldiers remain unaccounted from the Vietnam war ?,num
How does marijuana lead to other drugs ?,desc
What father and son won the Medal of Honor ?,hum
How many consecutive baseball games did Lou Gehrig play ?,num
Which high schools are included in the South Florida Ice Hockey league ?,hum
How many different types of skunks are there ?,num
Who is the Prophet of Medina ?,hum
What is the name of a Salt Lake City newspaper ?,enty
What year did Spielberg make `` Jaws '' ?,num
What 's the meaning of the zoological term ruminant ?,desc
What is the name of the woman who was with John Belushi when he died ?,hum
What is hyperopia ?,desc
What color Poker chip is usually assigned the lowest value ?,enty
What do most tourists visit in Reims ?,loc
In what book can I find the story of Aladdin ?,enty
What United States city produces the most oil ?,loc
How do you pronounce `` Tzimisce '' ?,desc
What 's the name of the Tokyo Stock Exchange ?,enty
What 's the percentage of children aged two through eleven who watch ` 'The Simpsons ' ?,num
"What TV show premiered on January 15 , 1981 ?",enty
What was the only country in the Western Hemisphere to join the Russian-led boycott of the 1984 Summer Olympics ?,loc
In what part of Africa is Mozambique located ?,loc
What is e-commerce ?,desc
"Whose funeral train traveled from Washington D.C. to Springfield , Illinois ?",hum
How did names come about ?,desc
"What 's the better-known identity of John Merrick , the noble ogre of Victorian England ?",hum
What is her husband 's name ?,hum
"What cigarette company urged us , `` Come to where the flavor is ? ''",hum
Which of the following did not receive a 1983 `` Outstanding Mother Award '' from the National Mother 's Day Committee ?,hum
What Dynasty star made her 2th Century-Fox debut in The Virgin Queen ?,hum
Where is Poe 's birthplace ?,loc
What actress holds the record for the most appearances on the cover of Life ?,hum
What was the first TV set to include a remote control ?,enty
"Name the company that used the line , `` Even your best friend won 't tell you '' in its ad ?",hum
What first-aid product `` Helps the hurt stop hurting '' ?,enty
How does ultraviolet light damage the DNA of skin cells ?,desc
What was the verdict in the trial of Lizzie Borden ?,desc
What U.S. President had brothers-in-law in the Confederate army ?,hum
Who is the Queen of Holland ?,hum
"What does the Greek word polis mean , as in Minneapolis ?",desc
Where can I find detailed information about Manchukuo ?,loc
What actor learned to play the saxophone and speak Russian for a role in a movie ?,hum
"Who says , `` If you don 't look good , we don 't look good '' ?",hum
Who was Secretary of State during the Nixon administration ?,hum
How much money does each player get at the beginning of the game in Monopoly ?,num
Where 's the GUM department store ?,loc
What is the literal meaning of `` D-DAY '' ?,desc
What state was named the Green Mountain state ?,loc
What carries sperm up into the pelvic region ?,enty
What year was the ATM first introduced ?,num
What are all the southern states of the United States ?,loc
Who is Johnny Carson ?,hum
What does 7847+5943 equal ?,num
What book is subtitled The Preservation of Favoured Races in the Struggle for Life ?,enty
Why do the chickenpoxs last so long ?,desc
What attorneys work for The Center for the Defense of Free Enterprise ?,hum
How did the U.S. come into the possession of an empire in the wake of the Spanish-American War ?,desc
What is Dick Clark 's date of birth ?,num
What does the name `` Sheri '' mean ?,desc
What is the only primate to lack pigment in the palms of its hands ?,enty
How many equal sides are there on a scalene triangle ?,num
Where did Bill Gates go to college ?,loc
What constellation is known as The Water Bearer ?,loc
What tale has the moral : `` He who wants everything gets nothing '' ?,enty
In which year was the cartoon character Chilly Willy created ?,num
What do Japanese school uniforms look like ?,desc
Name a Salt Lake City newspaper .,enty
Where can I find the history of the Taiwanese language ?,loc
How did people respond to the idea of the first millenium ?,desc
Which classical Spanish writer said `` All that glitters is not gold '' ?,hum
What is swap math ?,desc
What is hypnotherapy ?,desc
Which cats pursued Tweety Pie in his first cartoon appearance ?,enty
What is the biblical meaning of ` stones ' ?,desc
Which organization is the Security Council a part of ?,hum
When was the internal combustion engine developed ?,num
How can I find out my biorhythm ?,desc
Who painted `` Soft Self-Portrait with Grilled Bacon '' ?,hum
What company markets a shampoo `` for brunettes only '' ?,hum
What is a fear of touching ?,enty
What is the name of the largest water conservancy project in China ?,enty
Who killed Caesar ?,hum
Where is Kings Canyon ?,loc
What are the words to the song sung by `` Banana in Pajamas '' ?,desc
Why are organ transplants more successful today ?,desc
Which is the most-used computer program ?,enty
What is the root of all evil ?,desc
What animal has the best hearing ?,enty
What time does Wee Willie Winkie run through the town ?,num
What chapter of Gone with the Wind has Rhett Butler leaving Scarlett O 'Hara ?,num
What amount of money did the Philippine ex-dictator Marcos steal from the treasury ?,num
What film featured Shirley MacLaine as a prostitute and Jack Lemmon as a pimp ?,enty
What is a fear of drinking ?,enty
How many varieties of apple are there ?,num
Who is Count Cinzano ?,hum
Who 's won the most Oscars for costume design ?,hum
What Ernest Hemingway novel had the working title Fiesta ?,enty
What color of Monopoly properties are landed on most often ?,enty
Which Beatles disc cover honors the Rolling Stones ?,enty
Why does it snow ?,desc
What is the average life expectancy of a male in Ireland in 1996 ?,num
What is `` Vocal Sampling '' ?,desc
How do windmills work ?,desc
What ocean liner burned and sank in Hong Kong harbor ?,enty
What city is near the mouth of the Amazon ?,loc
"What U.S. vice-president once declared : `` If you 've seen one slum , you 've seen them all '' ?",hum
Who wrote The Red Badge of Courage ?,hum
What money was used by them ?,enty
"What color , s , appear on boxes of Kodak film ?",enty
Where did the Inuits live ?,loc
What is the origin of the word trigonometry ?,desc
What is Compaq 's mission statement ?,desc
What was the name of the 1899 policy forced on China by which all nations had equal trading rights ?,enty
What British monarch 's lap did P.T. Barnum 's Tom Thumb sit in ?,hum
How did Rocky Marciano die ?,desc
Who invented the road traffic cone ?,hum
What is the name of Joan Jett 's band ?,hum
Which of the following people is not associated with Andy Warhol ?,hum
What does Visine get out ?,enty
What civilization invented the arch ?,hum
"What are some fun things to do in Cozumel , Mexico for teenagers ?",desc
What is an example of a famous rock band from the sixties ?,hum
"What former royal palace has served as a granary , prison , arsenal , leper colony , mint , telegraph station and whorehouse before becoming an art museum ?",loc
"Where was `` I have fallen , and I can 't get up '' said first ?",loc
What president 's ghost is said to haunt the White House ?,hum
What are the names of Jack 's original roommates on Three 's Company ?,hum
What is the definition of hazmat ?,desc
How many URL extensions are there ? and what are they ?,num
Where did the Wright brothers make their first flight ?,loc
Who won the Battle of Gettysburg ?,hum
What do you get by mixing gin and vermouth ?,enty
Name the two youngsters saved by the animated Moby Dick .,hum
"Who was the captain of the tanker , Exxon Valdez , involved in the oil spill in Prince William Sound , Alaska , 1989 ?",hum
What is the snowiest city in the U.S. ?,loc
"What book opens : `` At a certain village in La Mancha , which I shall not name.. . '' ?",enty
Who is Stephen Hawking ?,hum
"How do you say , `` I love you '' in other languages ?",enty
What is The Gay Science ?,desc
Why is Jane Goodall famous ?,desc
What is the chemical reactivity of helium ?,num
The name of the actor who played the detective in the film Kindergarden Cop is what ?,hum
What is main reason for that electric vehicles can 't be popular nowadays ?,desc
What is the difference between optical and digital video ?,desc
What 's new in the postal world in 1999 ?,desc
What actor came to dinner in Guess Who 's Coming to Dinner ?,hum
What is the difference between the anus and the rectum ?,desc
What is the difference between college and graduate school ?,desc
How do I change a file from an ART file to a JPEG or Bitmap file ?,desc
What is Franz Kafka 's short story `` A Country Doctor '' trying to tell us ?,desc
What engineer invented the pull-tab can ?,hum
What South American capital is the world 's highest ?,loc
What are the lyrics to the Star Spangled Banner ?,desc
Name a civil war battlefield .,loc
What will a compass do in outer space ?,desc
How many counties are in Indiana ?,num
Which college did Dikembe Mutombo attend ?,hum
Who was the first actress to appear on a postage stamp ?,hum
Who was the first black woman to star in the Folies Bergeres ?,hum
What Aesop 's fable has the moral : `` The race is not always to the swift. Slow and steady is bound to win '' ?,enty
What famed strip of land is a 15-minute boat trip across the Venetian Lagoon from Venice ?,loc
How is water treated to make it safe to drink ?,desc
What is a hydrogen bond ?,desc
What is the exchange rate between England and the U.S. ?,num
What does a woman want ?,enty
What is the protection rate of using condoms ?,num
What Russian novel embracing more the 5 characters is set in the Napoleonic Wars ?,enty
How do I check if my modem is v.9 compatible ?,desc
"What is the longest chemical name , consisting of 35 letters ?",enty
How many corners does a spritsail have ?,num
What bottled-up TV character was born in Baghdad ?,hum
What is a multiplexer ?,desc
What credit card features a centurion on its face ?,enty
What are the four largest mountain ranges on the Asian continent ?,loc
What are the Poconos ?,desc
"What does caliente mean , in English ?",desc
What is Jane Goodall famous for ?,desc
What is the mission of Nike ?,enty
What is thalassemia ?,desc
How far can you see ?,num
"What nuclear-powered Russian submarine sank in the Norwegian Sea on April 7 , 1989 ?",enty
Why can 't you taste anything when you have a cold ?,desc
Where in the Bible does it tell about Jesus Christ 's brothers and sisters ?,loc
What country boasts the southernmost point in continental Europe ?,loc
What is so powerful about Power Bars ?,desc
What do the Japanese call Japan ?,enty
What country was Brian Boru an 11th-century king of ?,loc
What happens when a body part falls asleep ?,desc
What English word has the most letters ?,enty
What film ends with the line : `` This is Mrs. Norman Maine '' ?,enty
Who asked the musical question : `` Have you ever been to electric lady land ? '',hum
Who wrote : `` Poems are made by fools like me but only God can make a tree '' ?,hum
What is June 's birthstone ?,desc
Where did the 6th annual meeting of Indonesia-Malaysia forest experts take place ?,loc
Why do we ask for the `` check '' and not the bill at a restaurant ?,desc
"Who played the part of the Godfather in the movie , ` The Godfather ' ?",hum
When was London 's Docklands Light Railway constructed ?,num
Who invented the Wonderbra ?,hum
What is the origin of the proverb `` A stitch in time saves nine '' ?,desc
What state capital comes last alphabetically ?,loc
Why is Thanksgiving on a Thursday ?,desc
How do telephones work ?,desc
What 's the main vegetable in vichyssoise ?,enty
How long did the Charles Manson murder trial last ?,num
How long does it take for your blood to make one complete trip through the body ?,num
Who owns the St. Louis Rams ?,hum
Where is former Pro wrestler Johnny `` Rubber Man '' Walker ?,loc
"What beer tells us , `` Grab all the gusto you can get . '' ?",enty
What is the geographical center of the US including Alaska and Hawaii ?,loc
Which side of the face do most artists tend to show more of in self-portraits ?,enty
What is diabetes ?,desc
When do MORMONS believe Christ was born ?,num
In what year was actress Joan Collins born ?,num
What is a fear of punishment ?,enty
What is average salary of restaurant manager in United States ?,num
What comic strip sometimes features a mailman named Beasley ?,enty
What device provided a new way to listen to music in 1963 ?,enty
"What will a kid eat the middle of , and save the chocolate on the outside for last ?",enty
"On average , how long time does it take to type a screenplay ?",num
What 's a short ton ?,desc
How long do cardinal eggs incubate ?,num
What two body parts grow all your life ?,enty
What country has the port of Haifa ?,loc
What is the main ingredient of yogurt ?,enty
What is the recipe for Eggs Benedict ?,enty
"What is the address for the main government office in Rome , Italy ?",loc
What 's the largest U.S. agricultural crop by weight ?,enty
What is the electronic device used to produce visual displays corresponding to electric signals ?,enty
What is goldenseal ?,desc
Who made the most appearances in the center square on Hollywood Squares ?,hum
What is the chemical composition of a Barbie ?,enty
How many of every 10 members of the Rodeo Cowboys Association have never worked a ranch ?,num
What store claims to be the world 's largest department store ?,hum
What is the lens behind the iris in the eye called ?,enty
What is Tetrinet ?,desc
What `` marvelous '' major-league baseball player is now a spokesman for a beer company ?,hum
What is the longest English word that can be formed using just the first row of letters on a typewriter ?,enty
What is Chiricahua the name of ?,enty
What 's the green variety of beryl called ?,enty
What was the name of Captain Bligh 's ship ?,enty
Which is heavier - cream or milk ?,enty
Who said `` the only thing we have to fear is fear itself '' ?,hum
Where is Romania located ?,loc
How many films are made by the major studios in a year ?,num
How many small businesses are there in the U.S .,num
What age is Benny Carter ?,num
How do you clean an LCD monitor screen ?,desc
What city did the Mormons establish as their headquarters in 1847 ?,loc
What is amezaiku ?,desc
What two countries are linked by the Brenner Pass ?,loc
What new games are available for Nintendo 64 ?,enty
Mississippi has what name for a state nickname ?,loc
What is the predominant color of the Tab label ?,enty
What U.S. city was named for St. Francis of Assisi ?,loc
"How many megawatts will the power project in Indonesia , built by a consortium headed by Mission Energy of US , produce ?",num
What is the definition of `` chancery '' file in real estate ?,desc
Who is the sexiest women in the world ?,hum
What day is known as the `` national day of prayer '' ?,num
Where can I get a photograph of professor Randolph Quirk ?,loc
Who was the supreme god of Germanic religion ?,hum
How do you handle a hungry man ?,desc
Who 's played the most games for the New York Yankees ?,hum
"What TV character said ; `` One of these days , Alice , pow , right in the kisser '' ?",hum
What is the name of the Indian who became prime minister by beating Mrs. Gandhi in the 1977 election ?,hum
What are the conjugations of wake and woke ?,enty
What Chilean president was killed in a 1973 coup d 'etat ?,hum
What was Einstein 's IQ ?,num
Name the first Russian astronaut to do a spacewalk .,hum
What are John C. Calhoun and Henry Clay known as ?,enty
What are the first names of the famous husband-and-wife acting team of Lunt and Fontanne ?,hum
What are some good exercises for kids to do ?,enty
How many real fruit juices are there in a can of Hawaiian Punch ?,num
What is the principal river of Ireland ?,loc
What lake is the source of the White Nile ?,loc
Garry Kasparov plays what game ?,enty
How much does a poodle weigh ?,num
What is Zionism ?,desc
What cable network bills itself as `` the family entertainer '' ?,hum
How many points are there on a Backgammon board ?,num
What have you not let a tennis ball do if you volley ?,desc
Which comic book was not spawned directly from the pulp magazines ?,enty
"What product is for kids , and not for silly rabbits ?",enty
What else has the swastika stood for ?,desc
"Why do people get goosebumps when they have something emotional happen to them , like when they hear a beautiful piece of music , or see something beautiful , or get aroused by someone they love ?",desc
How many frames does a disk camera shoot ?,num
What are the 7 Wonders of the World ?,enty
When did Theo Rousseau paint the `` Forest of Fontaine '' ?,num
How many people have been Captain America ?,num
What is meant by the term `` yield to maturity '' in reference to bonds ?,desc
"What became the biggest cash crop in the U.S. in 1983 , surpassing corn ?",enty
How did the war of 1812 affect Delaware ?,desc
Where is the human skin least sensitive ?,enty
"What President was meant for , but never placed in , the empty crypt beneath the capital 's rotunda ?",hum
What is the biggest `` thing '' humans have made ?,enty
What are all the rivers in Europe ?,loc
Who won the Superbowl in ?,hum
In what year was Gandhi assassinated ?,num
What is the time it takes a typist to type a screenplay that is 100 pages long ?,num
What is the full classification of a lady bug ?,enty
What Hungarian cardinal was first a state prisoner and then a refugee in the U.S. embassy 1956-1971 ?,hum
How many pairs of wings does a tsetse fly have ?,num
What was the name of the peace agreement imposed on Germany after World War I ?,enty
What 's the fifth-largest country in the world ?,loc
How do you box train a cat ?,desc
How was Teddy Roosevelt related to FDR ?,desc
What newspaper serves Salt Lake City ?,enty
The film `` Jaws '' was made in what year ?,num
How does lightning travel ?,desc
What spice do chefs pay the most for ?,enty
Who directed Citizen Kane ?,hum
What is troilism ?,desc
What was the sister ship of the Olympic ?,enty
What is the nickname of the famous flyer who mistakenly flew to Ireland instead of to Los Angeles ?,hum
How do you identify prime numbers ?,desc
"Whose special bear 's creator was born on January 18 , 1779 ?",hum
What high school does Archie attend ?,hum
What animal migrates the farthest ?,enty
What film was based on the play Everybody Comes to Rick 's ?,enty
Why do we call someone `` honey '' ?,desc
Madonna hocks which soft drink ?,enty
What television network flogged its sports programming on Inga Nielsen 's body in 197 ?,hum
What 's the sequel to Alice 's Adventures in Wonderland ?,enty
What is the capital of Seattle ?,loc
What Italian leader had a lifelong fear of the evil eye ?,hum
What city in Florida is Sea World in ?,loc
Who said : `` What contemptible scoundrel stole the cork from my lunch ? '',hum
What 's a water funnel ?,desc
What is a Chinese `` spouting '' bowl ?,desc
What does an emperor do ?,desc
What president kissed the Queen Mother on the lips ?,hum
Where does the tennis star Stefan Edberg come from ?,loc
What continent pushes up the Executive Committee mountain range ?,loc
"What was Al Capone finally imprisoned for , in 1931 ?",desc
What food can I use to catch a possum ?,enty
What was Al Capone 's nickname ?,hum
Who was the author of the famous fairy tale `` Snow White and Seven Dwarfs '' ?,hum
What is the largest city in Germany ?,loc
What is a fear of cholera ?,enty
What park contains Firehole River and Fairy Falls ?,loc
What 's the largest island in the West Indies ?,loc
What New England state carries the telephone area code 27 ?,loc
What is an example of a natural acid-base indicator ?,enty
In what county is Eckley Colorado ?,loc
How do I find info about rice importers in the world ?,desc
"How much does it cost to have a tree planted by dialing , 900 , 740-TREE ?",num
What is the song Stairway to Heaven by Led Zeppelin about ?,desc
How does hair curl ?,desc
What are pushed and coupled in hump yards ?,enty
How long do hermit crabs live ?,num
What city hosted the first Winter Olympics in Asia ?,loc
What is the origin of the first name ` Breony ' ?,desc
What month were you born in if your birthstone is sardonyx ?,num
Who is behind the name of the Harvey Wallbanger drink ?,hum
What is the origin of `` Beauty is in the eye of the beholder '' ?,desc
"What soft drink not only has its own video game , but was featured in its own Marvel comic book ?",enty
What oldtime kids ' fare did TV Guide writer Jeff Greenfield call `` one of the most...subversive TV shows in American history '' ?,enty
Madonna advertises for what soft drink ?,enty
What tennis term is said to come from the French word for egg ?,enty
What does a collier mine ?,enty
How much money can a person be fined for having a dog on a beach ?,num
"What desert country borders Saudi Arabia , Iraq and the Persian Gulf ?",loc
What are the ages in comic book lingo ?,enty
What kinds of animals are in Cambodia ?,enty
What South African producer had a 1988 profit of $836 million ?,hum
What American actress was the first to be called a `` vamp '' ?,hum
What do the 12 days of Christmas mean ?,desc
"What John Steinbeck novel portrays the Joad family , driven from the Oklahoma dustbowl ?",enty
What date did man first land on the moon ?,num
Where are the headquarters of Eli Lilly ?,loc
How many web servers are there ?,num
What 's the last line of Dickens 's A Christmas Carol ?,desc
How many trees go into paper making in a year ?,num
Where can I find info on research being done on oilseeds thru genetics ?,loc
How come light bulbs go out ?,desc
For what reason did the Shea & Gould law firm close their L.A. office ?,desc
How far out is the universe ?,num
What is the difference between a bottle and a jar ?,desc
What disease is the second-biggest killer of North Americans ?,enty
Where did the Mayan Indians live ?,loc
Where was Poe born ?,loc
What happens to the female body with lack of sleep and food ?,desc
What is a fear of crystals or glass ?,enty
Name a product that controls the ripening of apples .,enty
How many warmup pitches does a reliever get coming into a baseball game ?,num
Where did Dylan Thomas die ?,loc
What common livestock have the greatest variety of breeds ?,enty
What film had Bette Davis creating a scandal by wearing a daring red gown to a society ball ?,enty
What disease did August von Wassermann develop a specific test for in 196 ?,enty
What card company sells Christmas ornaments ?,hum
How do I find out what cities are in a certain area code ?,desc
What can communications satellites offer yachts ?,enty
How many Fig Newtons are there to the pound ?,num
Who is the premier of China ?,hum
What cigar-chewing comedian observed : `` You 're only as old as the woman you feel '' ?,hum
How many bones are there in the human hand ?,num
What bread company used to feature stickers of the Cisco Kid on the ends of their packages ?,hum
Who was the president of Vichy France ?,hum
Whose kidnaping was termed The Crime of the Century ?,hum
What is hydrogen ?,desc
What group asked the musical question Do You Believe in Magic ?,hum
What was the tallest building in America in 1922 ?,loc
What buxom blonde appeared on the cover of more than 5 magazines ?,hum
What is recruitment interview technique ?,desc
How does a hurricane form ?,desc
What does the donation process entail ?,desc
How far is it from Phoenix to Blythe ?,num
What New Hampshire hamlet rises early to vote first in U.S. presidential elections ?,loc
How many people watch network television ?,num
"What garment was named for Bradley , Voorhees and Day ?",enty
Who first broke the sound barrier ?,hum
How do birds have sex ?,desc
How many horses are there on a polo team ?,num
What 's destroyed in Genesis 19 : 24 ?,enty
What new year is celebrated on February 16th ?,enty
What is Occam 's Razor ?,desc
Where do the Grimace and Mayor McCheese live ?,loc
How long does it take to hike the entire Appalachian Trail ?,num
What role do fruits play in the survival of plants ?,hum
Where is the world championship sled dog race held each February ?,loc
What are the medical purposes of `` clitoridectomy '' ?,desc
How is thalassemia defined ?,desc
What 's the name of the Tampa newspaper ?,enty
What is a storm surge ?,desc
How do you use `` farther '' as opposed to `` further '' ?,desc
What was the alternate to VHS ?,enty
What is one of the languages of the Sioux ?,enty
What Pulitzer Prize-winning novelist ran for mayor of New York City ?,hum
How many times can a nickel-cadmium rechargeable battery be recharged ?,num
How is cologne made ?,desc
What was the food of the Greek gods called ?,enty
How many seats does the Batmobile sport ?,num
How many cards are dealt to each player in Gin Rummy ?,num
What happened to Phillip Taylor Kramer ?,desc
What Erica Jong novel deals with Isadora Wing 's fear ?,enty
What time of year do most people fly ?,num
Who was Scrooge 's dead partner in Dickens 's A Christmas Carol ?,hum
What is the origin of the Christmas tree ?,desc
When is the Thai New Year ?,num
What 1964 film introduced the song My Kind of Town ?,enty
Who recorded the 1957 hit Tammy ?,hum
What is the term for the side of the mountain that faces the prevailing winds ?,enty
"In Kafka 's Metamorphosis , the hero awakes one morning to find himself turned into what ?",enty
What does caliente translate to in English ?,enty
Who is Mia Farrow 's mother ?,hum
How do you determine if a computer monitor has an SVGA adapter ?,desc
What time of year has the most air travel ?,num
When was the G7 group of nations formed ?,num
What are differences between 1980 and 1990 ?,desc
What baseball player was walked the most times ?,hum
What famous male vocalist has the same name as the composer of the opera Hansel and Gretel ?,hum
Why is Indiglo called Indiglo ?,desc
When did they canonize the Bible ?,num
Who was the only president to serve two nonconsecutive terms ?,hum
What percentage of all world tornados touch down in the US ?,num
What labor leader was last seen in the parking lot of a Michigan restaurant ?,hum
When did the Carolingian period begin ?,num
Who reports the weather on the `` Good Morning America '' television show ?,hum
How many emperors were there in the Roman Empire ?,num
What was the name of `` The Muppets '' creator ?,hum
What is Cabarnet Sauvignon ?,desc
What is a virtual IP address ?,desc
What 's the name of the tiger that advertises for Frosted Flakes cereal ?,enty
"Who sent the brief message `` I came , I saw , I conquered '' ?",hum
What color is Mr. Spock 's blood ?,enty
What U.S. Air Force general led the first bombing raid over Tokyo ?,hum
What U.S. vice-president said : `` Some newspapers dispose of their garbage by printing it '' ?,hum
"What was the name of the first Watergate special prosecutor , later fired by Nixon ?",hum
How do movie blues screens work ?,desc
How does the speed the magnet spins in a generator affect the output of the generator ?,desc
What 's the supreme policy-making bureau of the Soviet Communist Party ?,hum
What was the Vietnam War ?,desc
What is La Nina ?,desc
Why did the Globe Theatre burn down ?,desc
On what day were John F and Jackie Kennedy married ?,num
"What was the non-fiction best-seller of 1952 , 1953 and 1954 ?",enty
Who are the nomadic hunting and gathering tribe of the Kalahari Desert in Africa ?,hum
Who won a Pulitzer Prize for his novel The Caine Mutiny ?,hum
What 's the best way to lose the flab under your chin and around your face ?,enty
"What Broadway musical featured the song , `` If I were a rich man ? ''",enty
Who portrayed Sherlock Holmes in 14 films between 1939 and 1946 ?,hum
Why is the development of space so important ?,desc
What is the nursery rhyme Rock-a-by Baby about ?,desc
"When Superman needs to get away from it all , where does he go ?",loc
How old is singer Freedy Johnston ?,num
What is the origin of gametophytic tissue ?,desc
What does Aaron mean ?,desc
What is a fear of hair ?,enty
What is a conifer ?,desc
Who claimed to be the world 's most perfectly-developed man ?,hum
What is different about the red and black fox ?,desc
What is e-commerce ?,desc
How do I tie a tie ?,desc
Where can I get cotton textiles importer details ?,loc
When did Spain and Korea start ambassadorial relations ?,num
What kind of people took part in Shays ' Rebellion in Massachusetts in 1787 ?,hum
What is chromatology ?,desc
How many grooves are on a dime 's edge ?,num
How was the ACLU formed ?,desc
The second most popular sport worldwide is what ?,enty
What do goldfish lose if kept in dimly-lit or running water ?,enty
What canal does the Thatcher Ferry Bridge span ?,loc
What American won the world Grand Prix driving championship in 1978 ?,hum
What are the chances of pregnacy if the penis does not penetrate the vagina ?,num
What 's the highest hand in straight poker ?,enty
Where can I find a lesson plan for teaching the metric system conversion to American standard ?,loc
What is the name of Kevin Costner 's movie about Sioux Indians ?,enty
"What are Kythnos , Siphnos , Seriphos and Mykonos ?",desc
Name a female figure skater .,hum
Why are there no white lines on pro footballs ?,desc
How long would it take for a $ savings bond to mature ?,num
How is Abigail Arcane related to the villainous opponent of the Swamp Thing ?,desc
What did the Congress of Vienna establish ?,enty
What harmful chemicals are in bug spray ?,enty
How many spears are there on Kenya 's flag ?,num
What did Mighty Mouse always sing as he went into action ?,desc
Where did George of the Jungle live ?,loc
How did Bob Marley die ?,desc
What 's men 's par on a 455-yard golf hole ?,num
What percentage of American men are alcoholic ?,num
"Dialing , 900 , 740-TREE to have a tree planted will cost how much ?",num
"In South Korea , how many American Soldiers are there ?",num
Who portrayed Carl Bernstein in All the President 's Men ?,hum
What are the numbers that fit into Fermont 's last theorem ?,num
Who was Tiny Tim 's father ?,hum
What does a heliologist study ?,enty
Who was Bonnie Blue Butler 's father ?,hum
"What shampoo prevents eczema , seborrhea , and psoriasis ?",enty
How many Americans have HIV ?,num
Where do I find information for foreclosure properties on the Internet ?,loc
Who is the Antichrist ?,hum
Which Latin American country is the largest ?,loc
What was the former residence of Scottish kings in Edinburgh ?,loc
How many teats does a female goat sport ?,num
How tall is kilamanjaro ?,num
Who was the lawyer who represented Randy Steven Craft ?,hum
What country buys 25 percent of the world 's tea exports ?,loc
What country is the origin of the band the Creeps ?,loc
What did the crocodile swallow in Peter Pan ?,enty
What is the origin of the word `` mushroom '' ?,desc
Which of the following celebrities was not born in Philadelphia ?,hum
What is the number of American soldiers deployed to South Korea ?,num
Where is the biggest bell ?,loc
What is the brand name of the chemical daminozide ?,enty
How do microwaves work ?,desc
What magazine paid Ernest Hemingway $15 a word to write a bullfighting article ?,enty
What is the estimated total U.S. whitetail deer population ?,num
Who wrote the Farmer 's Almanac ?,hum
"What animal received royal assent as an emblem of Canada on March 24 , 1975 ?",enty
What number is at 12 o 'clock on a dartboard ?,num
Which team won the Super Bowl in 1968 ?,hum
What is the recommended daily requirement for folic acid for pregnant women ?,desc
What film dramatized the Scopes monkey trial ?,enty
CNN is owned by whom ?,hum
What country offered Albert Einstein its presidency in 1952 ?,loc
What is the HIGHEST Roman numeral ?,desc
"What TV series saw many of its aquatic scenes shot at Silver Springs , Florida ?",enty
Who was the 15th century fire-and-brimstone monk who gained control of Florence but ended burnt at the stake ?,hum
How is digital audio used ?,desc
Who was Quetzalcoatl ?,hum
What operating system do IBM-compatible machines use ?,enty
What French leader sold Louisiana to the United States ?,hum
"What bay sparkles next to Miami , Florida ?",loc
How many miles of veins are in the circulatory system ?,num
What famed river flows through Bagdad ?,loc
What is Java ?,desc
Who is the prime minister of Japan ?,hum
What player squats an average of 3 times during a baseball doubleheader ?,hum
What 's the most common name in nursery rhymes ?,hum
How many `` No '' answers was the What 's My Line ? panel allowed ?,num
What is the fine for having a dog on a beach ?,num
"Who wrote the book , `` Song of Solomon '' ?",hum
"Where can one find information on religion and health , the brain and nutrition ?",loc
Name the Ranger who was always after Yogi Bear .,hum
What TV show did John Sebastian sing the theme for ?,enty
Who is the president of the Spanish government ?,hum
Who holds the career record for the most major league home runs ?,hum
Which of the following actors worked in New York 's Yiddish Theater ?,hum
Who invented the stethoscope ?,hum
What is a mathematical factor ?,desc
How many four star generals were there and who are they ?,num
When did Nixon die ?,num
What was originally defined as one 1-millionth of the distance from the equator to the Pole ?,enty
What comedian hit the TV screen in 1951 with the NBC afternoon show Time for Ernie ?,hum
How many members are in the California congressional delegation ?,num
What erupts every hour at Yellowstone National Park ?,loc
What country contains the highest point in South America ?,loc
What are Arnold Palmer 's fans called ?,hum
Who retired with 755 home runs to his credit ?,hum
What constellation represents a hunter with club and shield ?,loc
Who developed potlatch ?,hum
How long did Shea and Gould practice law in Los Angeles ?,num
"What group included Abbey Hoffman , Jerry Rubin , and Tom Hayden ?",hum
What made Jane Goodall famous ?,desc
What Russian seaport has a name meaning `` Lord of the East '' ?,loc
Name the two actress daughters of John Mills .,hum
How old was Gene Siskel ?,num
What can be done about snoring ?,desc
What Rocky Mountain ridge separates North America 's eastward and westward-flowing rivers ?,loc
Who is the actress Bette Davis once said she wished she looked like ?,hum
Who portrayed The Cowardly Lion in The Wizard of Oz ?,hum
What does a chiropodist treat ?,enty
What is porphyria ?,desc
What gate opened on East and West Berlin ?,loc
Who was the first king of England ?,hum
What made the Finger Lakes in western New York state ?,desc
In what movie is the number nine found in the title ?,enty
How many calories are there in soy sauce ?,num
Who killed Kurt Cobain ?,hum
Who created the monster in Mary Shelley 's novel Frankenstein ?,hum
What 's the farthest planet from the sun ?,loc
Why does the sun shine only a short time in Alaska ?,desc
What chemical in red wine is good for the heart and what exactly does it do to your body ?,enty
How does blood clot ?,desc
How big is our galaxy in diameter ?,num
"What product `` doubles your pleasure , doubles your fun '' ?",enty
When is a woman most fertile ?,num
What son of a 15-year-old Mexican girl and a half-Irish father became the world 's most famous Greek ?,hum
Who was the first man to return to space ?,hum
What brand of jeans did Calvin Klein admit in a 1984 interview he felt more comfortable wearing ?,enty
Who gave Abbie Hoffman his first dose of LSD ?,hum
What effect does friction have on perpetual motion ?,desc
What did the Seven Dwarfs do for a living ?,hum
What 4-foot-9 actress in 1984 became the first performer to win an Oscar for playing a character of the opposite sex ?,hum
Who shot Billy the Kid ?,hum
What is he doing now ?,desc
What Mormon leader was said to have had 27 wives ?,hum
What video format was an alternative to VHS ?,enty
Where did the term `` 69 '' come from ?,desc
What is money made of ?,enty
What 's the name of a hotel in Indianapolis ?,loc
How many people in Tucson ?,num
Where is Melbourne ?,loc
With whom did Bush compare Saddam Hussein ?,hum
What country was Mikhail Gorbachev the leader of ?,loc
"What is the recommended weight of a 15 year-old male that is 5 , 6 ?",num
What pillar of the Dutch Renaissance painted Aristotle Contemplating the Bust of Homer ?,hum
What is the largest county in size in Massachusetts ?,loc
What is the name of the brilliant British economist behind its creation ?,hum
Who played Sally Rogers on The Dick Van Dyke Show ?,hum
What is it like to experience a near death episode ?,desc
How much is a Canadian 1967 twenty dollar gold coin worth ?,num
Why didn 't European colonial rule spread until after the first and second industrial revolutions ?,desc
What natural attractions draw the most visitors in the United States ?,loc
What presidential administration challenged Americans to explore The New Frontier ?,hum
How many years did Sleeping Beauty sleep ?,num
How long does it take for your body to restore blood after you donate your blood ?,num
How do I know someone is truly in love with me ?,desc
Which of many numbered vats of Scotch was judged best by a panel of experts in 1863 ?,enty
What is literary criticism ?,desc
How do you throw a housewarming party ?,desc
What international sport was originally called hurley ?,enty
What river runs through Liverpool ?,loc
What famous British actor lost his voice after an operation in 1966 ?,hum
What does the term 3 mean to a newspaper editor ?,desc
What company makes impulse hardening equipment ?,hum
What does Freddy Freeman say to become Captain Marvel Jr. ?,desc
What country was Hitler the chancellor of ?,loc
What is Rona Barrett 's married name ?,hum
How many years make up a lustrum ?,num
What are close encounters of the first and second kind ?,enty
Which glamorous actress is a close friend of Dick Tracy ?,hum
What 1956 Grace Metalious novel was on the best-seller list for two years ?,enty
Name the three races unleashed by the Celestials in Marvel comics .,hum
How old is the Italian artist Maurizio Pellegrin ?,num
"What President hit the jogging paths to enhance his athletic image and , sporting No. 39 , almost collapsed during the road race ?",hum
What is the distinction of Erle Stanley Gardner 's The Case of the Terrified Typist ?,desc
What North American city would you visit to see Cleopatra 's Needle ?,loc
When was the NFL established ?,num
Where can I find an Ask An Expert site ?,loc
What writer-journalist made his mark describing colorful Broadway and underworld characters ?,hum
What U.S. state has the lowest highest elevation at 6 feet ?,loc
What are the residents of the island of Lesbos called ?,hum
What is the organizational structure of the New Delhi Indira Gandhi airport ?,enty
"At Christmas time , what is the traditional thing to do under the mistletoe ?",enty
What baseball great plugged Mr. Coffee ?,hum
What international amateur sports spectacle was first telecast in 1956 ?,enty
What is the origin of the word `` amen '' ?,desc
Who 's baby was Sweet Pea on the Popeye cartoon ?,hum
Where is Mile High Stadium ?,loc
"What were Baffin , Frobisher and Franklin looking for ?",enty
What is limbo ?,desc
What city contains the district of Hell 's Kitchen ?,loc
What interesting method was used to run the credits in the early Popeye cartoons ?,enty
What are the stars made of ?,enty
"What English physician was born on January 18 , 1779 and went on to create two important inventions ?",hum
"Who did Arthur H. Bremer try to assassinate on May 15 , 1972 ?",hum
How fast must a spacecraft travel to escape Earth 's gravity ?,num
What apostle is Taylor Caldwell 's Great Lion of God ?,hum
How many rings are there on a five-zone archery target ?,num
"What anesthetic did Queen Victoria allow to be used for the birth of her seventh child , in 1853 ?",enty
"What element , from the Periodic Table , is a gas or a solid , but never a liquid ?",enty
What is a tonne ?,desc
Which one of the Great Lakes is entirely within U.S. territory ?,loc
What company sells the most greeting cards ?,hum
What U.S. state has sagebrush as its state flower ?,loc
What is the Bernoulli Principle ?,desc
What 's comic strip photographer Peter Parker 's secret identity ?,hum
What is difference between a poster and a print ?,desc
In which sport is there a `` scrum '' ?,enty
What are the best ways to improve employee morale at low cost ?,enty
What nationality is Pope John Paul II ?,loc
What is false consciousness ?,desc
How did the Great Depression affect Japan 's history ?,desc
Which side should a bowler facing a 37803 split hit the 3-pin on-the left or the right ?,enty
Where are some great educational resources for parents and teachers ?,loc
How many Israeli athletes were killed at the Munich Olympics ?,num
What is the Scotch `` for people who know the difference '' ?,enty
When was Richard Nixon born ?,num
What New York City landmark has 168 steps to its crown ?,loc
Where is the Bulls basketball team based ?,loc
What is the recomended age to switch a child from a crib to a bed ?,num
Which Rockefeller was sometimes called `` JDR3 '' ?,hum
When is the Sun closest to the Earth ?,num
What are some chemical properties of mendelevium ?,desc
What is the average hours per months spent online by AOL users ?,num
Whom did Friz Freleng add to the Warner Bros. cartoon ranks ?,hum
What is the origin of the word `` sideburns '' ?,desc
The trials resulting from World War II are known as what ?,enty
What started in 1849 when gold was discovered at Sutter 's Mill ?,enty
What is a First World country ?,desc
What 's the second-highest mountain in the world ?,loc
What country was Erich Honecker the leader of ?,loc
How does salt melt ice and snow ?,desc
"What two Japanese cities are spelled with the letters K , O , O , T and Y ?",loc
What does laser stand for ?,desc
Who taught Matt Murdock to use his extraordinary abilities in Marvel comics ?,hum
Where did Wile E. Coyote always get his devices ?,loc
How far away is the moon ?,num
What famous film and TV cowboy lent his name to a fast food chain ?,hum
What was the reason for the partition of the Anglican and Vatican churches ?,desc
What is Butterfield 8 in Butterfield 8 ?,desc
Who famously rode to warn the people of Massachusetts that the British were coming ?,hum
"Name a movie that the actress , Sandra Bullock , had a role in .",enty
"What blew up at Lakehurst , New Jersey , on May 6 , 1977 ?",enty
Who commanded the French forces at the Battle of Orleans ?,hum
Where can an individual get a contact lens tested that burned the entire surface of eye when new ?,loc
What countries does the Mont Blanc Tunnel join ?,loc
What ill-fated craft was captained by Ernst Lehmann ?,enty
When did Amtrak begin operations ?,num
How many bones are in the human hand ?,num
How many chemical elements are there ?,num
What eastern state sprouted the first commercial nuclear power plant in the U.S. ?,loc
What are the three most populated countries in the world ?,loc
Who led the opposition when Konrad Adenauer was Chancellor in Germany ?,hum
"What is the current population for these countries : France , Spain , Italy , Greece , Austria , Germany , Switzerland , the Netherlands ?",num
What is the youngest age a boy or girl can have an orgasm ?,num
What color is the lipstick on Boy George 's wax lips at London 's Madame Tussaud 's ?,enty
What is the origin of the candy cane at Christmas ?,desc
What is the brand name of a chemical used to control ripening ?,enty
Who turned all he touched to gold ?,hum
What is the medical term for cancer of the blood ?,enty
Who plays shortstop for Charlie Brown 's baseball team ?,hum
Who was the most famous food editor of The New York Times ?,hum
How many dogs pull a sled in the Iditarod ?,num
How long does cocaine stay in your system ?,num
What two countries fought the Hundred Years ' War ?,loc
Who was the last U.S. president to reinstate Selective Service registration ?,hum
"On which dates does the running of the bulls occur in Pamplona , Spain ?",num
What was the name of the lawyer who represented Randy Steven Craft ?,hum
What happens to used motor oil ?,desc
What is the most commonly used 1 letter word in the English language ?,enty
How did the 7th inning stretch get started ?,desc
Who lived on the shores of the Gitchee Gumee River ?,hum
What country will hit the year 2 first ?,loc
What colors make up a rainbow ?,enty
What war did Johnny Reb and Billy Yank fight ?,enty
Who is section manager for guidance and control systems at JPL ?,hum
What is Goldfinger 's first name ?,hum
What square is the geographical center of London ?,loc
Which of the following famous people does not paint as a hobby ?,hum
What is the most populated city in the world ?,loc
How many pitchers occupy the shelf beside the crouching woman in Edgar Degas 's 1886 painting The Tub ?,num
What is the cost of the drugs used in tuberculosis treatments ?,num
What famed gangland slaughter cut into the membership of Bugs Moran 's outfit ?,enty
Ray Charles is best known for playing what instrument ?,enty
Where did Victor Hugo spend his exile ?,loc
"What was Nine Tailors , the television show from 1974 , about ?",desc
How does the Elongated Man know a mystery is afoot ?,desc
What food of the three bears did Goldilocks eat ?,enty
What is Boston Kreme ?,desc
Who should I call to get a tour of the New York Stock Exchange ?,hum
How many airline schools are there in the U.S. ?,num
"What U.S. general died December 1 , 1945 , when his jeep collided with a truck ?",hum
What is a swatch ?,desc
What does Ouija mean ?,desc
How many major Nazi leaders went on trial after the war at Nuremberg ?,num
What kind of fish is a coney ?,enty
What state did Helen Keller call home ?,loc
What was the name of the director of the movie `` Jaws '' ?,hum
What were the first words spoken on a film sound track ?,desc
What year is etched on the Gold Medal of Excellence from the Paris Exposition depicted on a can of Campbell 's tomato soup ?,num
What country 's royal house is Bourbon-Parma ?,loc
What film was Jude Law in ?,enty
Who portrayed W.C. Fields in the film W.C. Fields and Me ?,hum
What were the ceremony traditions like during the Elizabethian times ?,enty
Which college did Dikembe Mutombo play basketball at ?,hum
What is a fear of going to bed ?,enty
Why does sound travel quicker through water than air ?,desc
How much money does the Sultan of Brunei have ?,num
What country would you visit to ski in the Dolomites ?,loc
What is the `` Global Economy '' ?,desc
Who built the first successful stern wheel steamboat ?,hum
What is a caul ?,desc
Who was the first doctor to successfully transplant a liver ?,hum
What does the theory of quantum leaps mean in simpler terms ?,desc
What is a bone marrow transplant ?,desc
What is the difference between a classical and an acoustic guitar ?,desc
What African capital is named for a U.S. president ?,loc
What is the name of a language spoken by the Sioux ?,enty
What does an edentulous smile lack ?,enty
What is a fear of jealousy ?,enty
Where can you find the Venus flytrap ?,loc
What is the largest sculpture in the world ?,enty
When was John D. Rockefeller born ?,num
What building built in 18 contains 327 miles of book shelves ?,loc
What William Makepeace Thackeray novel was made into a film by Stanley Kubrick ?,enty
Who was the lawyer for Randy Steven Craft ?,hum
How do hermit crabs reproduce ?,desc
Who is reputed to be the greatest maker of violins ?,hum
What future Soviet dictator was training to be a priest when he got turned on to Marxism ?,hum
How long does James Bond like his eggs boiled ?,num
Where is Belize located ?,loc
What 's the common name for a Japanese dwarf tree ?,enty
What did Thomas Paine write ?,enty
Who sued the Dannon yougurt company for using a character named Ron Raider for promotion ?,hum
Who was the first jockey to ride two Triple Crown winners ?,hum
What Lewis Carroll book introduced Humpty Dumpty to the world ?,enty
Who wrote Brave New World ?,hum
What state does Charles Robb represent ?,loc
What is hydroelectricity ?,desc
How many people are taller than 7 feet ?,num
Who wrote Unsafe at Any Speed ?,hum
How many islands make up Antigua ?,num
How does an abacus work ?,desc
What causes rust ?,desc
What is the fear of the computer called ?,enty
What is a technique popularly used to detect birth defects ?,enty
"What U.S. state boasts Stone Mountain , the world 's largest mass of exposed granite ?",loc
What British commander surrendered to George Washington at Yorktown in 1781 ?,hum
"What according to the Kinsey Institute , is the sexual preference of four percent of American males ?",desc
"Who created the World Wide Web , WWW ?",hum
What is the name of the president of Garmat U.S.A ?,hum
"What was the name of the television show , starring Karl Madsen , that had San Francisco in the title ?",enty
Who were leaders of the Byzantine empire ?,hum
Who was the first President to appoint a woman to head a cabinet ?,hum
What is splatterpunk ?,desc
What is the orgin of xoxoxox ?,desc
What southeast Asian country has the Wang River joining the Ping River at Tak ?,loc
"What Italian city of 155 were Leonardo da Vinci , Michaelangelo , and Machiavelli all working in ?",loc
What color tennis balls are used at Wimbledon ?,enty
What is a 2-sided object called ?,enty
Name a French fascist party .,hum
Name the French historical period during the reign of Napoleon III .,enty
What movie has made the most money ?,enty
What is time ?,desc
How many states have a lottery ?,num
"What is the name of the largest city in Chile , South America ?",loc
What are you caught in if a haboob blows up ?,enty
What ratio of children of ages between two and eleven watch ` The Simpsons ' ?,num
How many cities are there in Utah ?,num
What famous meat company went out of business because it became known that the underworld had been selling them kangaroo meat ?,hum
What is the population of Mexico ?,num
How do you get silly putty out of fabric ?,desc
Why is the word `` abbreviation '' so long ?,desc
What century did art 's Romantic Period begin in ?,num
How many spaces follow a period at the end of a sentence ?,num
What is a cake of soap ?,desc
In what year was the Berlin Wall erected ?,num
What is the weight of a teaspoon of matter in a black hole ?,num
What is the approximate weight of a teaspoon of matter in a black hole ?,num
On what avenue is the original Saks department store located ?,loc
Where does the song Anything Goes take place ?,loc
Where was the first zoo in the U.S. ?,loc
How far is Yaroslavl from Moscow ?,num
What is April 's gemstone ?,enty
What is the present Pope named ?,hum
Who is the nebbish that is Marvel 's official mascot ?,hum
What powdered soft drink mix went into space ?,enty
What did the Chinese emperor present to the English soldier Gordon in recognition of his services in quelling rebellions ?,enty
What is one of the languages spoken by the Sioux called ?,enty
How many bytes are in a terabyte ?,num
Who sang the song `` Hooked on a Feeling '' in the dancing baby episode of `` Ally Mcbeal '' ?,hum
In what ways did Ivan IV support Russian expansion ?,enty
Approximately how much does a teaspoon of matter weigh in a black hole ?,num
What country 's flag is field green ?,loc
What sport is known for hooligans ?,enty
"Who was the Columbia Pictures head who forged actor Cliff Robertson 's name on a $1 , 000 check ?",hum
Who was Damocles ?,hum
What sport was the first televised in the U.S. ?,enty
Name Dondi 's adoptive grandfather .,hum
When was the Congress of Vienna ?,num
What are the lyrics to `` Smelly Cat '' ?,desc
How much folic acid should a pregnant woman get each day ?,num
What year was the first automobile manufactured ?,num
How many colonies did Germany get to keep after World War I ?,num
How many states have a `` lemon law '' for new automobiles ?,num
Whose biography by Maurice Zolotow is titled Shooting Star ?,hum
What concerts are held in New York this week ?,enty
In the movie Groundshog Day what is the name of the character played by Andie MacDowell ?,hum
What are the requirements for becoming a citizen of Australia ?,desc
How old is Benny Carter ?,num
What are the top ten all-time money making NFL teams ?,hum
What were hairy bank notes in the fur trade ?,enty
Where can I read about Chiang Kai-shek ?,loc
What is idealab ! ?,desc
What country borders the most others ?,loc
"What river runs through Colorado , Kansas , and Oklahoma ?",loc
Which airplane did Fawaz Younis hijack ?,enty
What is Win Rah ?,desc
Why is the moon different sizes and colors ?,desc
"What college enlivens Hanover , New Hampshire ?",hum
Name a novel written by John Steinbeck .,enty
Who was the first American citizen awarded the Albert Medal of the Society of Arts ?,hum
"What are the shoe sizes of O 'Neal , Jordan , and Mutombo , the NBA players ?",num
Who founded the Unification Church ?,hum
How many zeros are there in a trillion ?,num
"What was the name of the Crimean meeting of Roosevelt , Churchill , and Stalin ?",enty
What are the only players eligible to score points in Roller Derby called ?,hum
What are the statistics for drunken drivers in Maryland ?,num
What ill-fated American general dragged a bull terrier named Willie through World War II ?,hum
What 's the score of a forfeited baseball game ?,num
Where does tuberculosis come from ?,loc
Who invented the lawnmower ?,hum
Where can I find lyrics for R&B ?,loc
What is the name of David Letterman 's dog ?,enty
What U.S. senator once played basketball for the New York Knicks ?,hum
What are the titles of some R-Rated Sony Playstation games ?,enty
What playing card symbolizes death ?,enty
What is an urban legend ?,desc
What is Li 'l Abner 's last name ?,hum
How many liberty bells have there been ?,num
What two countries are separated by the Bering Strait ?,loc
What is Smartnet ?,desc
What is a synonym for aspartame ?,enty
Jackson Pollock is of what nationality ?,loc
"What are vermicilli , rigati , zitoni , and tubetti ?",desc
"Name the product that is `` at your grocer 's , at your fingertips . ''",enty
"What architect originated the glass house designed the Chicago Federal Center had a philosophy of `` less is more , '' and produced plans that were the forerunner of the California ranch house ?",hum
How many Russians have landed on the moon ?,num
Which thrilled taste buds first - Snickers or 3 Musketeers ?,enty
What animal do buffalo wings come from ?,enty
What is the purpose of the SysRq key on my computer keyboard ?,desc
When was Franklin D. Roosevelt stricken with polio ?,num
How do you find out what is allowed to claim as a contibution for income tax purposes ?,desc
How do you build a solar car for a high school experiment ?,desc
Where on the Internet can I get chemicals importers ?,loc
What was the first country to put a second woman in space ?,loc
"What was the 24-disc John Gabel Entertainer the first example of , in 1960 ?",enty
What is the feudal system ?,desc
Who shared a New York City apartment with Roger Maris the year he hit 61 home runs ?,hum
What 's the geographic term for the submerged fringe of a continent ?,enty
"What prison is found in Ossining , New York ?",loc
What country has declared one-fifth of its territory off-limits to Russians ?,loc
What is the main application of sodium hydrosulfite ?,desc
Name the story by Chris Van Allsburg in the which a boy tries to become a great sailor ?,enty
What are the components of polyester ?,enty
What product features a frog that says `` dig 'em '' ?,enty
Who is the director of intergovernmental affairs for the San Diego county ?,hum
What Hall of Fame pitcher started three World Series Games for the New York Yankees in 1962 ?,hum
What is the longest river in the United States ?,loc
What does the channel ESPN stand for ?,abbr
What river is Windsor Castle on ?,loc
What is the best brand for a laptop computer ?,enty
"Where is Natchitoches , Louisiana ?",loc
What do pointed letters mean to a handwriting analyst ?,desc
What political party is Sinn Fein a part of ?,hum
What was Franklin Roosevelt 's program for economic recovery called during the Great Depression ?,enty
What 's the capital of Taiwan ?,loc
What did Englishman John Hawkins begin selling to New World colonists in 1562 ?,enty
What is the starting salary for beginning lawyers ?,num
What was the man 's name who was killed in a duel with Aaron Burr ?,hum
What did Louis Cartier invent for aviator Santos Dumont in 1940 ?,enty
What will the California gas tax be in the year 2000 ?,num
What city is served by Tempelhol Airport ?,loc
What is the origin of the name Igor ?,desc
What was the first Gilbert and Sullivan opera ?,enty
"What two historical figures , who fought each other in a famous battle , each have a food named after them ?",hum
Where in the United States do people live the longest ?,loc
What country in 1998 had the most suicides regardless of population size ?,loc
What is the price for tuberculosis drugs ?,num
What was the first minimum wage ?,num
What is the difference between a college and a university ?,desc
What substance did Joseph Priestley name for its ability to erase pencil marks ?,enty
What are the limits to `` self-defense ? '',desc
How can I get my product licensed by the NBA ?,desc
What fast food is prepared with a `` secret blend of 11 herbs and spices ? '',enty
What effect does a prism have on light ?,desc
What is software piracy ?,desc
What year was Janet Jackson 's first album released ?,num
How do you calculate the change in enthalpy of a chemical reaction ?,desc
Name of heroine in `` Scruples '' ?,hum
How many movies has Drew Barrymore been in ?,num
What TV character sired a horse named Thunder ?,hum
What are some children 's rights ?,desc
What is the name of the planet that the Ewoks live on ?,loc
What baseball player was known as Charley Hustle ?,hum
Who killed Lee Harvey Oswald ?,hum
What 's the symbol for the zodiacal sign Gemini ?,enty
Who was Red Grange ?,hum
What series of trials followed World War II ?,enty
What Ivy League school plays its home games at Palmer Stadium ?,hum
Who invented the fax machine ?,hum
How wide is the Atlantic Ocean ?,num
How is the element strontium purified ?,desc
What was the eighth day following the Nones in each month of the Roman calendar called ?,enty
Who wrote the poem that starts `` I love your lips when they 're wet with wine and red with a warm desire '' ?,hum
What singer 's theme song was When the Moon Comes over the Mountain ?,hum
How did Peabody and Sherman travel through time ?,desc
Who was Santos-Dumont ?,hum
How many meters are in a mile ?,num
What is a fear of money ?,enty
About how many soldiers died in World War II ?,num
Who thought he 'd never see a poem lovely as a tree ?,hum
Who created `` The Muppets '' ?,hum
How do you make dumplings ?,desc
"What celestial body has a diameter of 864 , 000 miles ?",loc
The operating system that runs on IBM-compatible machines is called what ?,enty
What was the Ventura County police department that seized the county 's largest amount of cocaine ever ?,hum
What is the name of the Family Circus 's dog ?,enty
What did Martin Luther post on the church door at Wittenberg ?,enty
What is the meaning of the name Kathryn ?,desc
Name one of the major gods of Hinduism .,hum
What country borders Denmark to the south ?,loc
What should you do for an ankle sprain ?,desc
What is the name of the vaccine for chicken pox ?,enty
What two US biochemists won the Nobel Prize in medicine in 1992 ?,hum
What record company was formed by Herb Alpert and Jerry Moss ?,hum
Where do you find the answers for all these questions ?,loc
What is thermal equilibrium ?,desc
"What is a term for behavior , appearance , or expression that violates the accepted standards of sexual morality ?",enty
What fast-food magnate 's initials graced the left sleeve of the San Diego Padres ' baseball uniforms in 1984 ?,hum
What is the origin of the typing practice sentence `` Now is the time for all good men to come to the aid of their country '' ?,desc
How many neurons are in the human brain ?,num
What is a fear of reptiles ?,enty
What does Knight Ridder publish ?,enty
What city is . KDGE Radio located in ?,loc
What can one see in Reims ?,enty
How is an executioner determined ?,desc
What city was Bobby Kennedy assassinated in ?,loc
What 's the highest possible bid in Contract Bridge ?,enty
What is the medical condition of hypertension ?,desc
What London museum features a Chamber of Horrors ?,loc
What city is served by McCarren Airport ?,loc
How many lakes are there on the Earth ?,num
What is Doegs ?,desc
Who else was considered for the role of Luke Skywalker when George Lucas was casting for Star Wars ?,hum
How long does a fly live ?,num
What two major world religions began in India ?,enty
How many pounds are there in a stone ?,num
What kind of poisoning is known as plumbism ?,enty
What is the greatest source of `` white '' magic in the Marvel Universe ?,enty
How do I find if my relatives were on the Trail of Tears ?,desc
How do you select wine ?,desc
Who was the king who signed the Magna Carta ?,hum
"How many miles is it from Frankfurt , Germany to Salzburg , Austria ?",num
How many chairs are shown in Vincent Van Gogh 's 188 work The Artist 's Room in Arles ?,num
What is a fear of stings ?,enty
Jude Law was in what movie ?,enty
What state on the Gulf of Mexico has its lowest point five feet below sea level ?,loc
Where can I find a case on Americans with Disabilities Act of 199 ?,loc
Who is the leader of India ?,hum
Who is the prophet that is most connected to the Dead Sea ?,hum
What are the chances of pregnacy if the penis does not penetrate the vagina ?,num
What is infomatics ?,desc
What is the purpose of BIOS ?,desc
Where is the Keck telescope ?,loc
What is the name of the kids ' show from Canadian Public TV with the singing pineapple ?,enty
"Where are the apartments in Saint John , New Brunswick ?",loc
Who wrote `` The Pit and the Pendulum '' ?,hum
What country did the Mau Mau Uprising take place in ?,loc
What are some good medical sites for information ?,loc
What does a resurrectionist steal ?,enty
Why did the Shea & Gould law firm leave Los Angeles ?,desc
What is the best art and design school in the world ?,hum
What two vegetables are combined in succotash ?,enty
Who is the Incredible Hulk in reality ?,hum
Which infectious disease kills the most people worldwide ?,enty
What month did the Edmund Fitzgerald sink ?,num
What manufacturers are there in Texas ?,hum
Who are the presidents of Mexico and Indonesia ?,hum
Who played Al Jolson in the Jolson Story ?,hum
What is a pig in a poke ?,desc
Where were the 196 Summer Olympics held ?,loc
Where is Los Vegas ?,loc
Name the country which Honecker lived in .,loc
What U.S. state are the Finger Lakes in ?,loc
What is a cullion ?,desc
What are the ten safest American cities for pedestrians ?,loc
What TV detective did Craig Stevens play ?,hum
What are the most common causes of death in the U.S. ?,desc
Where can I find a picture of a Blue Meanie ?,loc
What university fired Angela Davis ?,hum
What U.S. state does the Continental Divide leave to enter Canada ?,loc
In the past 8 years who have the MVP players for the NHL been ?,hum
"In AD 999 , what sort of celebrations , fears , were there ?",enty
Who played Emperor Palpatine in Star Wars ?,hum
What 's the name of the Wilkes plantation in Gone with the Wind ?,loc
"Why is the universe flat , if it started by an explosion , shouldn 't it be a sphere ?",desc
Where is the Statistical Abstract of the United States online ?,loc
What is barnstorming ?,desc
What 's the dumbest domesticated animal ?,enty
What was the importance of Magellan ?,desc
When was the Brandenburg Gate in Berlin built ?,num
"Whose husbands have included Conrad Hilton Jr. , and Michael Wilding ?",hum
Who is King in Alley Oop 's home of Moo ?,hum
What four tastes can a human distinguish ?,enty
What is `` the airline built for professional travelers '' ?,hum
What two vessels fought the first sea battle between iron-covered ships ?,enty
How much of the silver production is manufactured by independent silversmiths ?,num
What is the origin of the term `` buffalo wings '' that is used as a menu item in bars across the nation for chicken wings in a spicey sauce ?,desc
What date is Boxing Day ?,num
How many inches tall is Stuart Little at birth ?,num
What 1953 film won Frank Sinatra a best supporting actor Oscar ?,enty
How many Stradivarius violins were ever made ?,num
What type of childhood did Jules Verne have ?,desc
What is a leper ?,desc
What was Einstein 's birthplace ?,loc
What was George Washington afraid of ?,enty
What century 's the setting for TV 's The Adventures of Robin Hood ?,num
Who wrote the Bible ?,hum
What are the top 5 fiction books of all time ?,enty
What are the `` Star Wars '' satellites ?,desc
Who is Henry Butler ?,hum
What debts did Qintex group leave ?,num
"Which U.S. President is buried in Washington , D.C. ?",hum
What is the term for someone who hates mankind ?,enty
What did San Francisco 's Milt Harper grow that measured 24 inches from tip to tip in 1974 ?,enty
What college did Dikembe Mutombo play basketball for ?,hum
Where are the Austerlitz and Victor Hugo subway stops ?,loc
Where did Ty Cobb grow up ?,loc
What is a philanthropist ?,desc
What is a portal ?,desc
What Tom Wolfe book is about the Mercury astronauts ?,enty
What cooking oil has `` corn goodness '' ?,enty
"What is the per-capita income of Colombia , South America ?",num
How many types of cheese are there in France ?,num
How many `` eyes '' does a coconut have ?,num
How many websites are there in the world ?,num
What is the term that describes a word where only one usage has been recorded in all literature ?,enty
Who made the first airplane ?,hum
What measures did Clinton take to avoid the draft ?,enty
What are `` darning needles '' and `` horse stingers '' better known as ?,enty
How many points is a disk in the center hole worth in Crokinole ?,num
How do websites like Yahoo and Excite make money ?,desc
What general direction does the journey in Around the World in 80 Days proceed in ?,loc
How do they produce vitamins ?,desc
"The lawyer who represented Randy Craft , what was his name ?",hum
What do penguins eat ?,enty
What organization is the Security Council a part of ?,hum
What is New England 's highest mountain ?,loc
What TV station did Mary Richards work for ?,enty
What does idle mean ?,desc
"What was the claim to fame of the football game that saw Fordham defeat Waynesburg State 12601 on September 3 , 1939 ?",desc
What is a serigraph ?,desc
What football bowl game 's first queen was Hallie Woods ?,enty
Who was the first black to be head coach of a major league pro sports team ?,hum
"Who is John Macarthur , 1767-1834 ?",hum
What year did the War of 1812 begin ?,num
What racehorse won an Associated Press poll as the greatest horse of the 20th century ?,enty
"What are the words to the cd Eminem 's , or slim shady , `` My Name Is '' ?",desc
What does Final Four refer to in the sports world ?,enty
What medium is Stuart Hamblen the first singing cowboy in ?,enty
What is the meaning of `` subaru ? '',desc
How many verses are in the Bible ?,num
What is endometriosis ?,desc
What is a geoscientist ?,desc
What robust U.S. President imported his own instructor after seeing a judo match ?,hum
What are all the different types of pizza ?,enty
From what cause does tuberculosis stem ?,desc
In what nation is Edessa located nowadays ?,loc
Name a country that is developing a magnetic levitation railway system ?,loc
What government department did The Untouchables work for ?,hum
"What drink is made up of rum , coconut milk and pineapple ?",enty
What seven digits follow the area code in the number for long distance information ?,num
What was the player 's name who played nose tackle for the Eagles in Super Bowl XV ?,hum
Where is the largest dam in the world ?,loc
What did Andy Hardy 's father do for a living ?,hum
Independent silversmith 's account for what percentage of silver production ?,num
Why is hockey so violent ?,desc
In what part of the world is Mozambique ?,loc
What film opens with an assassin tumbling from the Seattle Space Needle ?,enty
Who created Maudie Frickett ?,hum
What is a leaky heart valve ?,desc
How can I give myself a French manicure ?,desc
Who was the first English circumnavigator of the globe ?,hum
What is the definition of the Scrabble word ` syzygy ' ?,desc
What is the salary of a U.S. Representative ?,num
Who made the largest cocaine seizure in Ventura County history ?,hum
What man-made waterways is 1.76 miles long ?,loc
Who liberated 19th century Sicily and Naples ?,hum
On what river is Strasbourg built ?,loc
"What 's the maximum length , in inches , of a first baseman 's glove ?",num
What country is located at 13 degrees North latitude and 10 degrees East longitude ?,loc
Where are the busiest ports in the world ?,loc
What is the pig population of the world ?,num
How does the car in `` Christine '' become possessed ?,desc
What city does McCarren Airport serve ?,loc
What is the most number of goals scored by a single team in an NHL hockey game ?,num
What are the Low Countries ?,desc
What rabbit got its name because its ears resembled those of a jackass ?,enty
Aspartame is also called what ?,enty
What is a fear of trees ?,enty
What actor has a tattoo on his right wrist reading Scotland Forever ?,hum
How many dollars a day did Arthur Frommer say you could get by on in Europe in 1968 ?,num
Who appointed the chair of the Federal Reserve ?,hum
Why do people shake hands to show friendliness ?,desc
"To get the most caffeine , what soda should I drink ?",enty
Why do they call it a `` funny bone '' ?,desc
"Where can I find up-to-date coastal ocean surface temperature information , preferably along North America and the Caribbean ?",loc
What exactly is radiation ?,desc
What are the two cities in Dicken 's `` A Tale of Two Cities '' ?,loc
Who is Samuel F. Pickering ?,hum
What English queen had six fingers on one hand ?,hum
What river runs through Liverpool ?,loc
What kind of nuts are used in marzipan ?,enty
When did Mount St. Helens last erupt ?,num
What does a polyorchid man have at least three of ?,enty
"What exactly , specifically does sleep do for you ?",desc
When was child labor abolished ?,num
How many three-letter permutations can be made from the four letters : c ?,num
What time of year is air travel the heaviest ?,num
What does a red flag mean in auto racing ?,desc
What 's the longest river in Canada ?,loc
What is osteichthyes ?,desc
What tennis player has the nickname `` Nasty '' ?,hum
How do you do a topic outline ?,desc
What non-conformist abstract painter was dubbed Jack The Dripper by Time ?,hum
How many millimeters are in a mile ?,num
How big is a baby bald eagle ?,num
What color is most often used to symbolize truth ?,enty
Stuart Hamblen is considered to be the first singing cowboy of what ?,enty
What was the Great Britain population from 1699-172 ?,num
How can a foreigner get a U.S. Social Security card ?,desc
What is the term for the sum of all genetic material in a given organism ?,enty
What is the best-selling television soundtrack of all time ?,enty
What mountain range marks the border of France and Spain ?,loc
"What late-night TV show features Larry , Bud , Melman and Toast on a Stick ?",enty
What is the fastest computer ?,enty
Who founded the modern theory of probability ?,hum
What 's the term for a limestone deposit rising from the floor of a cave ?,enty
How many people did Randy Craft murder ?,num
Who 's The King of Swing ?,hum
What does the term glory hole mean ?,desc
What South Vietnamese president was assassinated by his generals in 1963 ?,hum
What 's the staff of life mentioned in the Lord 's Prayer ?,desc
How old is too old for a child to not be talking ?,num
What ability has the silkworm moth lost through domestication ?,enty
What do you need to do to marry someone in jail ?,desc
How many tenths of the Earth 's surface lie under water ?,num
What is the Pennsylvania state income tax rate ?,num
How does marl form and what mineral does it contain ?,desc
Who spoke the only word in Mel Brooks 's Silent Movie ?,hum
What is a fear of sourness ?,enty
What was Thatcher 's first name ?,hum
What do insects do through their spiracles ?,desc
Name the fast food chain with the golden arches .,hum
What are the languages spoken by the natives in Afghanistan ?,enty
What was the rallying cry of the early American revolutionaries ?,desc
Who was the first Russian astronaut to walk in space ?,hum
What is the best selling computer model ever ?,enty
What is a fear of food ?,enty
Who wrote ` Dubliners ' ?,hum
What is the life expectancy of an elephant ?,num
What are the short- and long-term effects of underage drinking ?,desc
What 's the claim to fame of night watchman Frank Wills ?,desc
Name of King Arthur 's sword ?,enty
What 1981 Candice Bergen-Jacqueline Bisset movie was a remake of 1943 's Old Acquaintance ?,enty
Who is Malaysia 's 43rd prime minister ?,hum
Who founded the first aerodynamics laboratory in 1912 ?,hum
What is the fare cost for the round trip between New York and London on Concorde ?,num
What is a bone marrow transplant meant for ?,desc
What does the name Calder mean ?,desc
Who said `` Give me liberty or give me death '' ?,hum
What is the location of McCarren Airport ?,loc
What is the nickname of the Cleveland Indians ?,enty
What Frederick Forsyth novel chronicles the toppling of an African government by mercenaries ?,enty
"What makes Black Hills , South Dakota a tourist attraction ?",desc
What was the name of Baretta 's cockatoo ?,enty
By how much will the California state gas tax rise by the year 2000 ?,num
How long is the border between Canada and the 48 conterminous states ?,num
"What do you call a date that contains sequencing numbers , like 9-8-98 ?",enty
What color is the cross on Switzerland 's flag ?,enty
What is the largest island in the Mediterranean Sea ?,loc
What was Joe Namath 's first contract worth ?,num
Where is Rider College ?,loc
Where was chop suey invented ?,loc
How can I gain access to a spy satelite ?,desc
What is Archimedes famous for ?,desc
Where does dew come from ?,loc
How old was Lucille Ball when the show `` I Love Lucy '' premiered ?,num
What 's the most delicate-tasting member of the onion family ?,enty
"What landmark Italian restaurant can be found at 239 West 48th Street , New York City ?",loc
What do you call a book of quotes ?,enty
How many points is a bullseye worth in darts ?,num
What are some mythology websites ?,loc
What is cunnilingus ?,desc
Rotary engines were manufactured by which company ?,hum
"What 1942 espionage movie reunited director John Huston with Maltese Falconers Humphrey Bogart , Mary Astor , and Sidney Greenstreet ?",enty
What nationality is Ileana Cotrubas ?,loc
What is object-oriented design ?,desc
Why does a woman have to be a virgin to be a nun ?,desc
Who invented the pull-tab opener on cans ?,hum
What is the name of the deranged super-criminal Otto Octavius uses ?,hum
Whose acceptance speech of more than 3 minutes prompted a time limit on Academy Award thank-yous ?,hum
How much Coca Cola is drunk in one day in the world ?,num
Name the tree growing company .,hum
What is Dr. Seuss ' most popular book ?,enty
How does food color affect how you think it will taste ?,desc
Where did the world come from ?,loc
What does verdandi mean ?,desc
What island group is Guadalcanal a part of ?,loc
Who declared : `` I think I 'll go out and milk the elk '' ?,hum
What is the origin of `` barbeque '' ?,desc
How do you clean badly tarnished brass ?,desc
How many e-commerce companies are started every day ?,num
How can you define time ?,desc
What 's the only East european country not tied to the ruble ?,loc
What is Judy Garland 's date of birth ?,num
What is Shirley MacLaine known as ?,enty
How is plastic made ?,desc
"What are the 7 principles of learning from the Institute for Research on Learning , IRL ?",enty
What book was F. Scott Fitzgerald working on when he died in Hollywood in 194 ?,enty
How do ants have sex ?,desc
Which former Ku Klux Klan member won an elected office in the U.S. ?,hum
What is the length of border between the Ukraine and Russia ?,num
What joins white wine to put the spritz in a Spritzer ?,enty
What is a nematode ?,desc
What is the meaning of `` CPR '' ?,desc
What color are seven of every 10 houses in the U.S. ?,enty
What does a phobophobe fear ?,enty
What is capitalism according to Max Weber ?,desc
What country has the highest arson rate ?,loc
What color beans did the ancient Romans refuse to eat ?,enty
Who was the actor who played Sam in the movie Casablanca ?,hum
What city does Orly Airport serve ?,loc
Where did Woodstock take place ?,loc
What 's the most popular form of gambling with women in Las Vegas ?,enty
What task does the Bouvier breed of dog perform ?,hum
What is the average time to kiss somene ?,num
What are the top five oil-producing countries in the world ?,loc
What New Orleans D.A. claimed : `` My staff and I solved the assassination weeks ago '' ?,hum
Where can one find Rider College ?,loc
How much caffeine is in a 16 oz cup of coffee ?,num
Why do oceans contain salt water instead of fresh water ?,desc
What is Bella Abzug 's sartorial trademark ?,enty
"What was the real name of writer Ross Macdonald , creator of the hero Lew Archer ?",hum
"What spider makes a superb pet , even said to recognize its master ?",enty
What does the word affiant mean ?,desc
What vehicles are raced in the Tour de France ?,enty
How big is Australia ?,num
What does it take to be a hero ?,enty
How do they type Chinese characters on a keyboard ?,desc
What animal causes the biggest threat to humans ?,enty
What is a fear of ruin ?,enty
What countries have the most auto thefts ?,loc
Who makes chicken `` finger lickin '' good ?,hum
What director portrayed the commandant of the POW camp in 1953 's Stalag 17 ?,hum
What are the names of Jacques Cousteau 's two sons ?,hum
What British TV series inspired All in the Family ?,enty
What does the word terrorism mean ?,desc
Who accompanied Space Ghost on his missions ?,hum
What does N est-ce pas mean ?,desc
"Name the 5 words that use all of the letters in the alphabet , except Q , with no repeats .",enty
What is the origin of the word `` tampon '' ?,desc
What World War II leader declared : `` The blow has been struck '' ?,hum
How can I get a CCT diagram ?,desc
Who was Israel 's first prime minister ?,hum
What is the most popular sports car color ?,enty
What country boasts Ismail 's Palace and the Palace of King Farouk ?,loc
What Broadway show introduced the song Some Enchanted Evening ?,enty
What is a plant supplement ?,desc
Where could I go to take a ride on a steam locomotive ?,loc
What product did William Horlick discover and produce ?,enty
"When not adventuring on Rann , what does Adam Strange call his profession ?",hum
How do you do a bibliography page ?,desc
What occupation has the highest divorce rate ?,hum
What drink contains as many types of rum as possible ?,enty
Where is the Virtual Desk Reference ?,loc
What California governor said : `` Inaction may be the highest form of action '' ?,hum
What is an ecological niche ?,desc
Who is Desmond Tutu ?,hum
Who was the first person to study the stars ?,hum
Where did the term fireplug come from ?,desc
What facial feature did Walt Disney sport that none of Disney 's employees is allowed to ?,desc
"Who is the author of the book , `` The Iron Lady : A Biography of Margaret Thatcher '' ?",hum
What are the top 10 colleges in the United States in the field of engineering ?,hum
"How much would a black-and-white 1-cent stamp be worth , Thomas Jefferson on it ?",num
What is the probability that at least 2 out of 25 people will have the same birthday ?,num
Where is the bridge over the river Kwai ?,loc
How do vending machines tell if your dollar is a 1 or a 5 ?,desc
How many people did the United Nations commit to help restore order and distribute humanitarian relief in Somalia in September 1992 ?,num
How many elephants are left on earth ?,num
What is a softball made of ?,enty
What `` little red car '' is mentioned in pop singer Prince 's hit song ?,enty
Who did Doris Day mean when she said : `` I call him Ernie because he 's certainly no Rock '' ?,hum
What kind of species is the monster in the film `` Jaws '' ?,enty
When was the first practical commercial typewriter marketed ?,num
What is a drought ?,desc
"What Scandinavian country covers 173 , 732 square miles ?",loc
What is the best-selling book of all time ?,enty
"What do Hank Aaron , Jimmy Stewart , and Howard K. Smith have in common ?",desc
What are the first six words of Dickens 's A Tale of Two Cities ?,enty
How long would it take to get from Earth to Mars ?,num
Where can I get mailing lists ?,loc
What city boasts the Billingsgate fishmarket ?,loc
Who is the owner of CNN ?,hum
What country lies directly south of Detroit ?,loc
Where did surfing originate ?,loc
"Why was Henry Ford 's first automobile calleda Model T & his second type of automobile , introduced in 1928 , called a Model A ?",desc
How do companies cut paper so thin ?,desc
What is the tallest mountain ?,loc
What is `` the computer for the rest of us '' ?,desc
What nuclear process takes place in an H-bomb ?,desc
What 's the maximum number of clubs a golfer may use in a round ?,num
What card suit originally represented the peasant class ?,enty
What 's the Hungarian word for pepper ?,enty
What does the Peugeot company manufacture ?,enty
How many different countries export coffee ?,num
What is a fear of everything ?,enty
How many continents are there ?,num
Which mayonnaise refers to itself as `` real '' mayonnaise ?,enty
What is office automation ?,desc
What instrument does Benny Carter play ?,enty
What knighted actor narrates TV 's The World at War ?,hum
What eating utensils are used for handicapped kids ?,enty
What football coach 's story was told in the movie Run to Daylight ?,hum
What businesses in Alaska were affected by the Exxon Valdez oil spill ?,hum
What does Lloyd 's Lutine Bell announce ?,desc
Where did the Maya people live ?,loc
What do opposite faces of a die always add up to ?,enty
What was the name of Randy Craft 's lawyer ?,hum
What is `` cat scratch fever '' ?,desc
Kosovo is a province of what country ?,loc
What New England state covers 5.9 square miles ?,loc
What is the abbreviation for Original Equipment Manufacturer ?,abbr
Hitler came to power in Germany in what year ?,num
What did the ancients call the four great elements ?,enty
Where are the Haversian canals ?,loc
What animal 's tail is called a brush ?,enty
How many people die from tuberculosis each year ?,num
What were the names of the three ships used by Columbus ?,enty
Where can I find the status of my tax return ?,loc
What is the horsepower of the shuttle boosters ?,num
What is predicted to topple over between 2010 and 2020 ?,enty
How do wasps make their nests ?,desc
When was General Manuel Noriega ousted as the leader of Panama and turned over to U.S. authorities ?,num
How many years of bad luck follow breaking a mirror ?,num
What kind of crystals exist ?,enty
Which is the best opening move in chess ?,enty
What do ladybugs eat ?,enty
Who was Ezra Taft Benson ?,hum
What is the Taj Majal made of ?,enty
Where is the Kentucky Horse Park ?,loc
What Argentine boxer was shot dead outside a Nevada brothel in May ?,hum
What country boasts the most cars per mile of road ?,loc
How come a doughnut has a hole in it ?,desc
What happened to Pompeii ?,desc
What does a farrier put shoes on ?,enty
Name a Sioux language .,enty
What does saliva consist of ?,enty
What is Jimmy Olsen 's full name ?,hum
How many people have died of tuberculosis ?,num
What is another name for nearsightedness ?,enty
How many days does a typical mayfly live ?,num
"What famous New York City mayor wrote the hit song , `` Will You Love Me in December as You Do in May ? ''",hum
What Russian city used to be called St. Petersburg and Petrograd ?,loc
What is the definition of a witch ?,desc
What are the cookies in Internet ?,desc
How many votes in Congress dissented from the 1941 declaration of war with Japan ?,num
Who is Pia Zadora 's millionaire husband and mentor ?,hum
What U.S. President was the first to breed mules ?,hum
What is the difference between molecules and compounds ?,desc
What astronomer-architect designed the present St. Paul 's Cathedral in London ?,hum
What feminist wrote Sexual Politics and Flying ?,hum
Who was the first American world chess champion ?,hum
What is the zodiac sign for August 14 ?,enty
How long did the Paris Commune hold out for against the rest of France ?,num
What university football team did O.J. Simpson take to the Rose Bowl ?,hum
What color is Chablis ?,enty
What NFL team did Vince Lombardi end his coaching career with ?,hum
How much iron is in your body ?,num
What is the difference between fatalism and determinism ?,desc
What are some good fractal web sites ?,loc
What country imposed the Berlin Blockade in 1948 ?,loc
What future movie treat was introduced to American colonists in 1603 by Native Americans ?,enty
How do cameras take pictures ?,desc
How much do drugs to treat tuberculosis cost ?,num
Who is Prince Naseem Hamed ?,hum
What kind of habitat does the scorpion live in ?,loc
Where is Webster University ?,loc
What sports magazine has the largest circulation ?,enty
What is the legal blood alcohol limit for the state of California ?,enty
How hot should the oven be when making Peachy Oat Muffins ?,num
Why is Microsoft 's Windows 3 such a successful computer program ?,desc
What country 's capital was formed when Pesth and Buda merged ?,loc
What is the origin of U.S. Army sergeant 's stripes ?,desc
What is proposition 98 about ?,desc
What was Simple Simon fishing for in his mother 's pail ?,enty
What did Woody Allen call the Japanese gangster film he dubbed into English as a comedy ?,enty
Why does a candle go out when we blow on it ?,desc
What title does comedian Henry Youngman claim ?,hum
What is `` the taste that beats the others cold '' ?,enty
Who made the first airplane that could fly ?,hum
"What kind of sports did they play in the years 1642-1649 , the English Civil War time ?",enty
"Where can I find scientific data , `` research papers , '' on textile engineering ?",loc
What makes salt ?,desc
How many people die from snakebite poisoning in the U.S. per year ?,num
How high is the city of Denver ?,num
Who was International Olympic Committee chairman at the 1936 Summer Games ?,hum
When was Florida admitted into the Union ?,num
What company has built more than 2.5 billion little green houses since 1935 ?,hum
How many times a year does the American Gourd Society publish The Gourd ?,num
Where can I read about Abraham Lincoln ?,loc
What will the increase be in the California gas tax by 2000 ?,num
How far is the longest hole in 1 on any golf course and where did it happen ?,num
What whisky is `` known by the company it keeps '' ?,enty
Who released the Internet worm in the late 1980s ?,hum
What is the name of the American who was captured when his plane went down over Syrian-held Lebanon ?,hum
What is lung cancer ?,desc
What school does Tom attend in Tom Brown 's School Days ?,hum
"What basketball player is credited with 23 , 924 rebounds ?",hum
How big is a normal size penis for a 15-year-old ?,num
What does Playboy title its `` continuing dialog on contemporary issues between Playboy and its readers '' ?,enty
How many American soldiers remain unaccounted from the Vietnam war ?,num
"Where can I find a tape or book to help me say , write and understand Japanese ?",loc
How many cables support the main span of the Golden Gate Bridge ?,num
How much did Manchester United spend on players in 1993 ?,num
What was the birthplace of Edgar Allen Poe ?,loc
Why were red M&Ms discontinued then brought back ?,desc
What does it take to become a lawyer ?,enty
What American sergeant lost both of his hands in combat during World War II and then went on to act in a single movie for which he won two Oscars ?,hum
Who invented the fountain ?,hum
What room did W.C. Fields keep his library in ?,loc
What causes an earthquake ?,desc
What Batman character tools around on a Batcycle ?,hum
What are the main blood vessels ?,enty
What does `` saute '' mean ?,desc
Where can I find the schematics to the windshield wiper mechanism ?,loc
What type is a snail ?,enty
Who was Sherlock Holmes 's archenemy ?,hum
How many years of schooling after highschool does it take to become a neurosurgeon ?,num
What are the top vegetable crops in the world ?,enty
What volcano showers ash on Sicily ?,loc
Where are the U.S. headquarters for Procter & Gamble ?,loc
Why did the Aztecs first think the Spanish were Gods ?,desc
What are the rules to `` snow golf '' ?,desc
What does Warner Bros. call a flightless cuckoo ?,enty
When did Mount St. Helen last have a major eruption ?,num
How do you say `` eat the day '' in Latin ?,enty
What are super balls made of ?,enty
What 's the name of Tom Sawyer 's aunt with whom he lives ?,hum
What is the fastest-growing comic strip of all time ?,enty
Which member of the Micronauts spent 1 years traveling the Microverse in the Marvel comics ?,hum
What doctor claimed in a 1946 book : `` There is no such thing as a bad boy '' ?,hum
How long has L.L. Cool J. been married ?,num
How much did a knight 's armor weigh ?,num
What is the movie Jonathan Livingstone Seagull ?,enty
How tall is Prince Charles ?,num
What is the weight of air ?,num
What is a fear of children ?,enty
What is ouzo ?,desc
"What race is 1 , 137 miles long ?",enty
What is the capital of Uruguay ?,loc
"How long is the world 's largest ship , in meters ?",num
Who is William Wordsworth ?,hum
What is making love ?,desc
Who is Charles Lindbergh ?,hum
How tall is the replica of the Matterhorn at Disneyland ?,num
What are the largest deserts in the world ?,loc
Where is Qatar ?,loc
Why are peanut butter cookies topped with crisscrosses ?,desc
What is the richest state in the U.S. ?,loc
Who is the prime minister in Norway ?,hum
What is a urologist ?,desc
What actress starred in `` The Lion in Winter '' ?,hum
What 's bottled in jeroboams ?,enty
Who won the rugby world cup in ?,hum
What is Nicholas Cage 's profession ?,hum
How many pins are used in skittles ?,num
What qualifications are there for individuals donating blood ?,desc
"What California bridge was Don Brown the first to cross , on May 27 , 1937 ?",loc
Who is the famous sister of actress Olivia De Havilland ?,hum
Which German president was pressured into appointing Hitler chancellor in 1933 ?,hum
"How many people have been killed in wars , armed conflicts ?",num
What is the history of the hairdryer ?,desc
"Which mammal lives , breeds , eats , and sleeps underground ?",enty
What trade did the 15th and 16th century Portuguese hope to control between Asia and Europe ?,enty
What happened in the city of Dogtown in 1899 ?,desc
What was the largest city in the world to declare martial law in 1989 ?,loc
What is a fear of sinning ?,enty
Where is the Thomas Edison Museum ?,loc
What is the name of the highest mountain in Africa ?,loc
What mountain range extends from the Gulf of St. Lawrence to Alabama ?,loc
How many types of lemurs are there ?,num
What are some colorful flowers that will bloom in the fall in New England ?,enty
What businesses or agencies would do an employment verification ?,hum
"What famous coach said `` if you can 't beat 'em in the alley , you can 't beat 'em on the ice '' ?",hum
What onetime member of Ronald Reagan 's cabinet called federal policy toward Indians `` an example of the failure of socialism '' ?,hum
How many claws has a lobster called a pistol lost ?,num
Who was Darth Vader 's son ?,hum
What are the four most widely-used languages in North America ?,enty
What war was fought by the Spanish as far as the Philippines ?,enty
How do you make a million bucks ?,desc
Who invented the process to make condensed milk ?,hum
What is the largest city in Connecticut ?,loc
What is the population of the United States ?,num
What actor and actress have made the most movies ?,hum
What is the definition of spamming ?,desc
Who found Hawaii ?,hum
Where can I find free piano scores for popular music ?,loc
When did the American Civil War end ?,num
How long does it take the moon to revolve around the Earth ?,num
What beer is ` rockin ' America ? '',enty
What is a fear of women ?,enty
Who protects DC Comics ' realm of dreams ?,hum
What are dinosaur droppings called ?,enty
What was the infamous feat of Germany 's U-2 submarine ?,desc
What Homerian epic chronicles events toward the end of the Trojan Wars ?,enty
When did the vesuvius last erupt ?,num
What is widely used to detect prenatal birth defects ?,enty
When did the supercontinent Pangaea break up ?,num
What kind of mammal is a colt ?,enty
Who created Harry Lime ?,hum
Why do many Native American students not complete college ?,desc
What color are a cherry tree 's flowers ?,enty
Who was President Cleveland 's wife ?,hum
What class of animals makes up more than two-thirds of known species ?,enty
What was the name of Sergeant Preston of the Yukon 's lead dog ?,enty
What film featured a snarly character named Kid Shelleen ?,enty
What company named one of its pens `` The Banana '' ?,hum
What 's the capital of Monaco ?,loc
What do Englishmen weigh themselves in ?,num
How big is the Electoral College ?,num
"What is it that walks on four legs , then on two legs , then on three ?",enty
What is the name of the 1919 occurrence in which British troops killed over 3 unarmed Indian protestors ?,enty
Who invented the Moog Synthesizer ?,hum
Who makes the `` Die Hard '' car battery ?,hum
How long does it take to travel from Tokyo to Niigata ?,num
What state is the Filenes store located in ?,loc
What is the starting salary of a radiographer ?,num
What is a disaccharide ?,desc
Colin Powell is most famous for what ?,desc
What star-faring race brought about the Inhumans on Marvel 's Earth ?,enty
How do you buy stocks ?,desc
What does appropriates money mean ?,desc
What is the name of Dolly Parton 's rarely seen husband ?,hum
Where is the official `` zero '' of the sea level ?,loc
Whose old London come-on was : `` Buy my sweet lavender '' ?,hum
How did former WWF wrestler Rick Rude die ?,desc
Who wrote the lyrics to Porgy and Bess ?,hum
What is a `` False Moon '' ?,desc
What 1976 Deep Throat clone provides the leading lady with a second larynx ?,enty
What line of luggage is named after a famous American flier ?,enty
What is a word whose letters can be rearranged to form a different word ?,enty
What chapter of Gone with the Wind has Rhett Butler leaving Scarlett O 'Hara ?,num
How many American actors were nominated for the best actor Oscar for 1983 ?,num
"When did Lucelly Garcia , a former ambassador of Columbia to Honduras , die ?",num
"In Hemingway 's `` Old Man and the Sea , '' what kind of fish does the old man catch ?",enty
How long was the longest sneezing attack ?,num
How can I get rich quick ?,desc
How is the word ` qigong ' pronounced ?,desc
What program do I need to run a .tbk file ?,enty
What is the seafaring name for the southern tip of South America ?,loc
What two New York Yankee pitchers swapped wives and families ?,hum
What are the 10 plagues of Egypt ?,enty
"What is the history of Hot Wheels cars , and how are they produced ?",desc
What is the rounded part on the top of a matchbook called ?,enty
When did Nixon visit China ?,num
What 's the third month of the Gregorian calendar ?,num
How many queen bees reign in a hive ?,num
"What sport features slotbacks , tailbacks , and touchbacks ?",enty
What meat complemented sweet potatoes and peas in the first TV dinner ?,enty
What is a `` repeating voter '' ?,desc
What are dingoes ?,desc
Where can I find a world atlas map online at no charge ?,loc
What Leoncavallo opera features a prologue by a clown ?,enty
How can I get someone 's email address ?,desc
What chapter of the Bible has the most verses ?,num
What ocean did the Titanic sink in ?,loc
How did P.T. Barnum bill the diminutive Charles S. Stratton ?,desc
In what year was the Wall built ?,num
Name one of King Henry VIII 's wives .,hum
What southwestern state is dubbed The Silver State ?,loc
What are pomegranates ?,desc
Why do pharmacists work on raised floors ?,desc
What country did the Allies invade in World War II 's Operation Avalanche ?,loc
What famed river was Hernando de Soto the first European to see ?,loc
What chess outcome results when a player has no legal move ?,enty
How do they find an epicenter ?,desc
When was Christ born ?,num
Where do quality drinks begin ?,loc
"In order from the top , the four stripes on a can of Pepsi are what colors ?",enty
What kind of substance is dextropropoxyphen napsylate ?,enty
Who is the French literary charcter who is chiefly famous for his enormous nose ?,hum
What were first used by John L. Sullivan and James J. Corbett in 1892 ?,enty
"What country surrounds San Marino , the world 's smallest Republic ?",loc
Who killed Martin Luther King ?,hum
Who owns the rights on a TV program ?,hum
What did Cool Hand Luke go to jail for ?,desc
What was the V-8 Juice slogan : `` the tastebud '' ?,desc
What was Mae West 's last film ?,enty
What letter does Gorbachev 's middle name start with ?,enty
Name a flying mammal .,enty
What season does a hiemal activity normally take place in ?,num
What direction do the best surfing beaches face ?,loc
What is the world record for the longest hair ?,num
What English word contains the most letters ?,enty
How do I know if I 'm jealous of someone ?,desc
What Democratic prankster waved the train out of the station while Richard Nixon spoke from the caboose ?,hum
How does James Bond like his martinis ?,desc
What was the name of the flight that Fawaz Younis hijacked ?,enty
What is a wet dream ?,desc
"What California bridge was Don Brown the first to cross , on May 27 , 1937 ?",loc
"What camera company said , `` If you haven 't got the time , we 've got the camera ? ''",hum
What happened to Pepsi Clear ?,desc
How much does one ton of cement cost ?,num
What is a Mexican hairless ?,desc
What 2th-century American poet wrote a four-volume biography of Abraham Lincoln ?,hum
Where is the oldest living thing on earth ?,loc
What piece of jewelry is pictured on Monopoly 's Luxury Tax space ?,enty
"Who stopped making diary entries on May 31 , 1669 , because he thought he was going blind ?",hum
What journalist can be found in and around Walden Puddle ?,hum
How did Socrates die ?,desc
How many sides does an obelisk have ?,num
What was Edward Albee 's first full-length play ?,enty
What was lost and regained by poet John Milton ?,enty
What woman pitcher has struck out Ted Williams and Hank Aaron ?,hum
How can scientists predict weather by observing clouds ?,desc
What songs were popular in 1948 ?,enty
In what year was the cannon invented ?,num
How many languages does the Pope speak ?,num
What bay divides Maryland 's Eastern and Western Shores ?,loc
"What is the real name of the singer , Madonna ?",hum
"What Frenchman claimed the following ? If God did not exist , it would be necessary to invent him . ''",hum
What color were Ernest Hemingway 's eyes ?,enty
What is the origin of the expression `` four-letter word '' ?,desc
Who was the first woman in space ?,hum
What is the only animal that can turn its stomach inside out ?,enty
What professional sports league originated the college draft ?,hum
What is the difference between a board of directors and an advisory board ?,desc
Who discovered imaginary numbers ?,hum
Who does the voices of the Simpsons ?,hum
How many feet high is the hurdle in front of a runner 's steeplechase water jump ?,num
What religion has the most members ?,enty
How many calories are there in a glass of water ?,num
"Who is the richest person in the world , without owning a business ?",hum
What is the chemical reactivity of neon ?,num
Where can I find info on Alexander Mackenzie ?,loc
What is the cultural origin of the ceremony of potlatch ?,desc
What Georgia town did Scarlett O 'Hara condemn as being full of pushy people ?,loc
How many countries watch MTV Europe ?,num
What layer of the atmosphere contains most of the ozone layer ?,enty
What is the airport code for Los Angeles International ?,num
"What was the claim to fame of Explorer I , launched February 1 , 1958 ?",desc
"In the song `` Yankee Doodle , '' why did Yankee Doodle stick a feather in his cap and call it macaroni ?",desc
Where did the real St. Nicholas live ?,loc
"Who manufactures the software , `` PhotoShop '' ?",hum
How many eyes does a bat have ?,num
How do you say 2 in Latin ?,enty
What was Dwight Eisenhower 's favorite card game ?,enty
"What is the high pitched sound that you hear in your ear every now and then , but then it goes away , after a while ?",enty
What is the origin of the word nevermind ?,desc
Who was the second man to walk on the moon ?,hum
What is power steering ?,desc
Where did Dikembe Mutombo go to college ?,loc
What author was appointed U.S. ambassador to Spain in 1842 ?,hum
What body of water does the Yukon River empty into ?,loc
Who is Westview High 's band director in Funky Winkerbean ?,hum
How does a chick breathe inside an egg ?,desc
What is Mark McGwire 's e-mail address ?,loc
The Kentucky Horse Park is located near what city ?,loc
What kind of fruit is a Yellow Transparent ?,enty
What song put James Taylor in the limelight ?,enty
"What drink is formed of tequila , orange juice and galliano ?",enty
Name four comic strips about pilots .,enty
What geological time do we live in ?,num
How do you dunk ?,desc
Where is the massive North Korean nuclear complex located ?,loc
How do plants make food ?,desc
Where is Microsoft 's corporate headquarters located ?,loc
When was China 's first nuclear test ?,num
What is the name given to a group of geese ?,enty
"Why was Washington , DC originally called District of Columbia ?",desc
How do I find a snowboarding website ?,desc
What singer 's hit song inspired the Dolly Parton Stallone movie Rhinestone ?,hum
How much can a person be fined for having a dog on a beach ?,num
Why do movie and TV stars get paid so much ?,desc
What is a turnkey contract ?,desc
What are people doing to help prevent the extinction of birds ?,desc
Why is the mile 528 feet ?,desc
What Asian gulf were the destroyers Maddox and C Turner Joy shot up in ?,loc
How is carbon dioxide removed from natural gas ?,desc
Who is Edmund Kemper ?,hum
"What was Mao , the Chinese leader 's , full name ?",hum
When is Dick Clark 's birthday ?,num
"Who is the director of the international group called the Human Genome Organization , HUGO , that is trying to coordinate gene-mapping research worldwide ?",hum
What radio station did Paul Harvey work for ?,hum
What character narrates Treasure Island ?,hum
Who starred with Charlie Chaplin in Modern Times and The Great Dictator ?,hum
What seven digits follow the area code in the number for long distance information ?,num
What Catch-22 character is elected mayor of half a dozen Italian cities ?,hum
"Whom does Uncle Duke 's girl friend , Honey , room with ?",hum
"When called upon to surrender , what American general replied , `` Sir , I have not yet begun to fight . '' ?",hum
When was the bar-code invented ?,num
What has to be produced in a writ of habeas corpus ?,enty
What team did Babe Ruth play his first major league game for ?,hum
What class is categorized as the bourgeoisie ?,enty
What relative of Leo Tolstoy translated War and Peace eight times ?,hum
How does the Nintendo `` Zapper '' work ?,desc
How many cards is each player dealt in Contract Bridge ?,num
What is InterLata Internet service ?,desc
Who is the director and editor of the movie Big starring Tom Hanks ?,hum
What is the `` fourth dimension '' ?,desc
What is the Homelite Inc. home page ?,loc
How old was Stevie Wonder when he signed with Motown Records ?,num
What is `` alternative '' anymore ?,desc
Who won two gold medals in skiing in the Olympic Games in Calgary ?,hum
What year was the Avery Dennison company founded ?,num
Where does the U.S. rank among world countries in area ?,num
What are the four railways in Monopoly ?,hum
What is a biologist ?,desc
What revelation did Alexander Butterfield make to the Senate Watergate committee ?,desc
What island is home to statues called Mauis ?,loc
What is a fear of black people ?,enty
What 's the most extensively grown and eaten food ?,enty
What was the worst hurricane ?,enty
How can I get started in writing for television ?,desc
Where was Pythagoras born ?,loc
What 1927 silent film received an international revival in 1981 ?,enty
What is the price for AAA 's liability auto insurance ?,num
Who are the top ten richest people in the world ?,hum
Who is the leader of Brunei ?,hum
What is the capital of Italy ?,loc
What game does Garry Kasparov play ?,enty
How do you get a pointsettia to turn red ?,desc
What is kept in Fort Knox that is so valuable ?,enty
What is the greatest hiking Web site ?,loc
What Stephen King novel is set in a graveyard for pets ?,enty
Who were the head writers for the Smothers Brothers Comedy Hour ?,hum
Who portrayed Prewett in From Here to Eternity ?,hum
What was the sequel to The Pink Panther ?,enty
How many people live in cities ?,num
How high must a mountain be to be called a mountain ?,num
What Scottish poet penned To a Mouse and To a Louse ?,hum
What is the name of the inventor of silly putty ?,hum
What ocean surrounds the Madeira Islands ?,loc
What famous communist leader died in Mexico City ?,hum
What was John Steinbeck 's travelling companion Charley ?,enty
What are the capital cities of the two large countries that occupy the Iberian peninsula in Europe ?,loc
How many mines can still be found in the Falklands after the war ended ?,num
How can I get in touch with Michael Moore of `` Roger & Me '' ?,desc
How is ` qigong ' properly pronounced ?,desc
How many gallons of water go over Niagra Falls every second ?,num
What turns blue litmus paper red ?,enty
Who was the first woman to run the mile in less than 4 36893 minutes ?,hum
How many copies of an album must be sold for it to be a gold album ?,num
What is `` the soft drink for adults '' ?,enty
What is the only vegetable that starts with `` z '' ?,enty
What is a fear of machinery ?,enty
Who awarded The Flying Fickle Finger of Fate ?,hum
What hide-and-seek game is played around a tin can ?,enty
What is the largest city in Texas ?,loc
"What future deer hunter portrayed Annie Hall 's neurotic brother , Duane ?",hum
What drink is the best thirst-quencher ?,enty
Where can I get a map of Prussia on the Internet ?,loc
What was the longest war in U.S. history ?,enty
What is a `` node '' in computer terms ?,desc
What are the five richest countries in the world ?,loc
Where is McCarren Airport ?,loc
What are the top boy names in the U.S. ?,hum
How many tiles did the Space Shuttle Columbia lose on its second flight ?,num
How many teaspoons make up a tablespoon ?,num
Who was the lawyer for Randy Craft ?,hum
What is the origin of the word Marijuana ?,desc
Who was the 3rd president of the United States ?,hum
What organ contains the islands of Langerhans ?,enty
What is a fear of points ?,enty
What fraction of a beaver 's life is spent swimming ?,num
How can SQL queries be improved ?,desc
What is the most radioactive food ?,enty
What was the previous name for the Commonwealth ?,hum
How much will gas be taxed in California by the year 2000 ?,num
Who gave King Arthur the round table ?,hum
What state in the United States covers the largest area ?,loc
Who became president of the U.S. in 1789 ?,hum
Who did Sara Jane Moore try to assassinate ?,hum
How many dots make up the symbol for `` because '' ?,num
What title did Shevardnadze have during the Soviet era ?,hum
What did the pyramid-builders of Egypt mainly eat ?,enty
What 's the international radio code word for the letter F ?,enty
What are the 28 tenses in the English language ?,enty
Which king signed the Magna Carta ?,hum
What software offers inventors use of CAD-like design ?,enty
What is agent orange ?,desc
Name the child left on a doorstep at the beginning of Gasoline Alley .,hum
How many zip codes are there in the U.S. ?,num
"In Beetle Bailey , can you name Sarge 's dog ?",enty
Why shouldn 't you remove a bee stinger with tweezers ?,desc
Why did Europeans first come to Australia and Oceania ?,desc
What did the Confederate Constitution say about slavery ?,desc
How long does it take the Milky Way Galaxy to make one revolution ?,num
How many people own pets ?,num
What web sites are linked to the Report on Genesis Eldercare ?,loc
What is a fear of lice ?,enty
How long does it take different materials to decompose ?,num
What was Darth Vader 's son named ?,hum
What problems contributed to the high failure rate of Plains farmers in the 1800s ?,desc
What British female pop singing star of the 1960s and early 1970s was a child actress in the 1940s and '50s ?,hum
Where is McCarren Airport located ?,loc
How effective are condoms in protecting against AIDS ?,desc
"What part of Britain comprises the Highlands , Central Lowlands , and Southern Uplands ?",loc
How many Marx Brothers were there ?,num
How tall is the Matterhorn ?,num
What country is proud to claim Volcano National Park ?,loc
When was Babe Ruth born ?,num
Who portrayed Field Marshal Erwin Rommel in The Desert Fox ?,hum
What TV quiz show left the air in 1975 to the tune of Vera Lynn 's We 'll Meet Again ?,enty
What direction do most baseball pitchers pitch toward ?,loc
How many Beanie Baby sites are there ?,num
How can I call a friend in another country when I do not know the telephone number ?,desc
What is 55 times sweeter than cane sugar ?,enty
Where are diamonds mined ?,loc
How do they get Teflon to stick to the pan ?,desc
How much money did the Marcos steal from their country ?,num
Who makes the `` cross-your-heart bra '' ?,hum
Who is Archie Bunker 's son-in-law ?,hum
What company produces Spumante ?,hum
What is the origin of music ?,desc
What does `` B.Y.O.B. '' mean ?,abbr
What major airline has the best safety record in the world ?,hum
What President became Chief Justice after his presidency ?,hum
How many innings constitute an official baseball game ?,num
What city has a newspaper called The Plain Dealer ?,loc
What U.S. state boasts Leif Ericson Park ?,loc
How many flavors does Baskin & Robbins offer ?,num
Who was chief engineer of the Starship Enterprise ?,hum
How does crosstalk relate to InSb thickness in infrared detectors ?,desc
What mayor made so many TV appearances he was asked to join AFTRA in 1984 ?,hum
Which type of submarine was bought recently by South Korea ?,enty
How much in miles is a ten K run ?,num
When was Beethoven born ?,num
What detective lives on Punchbowl Hill and has 11 children ?,hum
Where did the ukulele originate ?,loc
Rotary engines used to be made by whom ?,hum
What does seccession mean ?,desc
Who portrayed the title character in the film The Day of the Jackal ?,hum
What is the name of the gulf between Sweden and Finland ?,loc
Who was the first X-Man to die in battle ?,hum
What will the weather be today ?,desc
Who is the President of Ghana ?,hum
Which sex is denied voting rights in Kuwait ?,enty
What two countries is Andorra nestled between ?,loc
What terrorist group was headed by Donald DeFreeze ?,hum
What are the four largest mountain ranges in the continental United States ?,loc
What is the size of the student body at the University of Massachusetts in Amherst ?,num
How can I determine the radius of an ellipse ?,desc
Who starred in the movie The War of the Worlds ?,hum
How many different kinds of ice cream are there ?,num
"What actor , who had greatest fame on TV , became the father of triplets ?",hum
What is the Homelite Inc. home page ?,loc
What is the Golden Rule ?,desc
What is a movie that Kevin Costner made about Sioux Indians ?,enty
What were millions of kids wearing on their heads in 1955 ?,enty
How does color affect a person psychologically ?,desc
What is Columbia Tristar 's phone number ?,num
What type of animal is the easiest kept pet there is ?,enty
What is sound ?,desc
"What was the name of the horse that fell on Queen Elizabeth , Prince Albert 's wife ?",enty
What are the current immigration laws in US ?,desc
What were the five opening words on Ben Casey ?,enty
Why does it say on children 's cough syrup not to drive while using this medication ?,desc
What hair color can I use to just cover a little gray ?,enty
Where was Tesla born ?,loc
What does Larry King do for a living ?,hum
Who shot Lee Harvey Oswald ?,hum
When did Jaco Pastorius die ?,num
What blood sport features a movement called a veronica ?,enty
What 's the most common street name in America ?,loc
What is the difference between khaki and chino ?,desc
What is the origin of infinity ?,desc
What alloy do copper and tin form ?,enty
What plants are found in an estuary ?,enty
What are the side effects of mevacor ?,desc
What are the top 5 tallest buildings in the world ?,loc
Colin Powell is best known for what achievement ?,desc
Who portrayed Renaud in Casablanca ?,hum
What country has problems with hooligans ?,loc
What planet did Percival Lovell discover ?,loc
How often are brain cells replaced ?,num
How much did Mercury spend on advertising in 1993 ?,num
What kind of rocket launched the Surveyor spacecraft ?,enty
What country contains the westernmost point in South America ?,loc
What did Abolitionists try to end ?,enty
What 's the American dollar equivalent for 8 pounds in the U.K. ?,num
Why should cigarette smoking be banned ?,desc
What year did Charles Dicken die ?,num
What D.H. Lawrence novel was originally titled Tenderness ?,enty
What rock group raised a ruckus at the White House by singing American Woman ?,hum
What is a fear of night or darkness ?,enty
What is the origin of the rock band Led Zeppelin 's name ?,desc
How was Lawrence,desc
How do I know if I am pregnant ?,desc
When did the last Americans leave Vietnam ?,num
What famed clown appeared on an early Howdy Doody Show and insisted that Clarabell be made up as a real clown ?,hum
"What group was formed in 1969 after police met resistance from patrons at the Stonewall , a Greenwich Village gay bar ?",hum
Who was Confucius ?,hum
What snack food has ridges ?,enty
What 's the most popular four-player game of all time ?,enty
What 's the meaning of the name Tatiana ?,desc
How many people died when the Estonia sank in 1994 ?,num
What Southern California town is named after a character made famous by Edgar Rice Burroughs ?,loc
How many colors are there in a rainbow ?,num
What is the habitat of the chickadee ?,loc
What drug is often used to treat AIDS patients ?,enty
Which of the five senses develops first ?,enty
Where did the name root beer come from ?,desc
What city 's the kickoff point for climbs of Mount Everest ?,loc
What is the average salary of a paleontologist ?,num
Where is the largest post office building in the world ?,loc
Who is currently the most popular singer in the world ?,hum
Who was the first animal into space ?,enty
What is the correct way to mount a roll of toilet paper ?,enty
What Jules Verne novel features scientists held captive in the submarine Nautilus ?,enty
Why is Rush 's 2112 called 2112 ?,desc
What 's the state motto of California ?,desc
What function does homeostasis have on the existence of an organism ?,desc
"What company started out making pies , and wound up manufacturing plastic throwing toys ?",hum
The Jewish alphabet is called what ?,enty
What are the Baltic States ?,desc
How many endangered species are there in the world ?,num
"Who was the bandleader mentor of Ella Fitzgerald with whom she cowrote `` A_Tisket , A-Tasket '' ?",hum
Who invented basketball ?,hum
How has TV affected our society ?,desc
When was the last major eruption of Mount St. Helens ?,num
What was the name of Humphrey Bogart 's club in Casablanca ?,hum
What U.S. Government agency registers trademarks ?,hum
What is osmosis ?,desc
What hockey player did Ronald Reagan joke he would swap Texas for ?,hum
What is the world 's deadliest infectious disease ?,enty
"What President was buried at his ancestral home overlooking the Hudson River at Hyde Park , New York ?",hum
How much did the first Barbie doll sell for in 1959 ?,num
What country was General Douglas McArthur in when he was recalled by President Truman ?,loc
What are the five most popular Usenet groups ?,hum
What are the seven deadly sins ?,desc
"What is the latitude and longitude of El Paso , Texas ?",num
What does the name Melissa mean ?,desc
What is the nature of snow and how is the formation of snow different from that of ice ?,desc
How many head injuries are there in recreational ice skating each year ?,num
A normal human pregnancy lasts how many months ?,num
What kind of sports team is the Buffalo Sabres ?,enty
What impenetrable system of French fortifications was built along the German frontier before World War II ?,enty
What are new computer games for Windows 95 or 98 ?,enty
Who domesticated the wild turkey ?,hum
How can I get someone 's phone number if I only have their screen name ?,desc
What European race sees the winner of its mountain stage awarded a jersey with large red polka dots ?,enty
What country does Ileana Cotrubas come from ?,loc
What 's the motto of the Boy Scouts ?,desc
What two European countries are joined by the Gran San Bernardo Pass ?,loc
What movie did Steven Spielberg direct in 1975 ?,enty
What kind of creatures are the Canary Islands named for ?,enty
What was the name of the US helicopter pilot shot down over North Korea ?,hum
What 's a male `` cuckquean '' ?,desc
"Name the designer of the shoe that spawned millions of plastic imitations , known as ` jellies ' .",hum
Why are ice cream sundaes called sundaes ?,desc
What 's the singular of dice ?,enty
Who is Olive Oyl 's brother ?,hum
What was the first video ever made ?,enty
What 's the favorite food of dragonflies ?,enty
What king boycotted Prince Charles 's wedding ?,hum
What does Nicholas Cage do for a living ?,hum
What was the nickname of model Leslie Hornby ?,hum
Where is the Taj Mahal ?,loc
What 's distinctive about a palmiped 's feet ?,desc
In 139 the papal court was forced to move from Rome to where ?,loc
What is the first day of the week ?,num
What is goulash ?,desc
What capital is built around Monument Circle which contains soldiers and sailors monument ?,loc
How does a parachute work ?,desc
What is the first book of the Old Testament ?,enty
How many of them are in sub-Saharan Africa ?,num
"What is the history of Spartacus , the Roman slave and gladiator ?",desc
What famed wall supports the Badaling turret ?,loc
"Who portrayed Fatman in the television show , `` Jake and the Fatman '' ?",hum
What is object-oriented design ?,desc
What does Melissa mean ?,desc
What is form drag ?,desc
Who were John F. Kennedy 's dogs ?,enty
What woman was Time 's Man of the Year for 1952 ?,hum
What currents affect the area of the Shetland Islands and Orkney Islands in the North Sea ?,desc
Who wrote The Ugly Duckling ?,hum
Who designed London Bridge ?,hum
"How many miles are there between Tel Aviv , Israel and Memphis , Tennessee ?",num
How many flavors of ice cream does Howard Johnson 's have ?,num
What weapon did the crossed slits in English castles accommodate ?,enty
How can I stop or slow down aging ?,desc
Where are the busiest Amtrak rail stations in the U.S. ?,loc
How many freckles does Howdy Doody have on his face ?,num
"How does Cos Cob , CT get its name ?",desc
Who was considered to be the father of psychology ?,hum
How did Super President gain his powers on the animated series ?,desc
How tall was the animated King Kong ?,num
What are values ?,desc
What is the population of Japan ?,num
Name an American made motorcycle .,enty
Where was the largest concentration camp in World War II ?,loc
How much did Alaska cost when bought from Russia ?,num
How many events make up the decathlon ?,num
What causes blue balls ?,desc
What were the first bodies visited by spacecraft ?,loc
Who succeeded Nikita Khrushchev as first secretary of the Communist Party ?,hum
Name of the lady the Great Gatsby pines for ?,hum
What does a chef coddle eggs in ?,enty
How many bails are there in a cricket wicket ?,num
"What celebrity couple , when going through a divorce , divided their toilet paper into two equal piles ?",hum
Where 's the Bernini-Bristol Hotel ?,loc
Who said `` What contemptible scoundrel stole the cork from my lunch ? '',hum
What is the capital of Kosovo ?,loc
What kind of company is 7-Eleven ?,hum
How many letters appear with the numbers 2 to 9 on a telephone dial ?,num
What were the first three cities to have a population of more than a million ?,loc
How did the months of the year get there name ?,desc
What scale measures earthquakes ?,enty
What is a glory hole ?,desc
What kind of education would you need to become an athletic trainer for the NFL ?,enty
What are the major companies that are part of Dow Jones ?,hum
What college did Joe Namath play football for ?,hum
What was the minimum wage in 1991 ?,num
What country is the biggest producer of tungsten ?,loc
How does it make its colors ?,desc
What would happen to Canada if Quebec separated ?,desc
When is the Jimmy Buffett concert coming to the E center in Camden NJ ?,num
What is ` Last Chance for Animals ' ?,desc
What European country abandoned postage stamps in 1923 because printing them cost more than their face value ?,loc
What is the weather like on the moon ?,desc
Who was the 1st U.S. President ?,hum
"What is the main language of Sao Paulo , Brazil ?",enty
How much did Varian Associates try to sell its vacuum products division to the BOC group for ?,num
What is the abbreviation of the International Olympic Committee ?,abbr
How many people hike ?,num
What are boxcars ?,desc
How do I keep cats out of my flower garden for good ?,desc
Who played Maria in the film West Side Story ?,hum
What is a common anti-AIDS drug ?,enty
Who bestowed great power upon Captain Britain ?,hum
How can you tell when figs are ripe ?,desc
How do I love thee ?,desc
Which type of soda has the greatest amount of caffeine ?,enty
What nationality is a Sicilian ?,loc
What is the most common boy 's or girl 's name ?,hum
"Who was the accused in The Trial of the Century , which opened Janurary 1 , 1935 ?",hum
What color was the hundred billionth crayon made by Crayola ?,enty
What soft drink tells us to `` Go Hawaiian '' ?,enty
How does a hydroelectric dam work ?,desc
What is the oldest building in the United States ?,loc
What is the West Virginia state animal ?,enty
How many people died on South Carolina highways in 1998 ?,num
What are binomial coefficients ?,desc
What are some translations of the phrase `` Thank-you '' ?,enty
What is President Nixon 's birthdate ?,num
What is `` the great American family cereal '' ?,enty
"What was Suzy Parker doing to earn $1 , 000 in the early 1950 's ?",desc
How many people died in the Vietnam war ?,num
What year did Montana become a state ?,num
When was the USSR dissolved ?,num
Why are there letters on the telephone ? Why are there no Q or Z ?,desc
What Japanese city was once called Edo ?,loc
Who did the Seven Mules block for ?,hum
What is the world 's largest distilling company ?,hum
"What 's the name of the actress who starred in the movie , `` Silence of the Lambs '' ?",hum
Who did Napolean defeat at Jena and Auerstadt ?,hum
What household products are there for adult acne ?,enty
What is the most expensive car in the world ?,enty
What is an Angelus ?,desc
How many objects orbit the Earth ?,num
What 's the oldest capital city in the Americas ?,loc
What Leon Uris novel dealt with the Russian capture of Berlin ?,enty
"What is the location of Edinburgh , Scotland ?",loc
How many muscles does the average adult use when going for a walk ?,num
How long do you have to live in a community to vote ?,num
What was the name of the Titanic 's captain ?,hum
Name of heroine in `` Scruples '' ?,hum
How big is the Chappellet vineyard ?,num
Jackson Pollock was a native of what country ?,loc
What makes sperm ?,desc
How do I know how much money to save for retirement ?,desc
What does the dot on the letter i mean ?,desc
Who wrote The Godfather ?,hum
What is the origin of the term soda jerk ?,desc
What is the frequency of VHF ?,num
What sport does Chris Jogis play ?,enty
What island was the target of the U.S. 's Operation Urgent Fury ?,loc
What is a fear of robbers ?,enty
What Nevil Shute novel is about the doomed survivors of a nuclear war ?,enty
What is the cause of endangered species ?,desc
Which of the following TV newsmen was a Rhodes scholar ?,hum
What did Warlock wear on his forehead in Marvel comics ?,enty
What is the softest part of the body ?,enty
What six-foot temperance advocate wielded her hatchet on saloons ?,hum
What line divided the North and South in the U.S. Civil War ?,enty
What is the definition of cecum ?,desc
Who invented volleyball ?,hum
What 's the most powerful country in the world ?,loc
How do I do this ?,desc
Name a ballet company Mikhail Baryshnikov has danced for ?,hum
Who led the Normans to victory in the Battle of Hastings ?,hum
What is the origin of the word `` Teddy bear '' ?,desc
What percentage of the world 's plant and animal species can be found in the Amazon forests ?,num
"What 's the name of the star of the cooking show , `` Galloping Gourmet '' ?",hum
Who invented the horoscope ?,hum
What nutrients are for healthy bones and teeth ?,enty
What are Fortune 500 companies ?,desc
What is the difference between ninjitsu and kung fu ?,desc
What king was forced to agree to the Magna Carta ?,hum
How many electoral college votes does Colorado have ?,num
What were Babe Ruth 's Christian names ?,hum
How many bottles of wine were prisoners in the Bastille allowed per day ?,num
Where do lobsters like to live ?,loc
"Who was the first elected mayor of Washington , D.C. ?",hum
What are the wolverine habits ?,enty
How do you fix squeaky floors ?,desc
When was the Big Thompson flood ?,num
What good are mosquitoes ?,desc
How do you get bubblegum out of carpet ?,desc
"What 's played at Wembley Stadium , London , every May ?",enty
"Who wrote the sci-fi trilogy Foundation , Foundation and Empire , and Second Foundation ?",hum
How many hours of work does it take a typist to complete a 100-page screenplay ?,num
What is Alice Cooper 's real name ?,hum
What is the Peloponnesian League ?,desc
What two cities usually mark the extremes of English Channel swims ?,loc
How many times does the tide ebb and flow each day ?,num
Who invented television ?,hum
What are tannins ?,desc
How does General Mills manufacture Cheerios ?,desc
What was Jimmy Durante 's theme song ?,enty
Name the person who burst through the screen in the Lite beer commercials .,hum
What delicacy is known indelicately as pickled roe ?,enty
What after-dinner treat was invented in 1916 at the George Jung noodle factory in Los Angeles ?,enty
What U.S. vice-president killed Alexander Hamilton in a duel ?,hum
What 's the Fahrenheit equivalent of zero degrees centigrade ?,num
How many muscles does an oyster have ?,num
"What card game derived its name from biritch , or Russian Whist ?",enty
Who wrote `` Much Ado About Nothing '' ?,hum
What is the collective noun for geese ?,enty
What personality traits are Capricorns said to have ?,desc
Where can I get information concerning child custody files for the State of Utah ?,loc
What was John F. Kennedy 's 1960 campaign song ?,enty
What Louisiana Senator won a seat that had been held by his father and mother ?,hum
What hymn did John Steinbeck get his title The Grapes of Wrath from ?,enty
What 's the highest-ranking suit in bridge ?,enty
Who won Oscars for her roles in Gone with the Wind and A Streetcar Named Desire ?,hum
Who 's the lead singer of the Led Zeppelin band ?,hum
"In Dana 's `` Two Years Before the Mast , '' what seafarers lived in an abandoned oven on the beach at San Diego ?",hum
How many characters makes up a word for typing test purposes ?,num
What non-mechanical sport achieves the highest speeds ?,enty
What was the 1940 annual salary for a boilermaker ?,num
"Who created Billy Pilgrim , a survivor of the Dresden firestorm ?",hum
"What indoor sport saw the Phoenix Inferno become the Phoenix Pride on July 14 , 1983 , when the temperature hit 111 degrees ?",enty
What country saw the origin of the Asian Flu ?,loc
Who is the richest woman in the world ?,hum
Where can I take a test that will tell me what I should be when I grow up ?,loc
What caused the death of Bob Marley ?,desc
"What 's Mrs. Bridges 's job on TV 's Upstairs , Downstairs ?",hum
What daily newspaper will `` help you see clearer across the USA '' ?,enty
What lake in Scotland is said to hold one or more monsters ?,loc
Who were the 1974 Oscar winners ?,hum
What kind of business is 7-Eleven ?,hum
What is Sinn Fein ?,desc
"What is the name of the rare neurological disease with symptoms such as : involuntary movements , tics , swearing , and incoherent vocalizations , grunts , shouts , etc. ?",enty
What do river otters eat ?,enty
"Who wrote the book , `` Huckleberry Finn '' ?",hum
Who would you use the Heimlich maneuver on ?,hum
What famed library can you reach by dialing 22-287-5 ?,loc
What five-time winner of the Kentucky Derby lost his first 25 races ?,enty
What did Vasco da Gama discover ?,enty
What is Megan 's law ?,desc
Where 's Montenegro ?,loc
What is usenet for the Internet ?,desc
What are field effect transistors ?,desc
What was the killer whale who died at Sea World of a fungal infection named ?,enty
What is witch hazel ?,desc
What is state tree of Nebraska ?,enty
Where is Glasgow ?,loc
Why is Chicago named Chicago ?,desc
What three colors of ink are used to print a U.S. dollar bill ?,enty
What exactly is the purpose of the anteater ?,desc
What is the correct way to use `` may '' vs. `` might '' ?,enty
What North American city boasts the biggest Polish population ?,loc
"What radio , TV and movie character did Jackie Gleason and William Bendix play ?",hum
"Where is it planned to berth the merchant ship , Lane Victory , which Merchant Marine veterans are converting into a floating museum ?",loc
What does a pedometer measure ?,enty
What is Maurizio Pellegrin 's age ?,num
How many thousands of students attend the University of Massachusetts ?,num
Name the U.S. Senate majority leader and the Speaker of the House .,hum
What name did football 's New York Titans adopt in 1963 ?,hum
What female suspect in the game of Clue is single ?,hum
Who owns CNN ?,hum
About how many Americans are still unaccounted for from the Vietnam war ?,num
What is the chemical reactivity of neon ?,num
What is an auto-commentary ?,desc
What is the oldest website on the Internet ?,loc
What is deconstructionism ?,desc
What newspaper returned a Pulitzer Prize for the fraudulent story Jimmy 's World ?,enty
What is a fear of speaking ?,enty
What was Hitler 's favorite movie ?,enty
Why do airliners crash vs. gliding down ?,desc
What are those little blue reflectors in the middle of the road for ?,desc
"What member of The Little Rascals has an on-again , off-again sweetheart in Darla Hood ?",hum
How is saline used in medicine ?,desc
"What is the name of the ` female ' counterpart to El Nino , which results in cooling temperatures and very dry weather ?",enty
"What incident of 1933 did the German Nazis use to justify emergency decrees , imprisoning opponents and vesting more power in themselves ?",enty
What country are you visiting if you land at President Duvalier Airport ?,loc
What attorney-general ordered the closing of Alcatraz ?,hum
What is the capital of Congo ?,loc
What is the text of the Fifth Amendment ?,desc
What countries earn the most from tourism ?,loc
What is the Internet2 ?,desc
When are the Oscars Academy Awards in 1999 ?,num
Who was the prophet of the Jewish people ?,hum
What is the most common name ?,hum
Who was the oldest U.S. president ?,hum
When was Dubai 's first concrete house built ?,num
What is the Milky Way ?,desc
What is Remembrance Day all about ?,desc
What food did Marco Polo introduce into Italy from the court of Kubla Khan ?,enty
What diamond producer controls about 80% of the world 's diamonds ?,hum
Who is the prophet of the religion of Islam ?,hum
Who portrayed Maggio in the film From Here to Eternity ?,hum
Where are zebras most likely found ?,loc
"What is the best place to live in the world , considering climate , civilization ?",loc
What is meant by `` capital market '' ?,desc
"In My Antonia , how is Mr. Shimerda out of place on the farm ?",desc
What ship did Lloyd M. Bucher command ?,enty
Name a medicine commonly used to combat AIDS ?,enty
What is the difference between hair and fur ?,desc
What is the difference between love and infatuation ?,desc
Name the cartoon genie conjured by the magic ring shared by Nancy and Chuck .,hum
What foods contain vitamin B12 ?,enty
What is the amount of money owed for illegally having a dog on a beach ?,num
What are the first and last letters of the Greek alphabet ?,enty
What is the web address at which I can find the e-mail address of a member of the US House of Representatives ?,loc
What are some ways to help someone with Chicken Pox ?,enty
How do I find out the exact time of a sunset for a particular day ?,desc
When did the original Howdy Doody show go off the air ?,num
How many languages are there in the world ?,num
Who was Picasso ?,hum
Who were the only two bald U.S. Presidents ?,hum
Which member of Charlie 's Angels sang vocals for Josie and the Pussycats ?,hum
What comedian was The Perfect Fool ?,hum
What are the benefits of a rowing machine ?,desc
Where do you find information about the Queensland National Competition Policy,loc
What 's a `` coup de poing '' to a French boxer ?,desc
What 's the difference between carelessness and carefreeness ?,desc
What is the Islamic counterpart to the Red Cross ?,enty
Why does tuberculosis afflict people ?,desc
Who loved Flash Gordon besides Dale ?,hum
What is tyvek ?,desc
What do humans catch zoonose diseases from ?,enty
How did Asia get its name ?,desc
What was the name of the U.S. Navy gunboat in the film The Sand Pebbles ?,enty
Where can I get information on the original 13 US colonies ?,loc
For what disease is the drug Sinemet used as a treatment ?,enty
What are three ways in which wind is created on the earth ?,enty
What gender is not allowed to vote in Kuwait ?,enty
How many inches over six feet is Tom Selleck ?,num
What is the name of the disease that actress Hunter Tylo 's baby girl has ?,enty
Who 's the only president buried in Washington,hum
How much could you rent a Volkswagen bug for in 1966 ?,num
Whose singing voice was dubbed in for Natalie Wood in West Side Story and Audrey Hepburn in My Fair Lady ?,hum
"What is the mean income of the top 10% , top 5% , and top 1% ?",num
What North American city sprouts the most parking meters ?,loc
What is the largest and most expensive freeway construction project in the U.S. right now ?,loc
What can I do to get into an Ivy League school ?,desc
What film did Louise Fletcher win the best actress Oscar for ?,enty
"What 1950 film won seven Oscars , including best picture ?",enty
How much stronger is the new vitreous carbon material invented by the Tokyo Institute of Technology compared with the material made from cellulose ?,num
How much do tuberculosis combatting drugs cost ?,num
President Bush compared Saddam Hussein to whom ?,hum
What 's the name of Pittsburgh 's baseball team ?,hum
What Shakespeare play opens with the line : `` Now is the winter of our discontent.. . '' ?,enty
"What TV comedian worked with White Fang , Black Tooth and Pookie the Lion ?",hum
Who created the character James Bond ?,hum
What type of exercise burns the most calories ?,enty
What is `` the only cigarette made with no leftovers '' ?,desc
Where did the Japanese Imperial Forces surrender to end WWII ?,loc
How many rows of whiskers does a cat have ?,num
What British general surrendered to the colonial army at Saratoga ?,hum
"How can people from Ireland come to the U.S. , work , and then return to Ireland ?",desc
"What product 's ads claim that it `` eliminates odors , kills household germs , mold , and mildew '' ?",enty
What is the world population as of today ?,num
What is the history of Buffalo chicken wings ?,desc
What is humidity ?,desc
"What kind of creatures are black , yellow , and brown bullheads ?",enty
What city would you be in if you were feeding the pigeons in the Piazza San Marco ?,loc
What artist 's studio was the Bateau-Lavoir in Montmartre ?,hum
What is the name of the planet that the Ewoks live on ?,loc
How many words are there in the Spanish language ?,num
Where is there information on the novel `` El Cid '' ?,loc
What is the chemical formula for napalm ?,enty
What is yohimbine ?,desc
What is `` Chicago Hope '' ?,desc
How many members of a family could be drafted in the U.S. military during World War II ?,num
"Who wrote the song , `` Silent Night '' ?",hum
What company is the largest Japanese ship builder ?,hum
What is the average date when most malls begin putting up Christmas holiday decorations ?,num
How many characters are in the Chinese alphabet ?,num
Where is Burma ?,loc
Who wrote The Collector ?,hum
Which major diamond producer is based in South Africa ?,hum
Who was Samuel Johnsons 's friend and biographer ?,hum
What kind of women gave Sigmund Freud erotic dreams ?,hum
What are the Cleveland Indians also called ?,enty
What commodity 's shortage was the largest single factor in keeping North American cars off the roads during World War II ?,enty
How many hummingbird eggs could fit in one ostrich egg ?,num
"Who wrote the bestselling Missionary Travels and Researches in South Africa , published in 1857 ?",hum
Who played the father on `` Charles in Charge '' ?,hum
What is the gestation period for human pregnancies ?,num
Where did the name Daniel originate ?,loc
What are common methods used to regulate monopolies ?,enty
What category does the color pink denote in the Trivial Pursuit Baby Boomer Edition ?,desc
How long does the average domesticated ferret live ?,num
Name the Islamic counterpart to the Red Cross .,enty
What are the historical trials following World War II called ?,enty
What is Margaret Thatcher known for ?,desc
Name the country of giants twelve times the size of man in `` Gulliver 's Travels . '',loc
What 's men 's par on a 455-yard golf hole ?,num
What four elements make up 90 percent of the human body ?,enty
How many countries are there ?,num
Where does most of the marijuana entering the United States come from ?,loc
Stuart Hamblen is considered to be the first singing cowboy of which medium ?,enty
What is the most common cancer ?,enty
Who are the top 10 richest people in the world ?,hum
How do I contact Answers.com direct ?,desc
What causes a person to have constantly sweaty hands and feet ?,desc
What happened to Answers.com ?,desc
What is the spectrum of a sine wave ?,desc
What ethnic group introduced the idea of potlatch ?,hum
What is a person 's socioeconomic position ?,desc
How many yards are in 1 mile ?,num
What actor was the first man to appear on the cover of McCall 's ?,hum
What Cruise Line does Kathie Lee Gifford advertise for ?,hum
What does the name Jenna mean ?,desc
Why do girls have to wear training bras ?,desc
When was the first successful heart transplant for a human ?,num
How did Edith Bunker die ?,desc
"What country boasts Cawdor Castle , Glamis Castle , and Blair Castle ?",loc
Define Spumante .,desc
What country is Mount Everest in ?,loc
Name the Four Horsemen of the Apocalypse .,hum
What are geckos ?,desc
What is the name of a book written by Aaron Hass ?,enty
What is cosmology ?,desc
How many watts make a kilowatt ?,num
What TV series features the adventures of a married couple named Jonathan and Jennifer ?,enty
What female faith healer wrote the inspirational book I Believe in Miracles ?,hum
Who was Jinnah ?,hum
What did Esquire name Ash Hole of the Year for 1980 ?,enty
Where did King Francis I hang the `` Mona Lisa '' when he owned it ?,loc
What 's been the ruin of many a poor boy in New Orleans ?,enty
What is habeas corpus ?,desc
How do you use an intranet ?,desc
How many times has Harold Stassen announced a drive for the White House ?,num
What are bottle caps with presidents ' pictures inside worth ?,num
Where can I find the history of the Hungarian language ?,loc
"Why do USA fax machines not work in UK , NNP ?",desc
What cigarette is `` a whole new world '' ?,enty
Who tramped through Florida looking for the Fountain of Youth ?,hum
"In 1990 , what day of the week did Christmas fall on ?",num
What is the name of the song that Dracula plays on the organ ?,enty
What two animals are specifically mentioned as being in Noah 's Ark ?,enty
What is federal income tax ?,desc
"What disease plagued Europe , Africa and Asia ?",enty
What card game can feature dealer 's choice ?,enty
How many American soldiers are stationed in South Korea ?,num
What is a fear of failure ?,enty
How many feet more than 2 is the average height of the Great Wall of China ?,num
What was the verdict in the 1925 trial of John T. Scopes ?,desc
What is the best way to travel in Japan ?,enty
How long ago did the Anglican church part from the Vatican ?,num
How much did Lucy Van Pelt originally charge for psychiatric sessions ?,num
Who followed up his first two underwater thrillers with The Girl of the Sea of Cortez ?,hum
When was the Parthenon built ?,num
What 1895 H.G. Wells novel was written under the title The Chronic Argonauts ?,enty
What is a common dolphin ?,desc
How is Answers.com funded ?,desc
How long does a pig 's orgasm last ?,num
What U.S. state comes last in an alphabetical list ?,loc
How many mountains have been named for Presidents in the continental USA ?,num
What are the unemployment statistics for the years 1965 and 1990 ?,num
Who is the one Independent Member of Congress ?,hum
What is a society ruled by elders ?,hum
Which of the Seven Dwarfs comes first alphabetically ?,hum
What professional cricketer 's son wrote The War of the Worlds in 1898 ?,hum
What condiment do the Dutch dip their French fries in ?,enty
Which comic strip was never turned into a Broadway musical ?,enty
In what war was the first submarine used ?,enty
CPR is the abbreviation for what ?,abbr
How many inches apart are adjacent pins in tenpin bowling ?,num
How many miles of corridors are in The Pentagon ?,num
What U.S. state includes the San Juan Islands ?,loc
What do the red-and-white stripes on a barbershop pole stand for ?,desc
Name the ship Beany and Cecil sailed .,enty
How deep is a fathom ?,num
What was the `` Dead Man 's Hand '' ?,desc
What was Fred Astaire 's dancing partner 's name ?,hum
How do I find a web address for a company ?,desc
What is the highest number of home runs on record for any one game ?,num
What are some of Australia 's native flora ?,enty
How many quarts of whole milk is needed to make one pound of butter ?,num
How old is the universe ?,num
When does the Bible say the seasons started ?,num
What animal has been called The Poor Man 's Cow ?,enty
Where did the marriage ceremony come from ?,desc
What bordering country is due north of Costa Rica ?,loc
What Morris West novel deals with Russian bishop who becomes Pope ?,enty
What nation boarders Mozambique ?,loc
The Olympic Games in which year allowed Nadia Comaneci to become popular ?,num
What TV talk-show host lends his name to a line of men 's clothing ?,hum
What soft drink held a national flavor poll in 1967 ?,enty
Colin Powell is famous for what ?,desc
The Jewish alphabet is known as what ?,enty
What is a fear of home surroundings ?,enty
How many people die of tuberculosis yearly ?,num
What is a specimen of basidiomycetes ?,desc
Who invented the electric guitar ?,hum
What is the capital of California ?,loc
What country comes last in an alphabetical list ?,loc
What are faults in the earth 's crust ?,desc
What was an `` Asiento '' ?,desc
What kind of greeting is appropriate to send on Yom Kippur ?,desc
How hot should the oven be when baking Peachy Oat Muffins ?,num
What is dextropropoxyphen napsylate ?,desc
What Don McLean song laments the day Buddy Holly died ?,enty
What is Srpska Krajina ?,desc
How was the Kennedy money made ?,desc
What country is the worlds leading supplier of cannabis ?,loc
What was the orca 's name that died of a fungal infection at Sea World ?,enty
Who is the President of Pergament ?,hum
What does Esa-Pekka Salonen look like ?,desc
"What cereal goes `` snap , crackle , pop '' ?",enty
How did water appear on the earth ?,desc
Where did Hillary Clinton graduate college ?,loc
What does Robert mean ?,desc
How do anti-locking brakes work ?,desc
What colors is magenta made of ?,enty
How does the chain of command work inside an US army Apache helicopter ?,desc
Which medium is Hamblen the first singing cowboy in ?,enty
What is the name of Jamiroquai new album ?,enty
What is a hormone ?,desc
What American naval officer broke Japan 's isolationist policy in 1853 ?,hum
What is fellatio ?,desc
What characteristics contribute to its `` intelligence '' ?,desc
What significant battle was fought in Belgium in 1815 ?,enty
Which police department made the all-time biggest cocaine bust in Ventura County ?,hum
Who gave us the `` Rolling Writer '' ?,hum
Who wrote The Secret Life of Walter Mitty ?,hum
What 1965 film had Jack Lemmon portraying a cartoonist ?,enty
What is fiber in food ?,desc
What 's the traditional drink at the Kentucky Derby ?,enty
Who is the head of the World Bank ?,hum
"Why do some jets have a vapor trail , and others do not ?",desc
What is a fear of childbirth ?,enty
What species was Winnie the Pooh ?,enty
What is the most popular last name ?,hum
What does an ashen-faced eidologist search out the existence of ?,enty
Who moderated the first Kennedy-Nixon TV debate ?,hum
Who portrayed George M. Cohan in 1942 's Yankee Doodle Dandy ?,hum
What is the S&P 500 used for ?,desc
What does `` Philebus-like '' mean ?,desc
When was Nostradamus born ?,num
What are the ingredients of Coca-Cola ?,enty
Who 's the only U.S. president to have won a Pulitzer Prize ?,hum
What is nuclear proliferation ?,desc
Who was Maria Theresa ?,hum
What is the country of origin for the name Thomas ?,loc
Why do you say `` God bless you '' when people sneeze ?,desc
What is the population of the largest Chilean city,num
What country has the highest per capita consumption of cheese ?,loc
What is Larry King 's occupation ?,hum
Who invented `` The Muppets '' ?,hum
"Why does a wheel , e.g. a car tire , appear to spin in the opposite direction as it slows down ?",desc
What sea is Bombay on ?,loc
Who are cartoondom 's Super Six ?,hum
What does `` E Pluribus Unum '' on the penny mean ?,desc
What 's the difference between TFT and dual-scan display ?,desc
What fool is not so wise To lose an oath to win a paradise ?,hum
What is the English meaning of caliente ?,desc
Where in the Americas is it only 47 miles from the Atlantic to the Pacific ?,loc
What does the word `` opera '' mean ?,desc
How tall was the animated Frankenstein,num
How do you ask questions ?,desc
What U.S. city is known as The Rubber Capital of the World ?,loc
How can you become an FBI agent ?,desc
What is the world 's best selling cookie ?,enty
How many miles is it from NY to Austria ?,num
Where did the energy for the Big Bang come from ?,desc
What is the difference between the Koran and The Bible ?,desc
What monarch signed the Magna Carta ?,hum
What 's the U.S. Navy hymn ?,enty
How many sides does a heptagon have ?,num
What Grand Slam golf tournament wasn 't held between 1940 and 1945 ?,enty
What is idealab ! ?,desc
Where are there aborigines ?,loc
What toy can you make sleep ?,enty
What caused the division between the Anglicans and the Vatican ?,desc
What corporation does Madonna advertise for ?,hum
On what river is Rome built ?,loc
"Where on the Web is Adventours Tours from Sydney , Australia ?",loc
Where were the 1936 Summer Olympics held ?,loc
What cathedral was Thomas Becket murdered in ?,loc
Why was Curious George curious ?,desc
How did U.S.A become involved in the Barbary Wars,desc
The Kentucky Horse Park is close to which American city ?,loc
What store does Martha Stewart advertise for ?,hum
What do you know about multicultural and multilingual schools ?,desc
What is the origin of U.S. Army sergeant 's stripes ?,desc
How old was Sir Edmund Hillary when he climbed Mt. Everest ?,num
Where in a tree does photosynthesis occur ?,loc
What are some science fair projects for 8th graders ?,enty
What strait links the Mediterranean Sea and the Atlantic Ocean ?,loc
What airport is on the Piccadilly subway line ?,loc
Which police department made the largest cocaine seizure ever in Ventura County ?,hum
What color is the eight-ball in pocket billiards ?,enty
What did Benny Carter play ?,enty
What seven digits follow the area code in the number for long distance information ?,num
What city 's airport is named Logan International ?,loc
What Pope inaugurated Vatican International Radio ?,hum
How many times more than 3,num
How many names are there for Eskimo people ?,num
"What king is satirized in the line : `` The King was in the countinghouse , counting all his money '' ?",hum
What is the nickname of Pennsylvania ?,loc
What causes headaches ?,desc
Names of books by James A. Michener set in the following locations ?,enty
When was the first stained glass window made ?,num
What company 's trademark was His Master 's Voice ?,hum
What Pope inaugurated Vatican International Radio ?,hum
What director made one silent and one sound version of The Ten Commandments ?,hum
When did swimming become commonplace ?,num
Which presidents of the USA were Masons ?,hum
Who was the tallest U.S. president ?,hum
What is the largest museum in the world ?,loc
How can I enforce new rules to a group of youngsters who have been allowed to do as they please .,desc
What character in The Beverly Hillbillies has the given names Daisy Moses ?,hum
What comedienne calls her sister-in-law Captain Bligh and her mother-in-law Moby Dick ?,hum
How many gallons of paint does it take to paint the Golden Gate Bridge ?,num
What president also became a supreme court justice ?,hum
When does menstruation begin ?,num
What is the only modern language that capitalizes its singular first-person pronoun ?,enty
"What is the claim to fame of Agra , India ?",desc
What flag flies over Wake Island ?,enty
How deep is a fathom ?,num
What Kennedy was married to Ethel ?,enty
What is the most famous German word in the English language ?,enty
Who was actress June Havoc 's legendary sister ?,hum
What is widely used to detect birth defects ?,enty
What is the chromosome number of an elephant ?,num
Who killed JFK ?,hum
Who was the star witness at the Senate Watergate hearings ?,hum
What is the Order of the Arrow in Boy Scouts ?,desc
In what country is a stuck-out tongue a friendly greeting ?,loc
What are the five basic swimming strokes ?,enty
Who is the son-in-law of Sen. Everett Dirkson who was also a senator in the '70 's ?,hum
Where is Erykah Badu originally from ?,loc
Where can I buy a pony on the Big Island for my daughter ?,loc
What is the recipe or formula for Coca-Cola ?,enty
Who made the rotary engine automobile ?,hum
"What is the origin of the term `` blue moon , '' and how often do they occur ?",desc
How many blacks served in the Vietnam War,num
What were the last names of gangsters Bonnie and Clyde ?,hum
What is the address of the famous Mexican star `` Thalia '' ?,loc
What does a man suffering from diphallic terata have ?,enty
Who invented panties ?,hum
What is Pittsburgh 's baseball team called ?,hum
What President had never held an elected office until he was elected to the White House ?,hum
What are the diseases that can be cured by black cumin ?,enty
What fruit does the ficus produce ?,enty
Who is the richest person in the world ?,hum
What is an aurora ?,desc
How much time does the blinking of an eye take ?,num
What made the short-lived Star Hawks strip so unique ?,desc
What 's the biggest-selling U.S. magazine aimed at a black audience ?,enty
How deep is a fathom ?,num
What is the primary language of the Philippines ?,enty
When did the use of `` the syringe '' first appear in medicinal history ?,num
What was the Long March in China ?,desc
What international organization was founded by Clara Barton ?,hum
What corporation does Madonna advertise for ?,hum
What is the Islamic equivalent of the Red Cross ?,enty
How many people visit the Pope each month ?,num
What planet gave bith to Superman ?,loc
What month of the year is there no television in Iceland ?,num
What George Harrison tune sounded too much like He 's So Fine by The Chiffons ?,enty
Who is buried in the great pyramid of Giza ?,hum
"What is the most important nation in the world , historically ?",loc
What is the current unemployment rate in the U.S. ?,num
When was the first railroad from the east coast to the west coast completed ?,num
How fast can a Corvette go ?,num
What do a diamond and lump of coal have in common ?,desc
What famous actress made her first appearance on stage at the age of five in the year 191 as `` Baby '' ?,hum
What effect does LSD have on the brain ?,desc
What are the three most successful companies of our time ?,hum
How much did a McDonald 's hamburger cost in 1963 ?,num
What is the name of the company that manufactures the `` American Girl '' doll collection ?,hum
What is a horologist ?,desc
What was the effect of the Yalta Conference ?,desc
Where is the group M People from ?,loc
What country is famous for Persian rugs ?,loc
How many were in attendance at the Last Supper ?,num
How long should you feed your puppy Purina Puppy Chow ?,num
What do the figures represent on the Easter Island ?,desc
"What magazine paid $5 , 000 for an eight-millimeter film of John F. Kennedy 's assassination ?",enty
What is the name given to the Islamic counterpart of the Red Cross ?,enty
How does a submarine operate ?,desc
What city is graced by the Arch of Titus ?,loc
What is Michael Jackson 's father 's name ?,hum
Who was the girl in Peter Sellers 's soup ?,hum
What creative genius said : `` Everything comes to him who hustles while he waits '' ?,hum
How is Paraguay for vacations ?,desc
Where is the world 's most active volcano located ?,loc
What country is bounded in part by the Indian Ocean and Coral and Tasman seas ?,loc
How many people did Randy Steven Craft murder ?,num
What do you call a section of your finger from one joint to another ?,enty
"What happened on January 15 , 1969 ?",enty
What Muhammad Ali maneuver was George Foreman the first victim of ?,enty
How many small businesses are there in the United States ?,num
Who was Ben Casey 's boss ?,hum
What multitalented Academy-award-winning director failed a college course in motion-picture production ?,hum
Where is Ayer 's rock ?,loc
What 's a Craps player called ?,enty
When was the Berlin Wall erected ?,num
What is the name of the game that Garry Kasparov plays ?,enty
What Caribbean cult did Marcus Garvey originate ?,enty
What is the most widely cultivated plant ?,enty
What wild and crazy guy wrote a book called Cruel Shoes ?,hum
What city 's theatrical district has been dubbed The Roaring Forties ?,loc
What should the temperature be set at while baking Peachy Oat Muffins ?,num
What police force did Mack Sennett create ?,hum
How many home runs did Babe Ruth hit in his lifetime ?,num
"Who was in Death of a Salesman original movie , not 1985 ?",hum
How do I get a complete list of all the people that are living with the last name Kilvington ?,desc
What is Dr. Ruth 's last name ?,hum
What 's the world 's most common compound ?,enty
Where was George Washington born ?,loc
How many colors are there in the spectrum ?,num
What 's the middle name of movie producer Joseph E. Levine ?,hum
Define Sinn Fein .,desc
What two Caribbean countries share the island of Hispaniola ?,loc
What is in baby powder and baby lotion that makes it smell the way it does ?,desc
What is probability theory ?,desc
Who told all in Ball Four ?,hum
What kind of car did Janis Joplin ask the Lord to buy her ?,enty
Who followed Willy Brandt as chancellor of the Federal Republic of Germany ?,hum
What continent 's second-highest peak is Mont Blanc ?,loc
What Peruvian city is home to the mummified body of Francisco Pizarro ?,loc
When did French revolutionaries storm the Bastille ?,num
How can I look up someone 's E-mail address on the Internet ?,desc
How many men died building the Mackinaw Bridge ?,num
How do you tell somebody you like them ?,desc
What name does the world know Renaissance artist Kyriakos Theotokopoulos by ?,hum
Who is the president of Bolivia ?,hum
What nationality is Gorbachev ?,loc
Who played the title role in The Romantic Englishwoman ?,hum
What President once told Gene Autry : `` Please give my regards to your wife Dale '' ?,hum
Who made the deodorant that claimed that it `` actually builds up resistance to odor '' ?,hum
What is the shape of a football as stated in the NFL rulebook ?,enty
What is the origin of thank you notes ?,desc
Who used AuH2O as an election slogan ?,hum
How long do you have to pay back debt after claiming chapter 11 bankruptcy ?,num
What Shakespearean play featured Shylock ?,enty
Which magazine is `` fine entertainment for men '' ?,enty
What features of the African elephant are larger than those of the Indian elephant ?,desc
What ocean surrounds the Maldive Islands ?,loc
What South American country won its first World Cup soccer title in 1978 ?,loc
What painter popularized soup cans and Brillo soap pad boxes ?,hum
Who played Lucas McCain on The Rifleman ?,hum
What colorful sea 's region does Greek legend say the Amazons lived near ?,loc
On what continent is Mozambique ?,loc
What words in the English have two u 's back to back ?,enty
What do Hasidic Jews refrain from while dating ?,enty
"What was the name given the 6 , 500 German airforce troops that used the Spanish Civil War as a training exercise ?",hum
What is the poetic meter of blank verse ?,desc
Rotary engine cars were made by what company ?,hum
Who was the lawyer who represented Randy Steven Craft ?,hum
What is the history of the soft drink Mr. Pibb ?,desc
"Which is a real berry : blackberry , cranberry , raspberry , strawberry ?",enty
What materials did the three little pigs use to build their houses ?,enty
What part did Benjamin Franklin play in the development of the newspaper in America ?,hum
When was Microsoft established ?,num
"When did President Kennedy , Lee Harvey Oswald , and Jack Ruby all die ?",num
What is the U.S. location of Procter & Gamble corporate offices ?,loc
What is platinum ?,desc
What state is known as the Hawkeye State ?,loc
Who is the prime minister of Australia ?,hum
What are all the southern states of the U.S. ?,loc
What does the River Seine empty into ?,loc
What did people use to freshen their breath before toothpaste ?,enty
Which airplane was Fawaz Younis convicted of hijacking ?,enty
What state did Anita Bryant represent in the 1959 Miss America contest ?,loc
How many soldiers were involved in the last Panama invasion by the United States of America ?,num
Describe the Long March .,desc
What major league baseball team compiled the best won-lost record between 1957 and 1983 ?,hum
How many propellers helped power the plane the Wright brothers flew into history ?,num
"Who died with more than 1 , 000 U.S. patents to his credit ?",hum
What was the name of Randy Steven Craft 's lawyer ?,hum
Who won the first general election for President held in Malawi in May 1994 ?,hum
Where is South Bend ?,loc
What country has the most coastline ?,loc
What two states is Washington D.C. between ?,loc
In what year did Joe DiMaggio compile his 56-game hitting streak ?,num
What year was the setting for American Graffiti ?,num
When did the art of quilting begin ?,num
Why are eggs supposed to be stored small end down ?,desc
What must be exceeded to produce a sonic boom ?,enty
What is a fear of fish ?,enty
How much did the Iran-Contra investigation cost ?,num
What does the double-O indicate in 007 ?,desc
"What Argentine revolutionary fought with Castro and died in Bolivia in May , 1979 ?",hum
What botanical marvel did Nebuchadnezzar build ?,loc
What 's known as The queen of Drinks ?,enty
What famous comic strip character died of acne ?,hum
What is an aortic abdominal aneurysm ?,desc
What are chloroplasts ?,desc
How many John Deere tractors have been manufactured ?,num
Who is Zebulon Pike ?,hum
When did communist control end in Hungary ?,num
How do I legally make my own will and testament ?,desc
How do you make the color purple ?,desc
What beer 's name is translated as `` lion brew '' ?,enty
What has been the most common Christian name of U.S. presidents ?,hum
How many cherubs are there on a Trivial Pursuit board ?,num
How can I search for a word within my own webpage ?,desc
How many people live in Chile ?,num
What sport do the Cleaveland Cavaliers play ?,enty
What European country 's monarchy was restored in 1975 ?,loc
"Why are sometimes your hands cold , but the rest of you isn 't ?",desc
What English explorer discovered and named Virginia ?,hum
What war added jeep and quisling to the English language ?,enty
What people make up half the Soviet Union 's population ?,hum
What money was used here ?,enty
When did Charles Lindbergh die ?,num
How many athletes did Puerto Rico enter in the 1984 Winter Olympics ?,num
What is the highest continent ?,loc
Who used to make cars with rotary engines ?,hum
"What is the meaning of caliente , in English , ?",desc
Where can I find information on becoming a journalist ?,loc
What did Jack exchange with the butcher for a handful of beans ?,enty
In what city does Maurizio Pellegrin now live ?,loc
Who was Buffalo Bill ?,hum
What 's the shape of a camel 's spine ?,enty
What type of currency is used in China ?,enty
What is the temperature today ?,num
What is the temperature for cooking ?,num
What currency is used in Australia ?,enty
