text,label,document,year,annotator
Bisher wurden 76 Vorhaben auf einer Gesamtfläche von über 3.500 Quadratkilometern in die Förderung aufgenommen,0,508530,2012,21
2010 wurden drei neue Kapton®-Folien der Serie PV9100 für dünnschichtige PV-Module auf der Basis von amorphem Silizium (a-Si) und von Kupfer-Indium-Gallium-Diselenid (CIGS) präsentiert.,0,427359,2011,21
"In der im Frankenthaler Hemmer Verlag erschienenen Ausarbeitung entwickelt der Mannheimer Wirtschaftswissenschaftler nicht nur ein Modell für die Ziel- und Strategieentwicklung von Fakultäten, sondern gibt auch konkrete Handlungsanweisungen, wie sich Fachbereiche für die geänderten Rahmenbedingungen rüsten sollten.",0,52237,2002,21
"Der wirtschaftliche Aufschwung bringt es an den Tag: In Deutschland fehlen Fachkräfte, insbesondere Ingenieure und Naturwissenschaftler.",1,217916,2007,21
"„Prinzipiell kann eine einzige T-Zelle ausreichen, um einem Patienten einen wirksamen und dauerhaften Immunschutz gegen einen bestimmten Erreger oder ein Tumorantigen zu übertragen.",0,597487,2014,21
Pressekontakt: Geschäftsstelle Gleichstellungsbericht Fraunhofer-Gesellschaft Dr. Markus Motz Hansastr.,0,406196,2011,21
Theoretische Grundlage hierzu ist die Neue Institutionenökonomik.,0,21728,2000,21
Link zur Online-Veröffentlichung: <http://www.nature.com/ngeo/journal/vaop/ncurrent/full/ngeo411.html> Internationale Forschergruppe implementiert neues Tool Kontakt: PD Dr. Mara Weinelt Institut für Ur- und Frühgeschichte Christian-Albrechts-Universität zu Kiel Tel.,1,296984,2009,21
Wenig zuversichtlich fallen die Antworten bei der persönlichen Altersversorgung aus - das gilt besonders für Russland (13%) und Portugal (16%).,1,263257,2008,21
"Daher arbeiten Forscher unterschiedlicher Disziplinen wie der Mathematik, Physik, Statistik, Informatik aber auch der Geowissenschaften, Meteorologie und Klimaforschung mit Hochdruck an neuen Modellen, Methoden und Techniken zu ebendiesen Extremereignissen.",1,603396,2014,21
"„Eine wirksame Gleichstellungspolitik muss solche Fehlanreize vermeiden und darauf achten, dass Entscheidungen keine negativen Folgen für bestimmte Bevölkerungsgruppen oder ein Geschlecht haben.",0,406196,2011,21
Geeignete Daten liefern eine Basis für solche schwierigen Entscheidungen.“ “Electing Health – The Europe We Want” ist das Motto des diesjährigen EHFG.,1,606206,2014,21
"Verengte Sicht auf Alternativen macht blind für die besten Optionen Menschen, die eine Entscheidung zu treffen haben, sind oftmals nicht in der Lage, alle für sie relevanten Alternativen zu erkennen.",1,637479,2015,21
"Aus diesem Bericht ergibt sich, dass die amtlich anerkannten Begutachtungs-stellen in der Regel gute Arbeit leisten.",3,70667,2003,21
"Wenn die Klasse gross ist, stehen damit die Chancen schlecht, überhaupt etwas zu lernen"", erläutert Senn.",1,301565,2009,21
"„Die in Deutschland praktizierte Form der Corporate Governance bietet zentrale Voraussetzungen dafür, es besser zu machen.",0,529031,2013,21
"So lässt sich an keiner anderen Entzündungskrankheit – wie Gelenkrheuma oder Multiple Sklerose – einfacher als an Schuppenflechte studieren, wie Krankheits- oder Heilungsprozesse voranschreiten.",1,441462,2011,21
"Die jüngste Prognose, die sich streng an die Regel des Modells hält, berücksichtigt den Durchschnitt der Kanzlerpopularität im Juli und August.",0,51950,2002,21
Die Umsetzung der Empfehlungen als Leitplanken für den universitären Wettbewerb lässt eine große Dynamik für die Spitzenforschung in der Bundesrepublik erwarten.,1,645206,2016,21
"Die beste Übereinstimmung zeigen die tropischen Rekonstruktionen, die im Unterschied zu früheren Daten auf ausgeprägte Unterschiede zwischen Atlantik, Indik und Pazifik schließen lassen sowie auf eine jeweils stärkere Abkühlung auf der Ostseite hindeuten.",0,296984,2009,21
"Die öffentliche Debatte um die Fairness der ausgewählten Qualitätsindikatoren wird zudem das interne Qualitätsmanagement in den Systemen erheblich fördern.""",1,75882,2004,21
"Diese Informationslücken fallen umso schwerer ins Gewicht, als geringe Informiertheit das Stimmverhalten und den Ausgang des Volksentscheids beeinflussen kann.",0,373678,2010,21
"„Wir plädieren für eine Distanzierung von der Vorstellung, dass Kreativität und Genialität ‚fremdartig’ sind,“ sagte Professor Haslam.",0,556681,2013,21
"Das Pilotprojekt ""Szenarien für mehr Selbstverantwortung und Wahlfreiheit im Gesundheitswesen"" ist mit finanzieller Unterstützung durch das Sozialministerium Baden-Württemberg, der Landesärztekammer Baden-Württemberg und der Gottlieb Daimler- und Karl Benz-Stiftung zustande gekommen.",0,57215,2002,21
"„In diesen Gesellschaften scheint der Aufsichtsrat seine Überwachungsfunktion eher an den gesetzlichen Mindeststandards auszurichten.“ So verfügen alle der gemessen am AUFSICHTSRATS-SCORE schwächsten 13 MDAX-Unternehmen über einen dominierenden Großaktionär, der zwischen 25 Prozent (Aurubis) und 100 Prozent (Jungheinrich) der Stimmrechte kontrolliert.",0,643021,2015,21
"Um diese zu erschließen, müssten die kompetenzbezogenen und thematischen Schnittmengen zwischen den Clustern in Mitteldeutschland gezielt identifiziert und genutzt werden.",3,463161,2012,21
"Um diese Forschung voranzutreiben und inhaltlich weiterzuentwickeln, wurde im April 2010 die Strategische Partnerschaft »Produktivität von Dienstleistungen« ins Leben gerufen.",0,531188,2013,21
"Dies gilt selbst unter Berücksichtigung der Rolle von Selektionseffekten, die sich dadurch ergeben können, dass ohnehin besser integrierte Migranten häufig eine höhere Einbürgerungsbereitschaft mitbringen, also nicht erst durch den neuen Pass auf den Erfolgsweg geführt werden.",1,624783,2015,21
"Nur so jedoch koennen Erfolge erlebt werden, die zu weiterer Anstrengung motivieren.",1,12696,1999,21
"In dieser Absicht wollen sie im eigenen Herrschaftsgebiet eine reine und strenge Version des Islam verwirklichen, dem Leben der sunnitischen Gläubigen einen Sinn geben, die Sharia mit dem Schwert durchsetzen und als Führer des Islam anerkannt werden.",0,642209,2015,21
"Während bei der reinen Nutzung IT-gestützte Buchhaltung und IT-gestütztes Controlling ganz oben stehen, stufen nur knapp 30 Prozent der Unternehmen ihre Bedeutung für Auslandsaktivitäten als hoch ein.",0,168604,2006,21
"Weitere Informationen: <www.diejungeakademie.de/publikationen/magazin/heft9> Ansprechpartner: Dr. Tobias Jentsch, Geschäftsstelle der Jungen Akademie, Tel.",0,299845,2009,21
"Welche Hilfe wann und vor allem durch wen geleistet wird, kann so individuell bestimmt werden.",0,124368,2005,21
"In nur zwei Wochen haben das Fraunhofer FKIE und das THW gemeinsam der Rettungsspinne Einsatzmöglichkeiten erschlossen, die vorher nicht oder nur schwer möglich schienen.",1,573510,2014,21
"„In den Großunternehmen sank dagegen zwischen 2001 und 2009 die Nettobeschäftigung um 1,2 %.",0,534515,2013,21
Wie ist nachhaltiges Wirtschaften machbar?,0,68360,2003,21
"Nutzer könnten ihre Zustimmung geben, bis zu 10-20 % ihrer Rechnerleistung zur Verfügung zu stellen, ohne dass sich dies nachteilig auf die Leistung ihrer Computer auswirken würde.",3,631033,2015,21
"Mehr Unterstützung für Immobilienkäufer Die Politik sei gefordert, Bedingungen für eine größere Zufriedenheit von Mietern und Wohneigentümern zu schaffen, stellt Prof. Dr. Brettschneider fest.",0,630227,2015,21
"Die Resultate der Forschungsgruppe geben Aufschluss über die räumliche und zeitliche Regulation von Signalwegen, die es Zellen möglich machen, in eine bestimmte Richtung zu migrieren.",0,606446,2014,21
Die Ergebnisse sind ab sofort in gedruckter Form als Produktivitätsleitlinien verfügbar.,0,531188,2013,21
"Ziel des BMBF-Förderprojekts ""Unabhängige Forschergruppen in den Neurowissenschaften"" ist es, die Karrierechancen von Frauen in den Neurowissenschaften zu erhöhen.",0,272947,2008,21
Fußball vereint: junge Frauen und Männer im WM-Fieber Die aktuelle Erhebung untersucht zusätzlich den Einfluss der Fußballweltmeisterschaft auf die Stimmung in Deutschland.,0,592837,2014,21
"Die molekularen Ursachen der Thermostabilität von Proteinen liegen allerdings noch weitgehend im Dunkeln, da sich homologe Proteine aus mesophilen und thermophilen Organismen meist sehr stark in ihrem Aufbau, d. h. in ihrer Aminosäuresequenz unterscheiden.",1,21425,2000,21
Das Testsystem kann an verschiedene Treiberlaser angepasst werden und so eine große Bandbreite an Applikationsparametern bereitstellen.,0,633037,2015,21
Lore Funk und Wenka Wentzel formulieren auf dieser Grundlage Praxisempfehlungen: Initiativen zur weiblichen Nachwuchskräftegewinnung im MINT-Bereich sollten die vielfältigen Erwartungen der Mädchen an ihre berufliche Zukunft widerspiegeln.,1,600863,2014,21
"Wie sich das für die rationale und effiziente Entwicklung neuer Medikamente nutzen lässt, wird auf dem Workshop diskutiert.",0,441462,2011,21
Volkskundlerin Hänel hat alle Ausgaben gesichtet und die wichtigsten Artikel hinsichtlich Wortwahl und Inhalt analysiert.,0,70274,2003,21
"Ihre Integrationslösungen, die auf der Virtual-Reality-Technologie basieren, lassen sich in allen mit 3D-Konstruktion befassten Unternehmen einsetzen, würdigte die Jury die Leistung der zukünftigen Jungunternehmer in ihrer Begründung.",0,33591,2001,21
Denn in diesem komplexen Umfeld lassen sich mit dem System zum Beispiel Trainingsszenarien optimal durchführen: So kann ein Ausbilder mit Hilfe des dreidimensional visualisierten Schiffsmodells völlig gefahrlos einen Havariefall für die Kursteilnehmer simulieren.,1,33591,2001,21
Darüber hinaus hat auch die regionale Raumplanung großen Einfluss auf den Standort der Windkraftanlagen.,0,597650,2014,21
"Deshalb entwickelten die Forscher des Fraunhofer-Instituts für System- und Innovationsforschung ISI zwei Szenarien für die Zukunft erneuerbarer Energieträger: eines BAU (Business As Usual) genannt, das auf der aktuellen Politik basiert und ein zweites ADP (Accelerated Deployment Policies), das eine stärkere Förderung erneuerbarer Energien annimmt.",0,318659,2009,21
"Diese Modellvorstellungen sind sicher eine Grundlage, neuartige Therapiemodalitäten zu erforschen, damit Tumorstammzellen als Quelle von Rezidiven und Metastasen erfolgreich ausgeschaltet werden können.",1,521587,2013,21
"Der Titel lautet: ""Your amazing immune system: how it protects your body"".",1,332897,2009,21
"„Dafür sind weitere umfangreiche Berechnungen erforderlich, die vielleicht sogar zu dem Ergebnis führen werden, dass der Wert weit oberhalb von 7 liegt“, erklärt der Wirtschaftsmathematiker Dr. Sascha Kurz.",0,635584,2015,21
"Im Kern geht es darum, Dienstleistungsproduktivität zu verstehen, zu messen und zu gestalten.",0,531188,2013,21
Besonders gut wird die Erreichbarkeit der Lehrenden und deren Beratung wahrgenommen: 82 Prozent der Teilnehmerinnen und Teilnehmer geben hier ein positives Urteil ab.,0,632466,2015,21
"Viele dieser Zusammenhänge seien zwar höchstwahrscheinlich, vermutet Höglinger, ""bislang konnte sie aber niemand beweisen.""",3,148243,2006,21
Ohne sie geht in vielen Forschungsbereichen nichts mehr.,1,464865,2012,21
"Die ersten Auswertungen der Interviews mit den Neunzehnjährigen bestätigen, dass in beiden Kulturen Vertrauen und Intimität zwar wichtig bleiben, dass aber zugleich gesehen wird, dass Freundschaften in ein Netz aus anderen Beziehungen eingebettet sind und Raum für die Entfaltung von Individualität lassen müssen.",0,53001,2002,21
"Eine EU-Studie belegt, dass der Niedriglohnanteil in Deutschland bereits im Jahr 2000 erstmals über dem EU-Durchschnitt lag.",1,142462,2006,21
"Zum Vergleich: Im europäischen Durchschnitt lag diese bei 7,5 % und OECD-weit bei 5,4 %.",3,547677,2013,21
Bei Autoimmunkrankheiten angewandt erkennen und neutralisieren die Immunglobuline krankmachende Antikörper und unterdrücken entzündungsfördernde Stoffe im Gewebe.,0,191915,2007,21
"Die etwas geringere Neigung zur Unternehmensgründung in Baden-Württemberg ist für die Ex-perten allerdings noch kein Alarmsignal: Wesentlich für die von den jungen Unternehmen erhofften Impulse für den regionalen Arbeitsmarkt und den Strukturwandel ist für die Wissenschaftler, ob die Firmen überleben und wachsen.",0,12332,1999,21
"Auf der Basis ihrer Ergebnisse erstellen die Forscher nun ein Computermodell des Bienengehirns, das virtuelle Düfte mit einer Belohnung assoziieren und auf der Basis des Erlernten Entscheidungen treffen können soll.",0,411024,2011,21
"Leitlinien zur Förderung von Ökosystemleistungen Das Politikpapier definiert sieben Leitlinien für die Sicherung und Förderung von Ökosystemleistungen in Kulturlandschaften und zeigt auf, wie diese in dem in Deutschland bestehenden Politikgefüge konkretisiert und implementiert werden können.",0,533748,2013,21
"Die MARGO-Projektmitglieder, ein internationaler Zusammenschluss der nächsten Generation von Experten auf dem Gebiet der Klimarekonstruktion, haben nun die längst fällige globale Überarbeitung vorgelegt.",1,296984,2009,21
"Die Quellen seines Forschungsinteresses sieht Fritz Melchers in der Kreativität, die der Kunst wie der Wissenschaft eigen sei, und im Staunen über das Entdeck-te.",0,184764,2006,21
"Heute werden Schutzgebiete dort ausgeschieden, wo seltene Arten vorkommen und wo die Lebensraumvielfalt und somit die Artenzahl besonders hoch ist.",0,498223,2012,21
"DATENMENGEN IM DETAIL ANALYSIEREN UND SYSTEMATISCH AUFBEREITEN Die Märkische Fachhochschule Iserlohn, Standort Hagen, stellte geeignete Methoden und Softwareprodukte vor, mit deren Hilfe Unternehmen ihre Datenmengen im Detail analysieren und systematisch aufbereiten können.",0,27629,2000,21
In kurzen Beiträgen berichten die verschiedenen Institutionen - staatliche und nichtstaatliche Einrichtungen - über ihre wichtigsten Aktivitäten und größten Erfolge im zurückliegenden Jahr.,1,477839,2012,21
„Am Beispiel des Strontiumtitanats konnten mithilfe einer pyroelektrischen Messmethode die dynamischen defektchemischen und physikalischen Transportprozesse in externen elektrischen Feldern auf atomarer Skala studiert werden.,0,624936,2015,21
"Über den Marktmonitor Immobilien 2015 Der Marktmonitor Immobilen 2015 ist eine repräsentative Studie von immowelt.de und Prof. Dr. Stephan Kippes, Inhaber der Professur für Immobilienmarketing und Maklerwesen an der Hochschule für Wirtschaft und Umwelt Nürtingen-Geislingen (HfWU).",0,635265,2015,21
Das überzeugt: Mit 152.000 Mitgliedern ist der VDI die größte Ingenieurvereinigung Deutschlands.,0,584033,2014,21
"Aber wir wissen natürlich noch nicht, wie sich die Kampagnen in der heißen Wahlkampfphase entwickeln werden.",3,373678,2010,21
"> Das Fraunhofer-Institut für System- und Innovationsforschung ISI untersucht Chancen technischer Entwicklungen und deren Auswirkungen auf Wirtschaft, Staat, Gesellschaft und Umwelt.",0,221444,2007,21
"Weitere Informationen: Dr. Thomas Gschwend Mannheimer Zentrum für Europäische Sozialforschung (MZES)	Universität Mannheim 68131 Mannheim 0621.181.2809 (voice) 0621.181.2845 (fax) Thomas.Gschwend@mzes.uni-mannheim.de http://www.sowi.uni-mannheim.de/lehrstuehle/lspol1/gschwend.htm Prof. Dr. Helmut Norpoth Department of Political Science State University of New York at Stony Brook Stony Brook, NY 11790 001.631.632.7640 (voice) 001.631.632.4116 (fax) Helmut.Norpoth@sunysb.edu http://www.sunysb.edu/polsci/ Thomas Gschwend und Helmut Norpoth, ""Wenn am nächsten Sonntag ...: Ein Prognosemodell für Bundestagswahlen,"" in Wahlen und Wähler: Analysen aus Anlass der Bundestagswahl 1998, Max Kaase und Hans-Dieter Klingemann [Hg.], Opladen: Westdeutscher Verlag, 2001, 471-500.",0,50348,2002,21
"Die ""Magdeburger Alternative"" weist nach der IMK/WSI-Analyse wiederum so schwerwiegende methodische Probleme auf, dass die positiven Prognosen über 1,8 Millionen zusätzliche Arbeitsplätze und einen fiskalischen Nettogewinn nicht nachvollziehbar sind.",3,151995,2006,21
Die Augsburger Projektbeteiligten steuerten darüber hinaus auch die entsprechende echtzeitfähige Betriebssystemsoftware bei.,0,401466,2010,21
"Mit einem Niedriglohnsektor für Ungelernte kann das amerikanische Beschäftigungswunder in Deutschland nicht kopiert werden, weil das ""passende"" Arbeitskräfteangebot fehlt.",1,13456,1999,21
"Hier wünschten sich die meisten Händler mehr Nachhaltigkeit bei Verpackungslösungen (67 Prozent), Innovationen (56 Prozent) sowie die Zertifizierung von Nachhaltigkeitsaktivitäten (47 Prozent).",0,626912,2015,21
"Die Autorinnen Lore Funk und Wenka Wentzel setzen sich in ihren Untersuchungen mit den Wünschen, Werten und Berufsvorstellungen junger Frauen auseinander.",0,600863,2014,21
"Im Projekt wurde in einem Verbund aus Industrie und Forschung eine technische Plattform entwickelt, auf der zukünftig Betreiber von Marktplätzen von internetgestützten Dienstleistungen aufbauen können, um für konkrete Anwendungsfälle Marktplätze zu etablieren, der die Integration von Diensten und Apps sowohl für Dienstanwender als auch für Dienstanbieter ermöglicht.",0,594324,2014,21
Die frei zugängliche Veröffentlichung umfasst auch 10 Patientenanhänge und 2 Videosequenzen.,0,284525,2008,21
"Der Fokus der Untersuchungen lag nicht nur auf Bereichen, die typischerweise mit dem Tanzen in Verbindung gebracht werden, wie Stand-, Körperhaltung und Reaktionszeit, sondern auch auf der Motorik, Sensorik, Aufmerksamkeit, Denk- Merkfähigkeit, sowie der subjektiven Lebenszufriedenheit und der Leistungsfähigkeit des Herz-Kreislaufsystems.",0,520842,2013,21
Diskutiert wurde auch die Rolle der Projektförderung und Programmsteuerung im Innovationsprozess.,0,74604,2004,21
"Ihre Ansprechpartner dazu: Dr. Boris Augurzky, Tel.",0,72019,2003,21
Diese Forschungsergebnisse unterstreichen die Bedeutung von Kombinationstherapien bei der Behandlung von Krebspatientinnen und -patienten.,1,588450,2014,21
"Dienstleistungen in hybriden Leistungsbündeln Die reine Sachleistung - Unternehmen X stellt ein Produkt Y her und liefert es aus - ist auf dem Rückzug, gefragt sind heutzutage auch Dienstleistungen rund um das fertige Produkt.",1,261965,2008,21
"Daneben erfülle der Wald weitere Schutzfunktionen, wie den Erosions- oder Lawinenschutz und diene zusätzlich dem Menschen als Erholungs- und Erlebnisraum.",0,306430,2009,21
"In den südeuropäischen Ländern variiert der Mindestlohn zwischen 2,82 und 4,22 Euro, während die Mindestlöhne in den mittel- und osteuropäischen Ländern zwischen 0,53 und 1,76 Euro liegen.",0,191962,2007,21
Neue Impfstoffe und Zelltherapeutika sollen genau diesen Mechanismus nutzen – aber noch ist vieles über die Arbeitsweise dieses „James Bond des Immunsystems“ unbekannt.,1,645813,2016,21
"Die Bundesregierung solle sich im Rahmen ihrer EU-Präsidentschaft für die Entwicklung einer europäischen Mindestlohnpolitik stark machen, die auf eine koordinierte Mindestlohnnorm abzielt, empfiehlt der WSI-Tarifexperte Dr. Thorsten Schulten.",0,191962,2007,21
Nach der flächendeckenden Einführung der OP-Sicherheits-Checklisten auf Initiative der Chirurgischen Fachgesellschaft rückt jetzt die Vermeidung postoperativer Wundinfektionen in den Vordergrund.,0,322034,2009,21
"Defizite bestehen insbesondere bei der klinischen Forschung sowie bei der Überführung in die Kostenerstattung durch die Gesetzliche Krankenversicherung, eine wichtige Voraussetzung für die breite Nutzung innovativer Technik in der Gesundheitsversorgung.",0,323164,2009,21
"""Unsere Forschung zeigt, dass sich Personen spontan mit den Models vergleichen, die Ihnen aus der Werbung entgegen lachen.",0,361714,2010,21
"Simulationsstudie Maßgeblich für die Überzeugungskraft der Ergebnisse ist die Tatsache, dass sie sich auch in simulierten Gerichtsprozessen bewährt haben.",1,141418,2005,21
"Im Bereich der Forschung wird insbesondere die Frage der Steuerung und Gestaltung von Dienstleistungsprozessen im Vordergrund stehen: organisatorische Gestaltung und Koordination von Dienstleistungsprozessen, Steuerung von Dienstleistungsprozessen mit Hilfe von Kennzahlen, Steuerung von Dienstleistungsunternehmen mit Hilfe von Produktions- und Transaktionskosten.",0,21728,2000,21
"· Ein ausgebauter Sozialstaat kann nicht zugleich ein ""billiger"" Staat ein.",1,18056,2000,21
"Zum europäischen Tag der Agrobiodiversität erklärt das BfN: Fortschritte im Erhalt der biologischen Vielfalt können Naturschutz und Landwirtschaft nur gemeinsam erreichen Bonn, 28. September 2007: Nach Ansicht der Experten des Bundesamtes für Naturschutz (BfN) ist der Schutz der Agrobiodiversität eine der wichtigen Aufgaben des Naturschutzes in Deutschland und Europa.",0,227776,2007,21
"Deshalb ist davon auszugehen, dass auch die Stimmung hinsichtlich der Zukunft Deutschlands wieder deutlich zuversichtlicher wird, sobald sich eine tragfähige Lösung für die Schuldenkrise abzeichnet.“ Insgesamt zeigen die Ergebnisse für die Wirtschaft im monatlichen Verlauf des ersten Quartals 2012 nach größeren Schwankungen in den letzten beiden Jahren eine Stabilisierung – wenn auch auf leicht sinkendem Niveau: Im Januar 2012 lag der Wirtschaftswert bei 37 Prozent, im Februar bei 35 Prozent und im März bei 34 Prozent.",1,469049,2012,11
"Dies ist allerdings nicht nur ein akademisch wichtiger Meilenstein, sondern bestätigt, welches Potenzial diese besondere Art von optischer Faser aufweist, dem sich das Wissenschaftlerteam vom Photonic Communications Lab verschrieben hat.",2,608398,2014,7
"Es erleichtert den aktiven, barrierefreien Zugang für Menschen mit besonderen Bedürfnissen und ermöglicht die serverseitige Personalisierung von Interaktion, Präsentation und Inhalten - bis hin zur Anbindung von PDAs und Mehrsprachigkeit.",0,59826,2003,7
"Professor Ibriszimow: ""Dies führt im sogenannten Medienzeitalter zu echter Lesemotivation bei den Studierenden, die so zu wissenschaftlich versierten Lesern und Analytikern werden können.""",1,67025,2003,7
Darüber hinaus ist eine hohe Kompetenz in den klassischen Instrumenten des Projektmanagements unerlässlich für Effizienz und Effektivität.,1,72014,2003,7
Damit waren insbesondere die Verbesserungen der Motorik deutlich besser als in allen bislang durchgeführten Studien zu Hirnschrittmachern bei Morbus Parkinson.,2,539055,2013,7
"Gesteuert werden sollen die einzelnen Bereiche der Holding, in der Regel Lehrstühle oder so genannte ""Areas"", über Zielvereinbarungen.",0,52237,2002,7
"Am optimistischsten in den östlichen Bundesländern sind die Bürger in Mecklenburg- Vorpommern (54%), dicht gefolgt von den Brandenburgern (50%).",0,236723,2007,11
"Fiberio erlaubt es beispielsweise in Banken allen Mitarbeitern, Kundendaten einzusehen.",0,566055,2013,11
Bei diesen hätte ein auch mit Arbeitnehmervertretern besetzter Aufsichtsrat festgestellt werden müssen.,0,636446,2015,11
Dies ist als eine der zentralen Aufgaben der Strahlenschutzforschung anzusehen.,1,75785,2004,11
"Deutsches Forschungszentrum für Künstliche Intelligenz (DFKI) GmbH Kaiserslautern und Saarbrücken, 27. September 2001 Deutscher Zukunftspreis 2001 - Preis des Bundespräsidenten für Technik und Innovation Am 29. November 2001 verleiht Bundespräsident Johannes Rau den Deutschen Zukunftspreis 2001 - Preis des Bundespräsidenten für Technik und Innovation - im Max Delbrück Kommunikationszentrum in Berlin.",0,39271,2001,11
"Rund zwei Drittel von ihnen geben an, dass die eigenen vier Wände sie glücklicher machen.",0,630227,2015,11
"Das Leistungsspektrum des ausgewiesenen Dienstleisters für Ministerien, Verbände und Unternehmen umfasst Forschungsförderung, Innovationsbegleitung und Innovationspolitik.",0,634555,2015,11
"Peggy Gerullis, die am Lehrstuhl für Tierphysiologie der Universität Bayreuth promoviert.",0,602027,2014,11
"Erfolgsabhängige Vergütungen belohnten bisher Eigeninitiative, Engagement und den Einsatz unternehmerischer Fähigkeiten.",0,58823,2003,11
"Die Weiterbildungsbranche scheint bislang, im Gegensatz zu anderen Branchen, nur partiell von der Wirtschaftskrise negativ betroffen zu sein und in Teilen sogar zu profitieren.",3,340010,2009,11
Beispiele für Best-Practice-Projekte finden sich dabei auch in Österreich.,0,438668,2011,11
"Eine grundlegend neue Belastungskonstellation ist entstanden, die durch zunehmende Leistungsverdichtung, die Paradoxien neuer Managementkonzepte, eine Veränderung der betrieblichen Sozialordnungen und eine generelle Zunahme von Unsicherheiten geprägt ist.",1,337272,2009,11
"*	In der Mehrzahl der europäischen Länder gibt es - parallel zu tarifvertraglichen Regelungen - gesetzliche Mindestlöhne, die nachweislich positive Wirkungen auf das Einkommensniveau aufweisen und keine Gefährdung der Arbeitsplätze bewirkt haben.",0,76420,2004,11
: 03641/945201 E-Mail: svs@uni-jena.de Friedrich-Schiller-Universität Jena Dr. Wolfgang Hirsch Referat Öffentlichkeitsarbeit Fürstengraben 1 D-07743 Jena Telefon: 03641 · 931030 Telefax: 03641 · 931032 E-Mail: roe@uni-jena.de,0,38164,2001,11
"Die neue Publikation der SATW «Wie soll Strom aus erneuerbaren Energien gefördert werden?» will auf diese Frage eine Antwort geben, indem sie verschiedene Förderinstrumente für erneuerbare Energien im Strombereich vergleicht.",0,495057,2012,11
"Fast zeitgleich erschien im Fachjournal Brain eine Arbeit, an der Günter Höglinger und Nils Freundlieb ebenfalls maßgeblich beteiligt waren.",0,148243,2006,11
"IAB sieht Risiko der Niedriglohnarmut Angesichts der in Deutschland abnehmenden Chancen der Geringverdiener, den Niedriglohnbereich zu verlassen, sehen die IAB-Forscher ein wachsendes Risiko der Niedriglohnarmut.",1,104206,2005,11
"G-BA beschließt über Ausmaß des Zusatznutzens Diese Dossierbewertung ist Teil der frühen Nutzenbewertung gemäß Arzneimittelmarktneuordnungsgesetz (AMNOG), die der G-BA verantwortet.",0,646949,2016,11
"Bochum, 20.10.1999 Nr. 242 Image von Gefängnissen stark ramponiert Abschreckung statt Resozialisierung im Trend Bochumer Langzeitstudie zur Einstellung der Bevölkerung Resozialisierung ist für nur noch rund 41,3 % der Bevölkerung in Bochum die primäre Aufgabe der Strafvollzuges; 1975 sahen immerhin 61,2 % darin das erste Ziel, 1987 stimmten noch 47,5 % dem zu.",1,14877,1999,11
Über die Bertelsmann Stiftung: Die Bertelsmann Stiftung versteht sich als Förderin des Wandels für eine zukunftsfähige Gesellschaft.,1,140777,2005,11
Die Bewerbung der Dresdner Forscher basiert auf dem Projekt „Entwicklung zellbasierter humaner Modelle zur Erforschung retinaler Erkrankungen am Beispiel der Juvenilen Neuronalen Ceroid Lipofuszinose (JNCL)”.,0,629788,2015,11
Diese positiven Erfahrungen sollten bei der anstehenden Novellierung des EEG berücksichtigt werden.,3,575663,2014,11
- Eine Verbesserung rechtlicher Rahmenbedingungen wie z.B. ein effektiver Rechtsschutz im Ausland trägt zu mehr Rechtssicherheit bei.,0,454801,2011,11
"Die Mehrheit der Neuronen bestimmt auf demokratische Weise, welcher Entscheid getroffen wird.",0,301565,2009,11
Das stärkt den risikofreundlichen Charakter der Förderung.,1,645206,2016,11
"„Ihre Strategie können Spieler trainieren und unter Drucksimulationstraining perfektionieren, um Automatismen zu entwickeln und so die Elfmeter-Angst zu reduzieren“, erklärt Froese.",0,525101,2013,11
"Die Forscher hoffen nun, dass sich aus ihren Erkenntnisse langfristig Therapien entwickeln lassen, die das Gehirn von Parkinson-Kranken so stimulieren, dass zerstörte Nervenzellen durch neue ersetzt werden können.",3,148243,2006,11
"Die App präsentiert den Wortschatz in verschiedenen Themengebieten, die wiederum in überschaubare und nach aufsteigendem Schwierigkeitsgrad angeordnete Vokabelpakete unterteilt sind.",0,638655,2015,11
Mehr als 80 Prozent der Unternehmen sehen eine kräftige Ausweitung der Nachfrage als notwendige Voraussetzung für mehr Innovationen.,1,110794,2005,11
Angst vor Abhängigkeiten hemmt das Wachstum Als erfolgskritisch erweisen sich die Ressource Kapital und der Umgang damit.,1,174296,2006,11
"Mit sechs Plenumssitzungen, einem zweitägigen Strategieworkshop, Fortbildungsveranstaltungen für die Aufsichtsratsmitglieder sowie insgesamt 57 Ausschusssitzungen besteht ein engmaschiges Überwachungsnetz.",1,643021,2015,11
"34 junge WissenschaftlerInnen waren in Praktika, Diplomarbeiten und Dissertationen beschäftigt, jede dritte Nachwuchsforschungsposition am CTR konnte durch eine junge Forscherin besetzt werden.",0,629995,2015,11
Betrachtet wurden sowohl verschiedene Standortbedingungen als auch unterschied-lich anspruchsvolle naturschutzfachliche Anforderungen.,1,470823,2012,11
"Bezug Wi-Med Bergmannsheil GmbH, Bürkle-de-la-Camp-Platz 2, 44789 Bochum, Tel.",0,79892,2004,11
Für weitere Fragen steht Ihnen zur Verfügung: Dr. Claudia Weinkopf E-Mail: Weinkopf@iatge.de Durchwahl: 0209/1707-142 Thorsten Kalina Durchwahl: 0209/1707-330 Pressereferentin Claudia Braczko Munscheidstraße 14 45886 Gelsenkirchen Tel.,0,142462,2006,11
"Durch diesen wissenschaftlichen Erfolg, aber auch durch sein vielfältiges Mitwirken in zahlreichen nationalen und internationalen wissen-schaftspolitischen Institutionen hat er zur internationalen Positionierung der europäischen immunologischen Forschung beigetragen.""",0,184764,2006,11
Österreich könnte sein Ziel übererfüllen und Kooperationsmechanismen nutzen Schon heute liegt der Anteil der erneuerbaren Energie in Österreich bei 31% - ein Ausbau auf die gewünschten 34% bis 2020 ist daher durchaus realistisch.,3,522990,2013,11
Immerhin 17 Prozent der Befragten sehen aktuell keinen Handlungsbedarf bezüglich Qualitätsverbesserungen im Internet (siehe Abbildung 1).,1,540117,2013,11
"Das Projekt GRETCHEN widmet sich etwa den Auswirkungen des deutschen Policy Mixes inklusive der Klima-, Erneuerbare Energien- und Innovationspolitik auf die Entwicklung und Verbreitung von erneuerbaren Stromerzeugungstechnologien und dem daraus resultierenden technologischen und strukturellen Wandel.",0,575663,2014,11
Woraus resultiert die hohe Stabilität dieser Proteine?,1,21425,2000,11
Neben der internationalen Ausrichtung spielt die Verknüpfung von Theorie und Praxis eine herausragende Rolle.,1,463161,2012,11
Vertragsstaatenkonferenz des Übereinkommens über die biologische Vielfalt (CBD-COP 9) geleistet werden.,0,222917,2007,11
"Thematische Schwerpunkte der Forschung sind Energie, natürliche und gebaute Umwelt sowie Gesellschaft und Technik, von fundamentalen Fragen bis zur Anwendung.",1,591959,2014,11
Die Ergebnisse unterstreichen die außerordentliche Bedeutung extensiv bewirtschafteten Grünlands für den Naturschutz.,1,568060,2014,11
: 030 – 884 594-33 julika.weiss@ioew.de ++++++++++++++++++++++++++++++++++++++++++++++++ Pressekontakt: Institut für ökologische Wirtschaftsforschung (IÖW) Richard Harnisch Potsdamer Straße 10 10785 Berlin Tel.,0,612616,2014,11
They observed direct synapse-like interactions between immune cells and neurons.,0,387520,2010,11
"Deshalb hat EFIS den ""Tag der Immunologie"" ins Leben gerufen, der jährlich am 29. April stattfindet.",0,332897,2009,11
Das sind lediglich drei Prozentpunkte weniger als vor einem Jahr.,3,539689,2013,11
Insgesamt präsentieren sich rund 20 Innovationen aus vom Bundesforschungsministerium geförderten Projekten auf der vom 8. bis 13. Juni in Hannover stattfindenden Interschutz 2015.,0,632087,2015,11
"Bei der Analyse dieser ""Blueprints"" stelle sich häufig heraus, dass gerade die Schnittstellen zum Kunden Reibungsverluste aufweisen und sich deshalb negativ auf das Image des Anbieter auswirkten, erläutert Prof. Fließ.",1,21728,2000,11
Keines dieser Unternehmen ist bisher zum geschlossenen Ansatz zurückgekehrt.,0,544200,2013,11
"Bislang besagt die Theorie, dass die drei Ebenen übereinstimmen, u.a. weil sie alle denselben Prozessen ausgesetzt sind.",3,498223,2012,11
"Im Gegenzug müssen die Versicherer Barrieren abbauen, die es erschweren, Versicherungsschutz zu bekommen oder zu behalten.",0,291121,2008,11
Das neue System ermöglicht sowohl Machbarkeitsuntersuchungen als auch die Bereitstellung von prozessoptimierten Strahlparametern für die Produktion.,0,633037,2015,11
"Diese Schranken befaehigen I-Neurone, rapide ihren Fokus von einem Neuron zum anderen, mit welchem sie verbunden sind, zu verschieben.",0,17231,2000,11
:	+49-209/1707-176 Fax:	+49-209/1707-110 E-Mail:	braczko@iatge.de info@iatge.de WWW:	http://www.iatge.de,0,145591,2006,11
Aus der Sicht menschlicher Nutzungsansprüche sollten aber nicht nur landwirtschaftliche Versicherungs- und Dienstleistungswerte der Biodiversität betrachtet werden.,3,258558,2008,11
"Diese ""hybriden Leistungsbündel"" untersucht Dr. Daniel Kortmann in seiner Doktorarbeit.",0,261965,2008,11
"Aber auch für private Nutzer spielt die Umweltfreundlichkeit eine wichtige Rolle bei der Entscheidung, Elektrofahrzeuge zu nutzen.",1,460670,2012,11
"Durch die Vollendung der ersten Version des ""Probabilistic Model Code"" durch das JCSS ist diese nun aber Grundlage zur Verfü-gung gestellt worden.",0,51804,2002,11
Steigt (bwz.,0,50348,2002,11
"Anhand der entwickelten innovativen Filialszenarien möchten die Fraunhofer Forscher verdeutlichen, dass Innovation und Effizienz im Rahmen moderner Geschäftsmodelle in Banken durchaus vereinbar sind.",1,147008,2006,13
"G-BA beschließt über Ausmaß des Zusatznutzens Diese Dossierbewertung ist Teil der frühen Nutzenbewertung gemäß Arzneimittelmarktneuordnungsgesetz (AMNOG), die der G-BA verantwortet.",0,646949,2016,13
"„Die Auswirkungen der Fischerei sind immer noch zu hoch, um der großen Mehrheit der Bestände einen guten Zustand zu bescheinigen“, so Probst.",1,524198,2013,13
John Forbes Nash Jr.,0,595386,2014,13
"Wir freuen uns, dass diese aus der Grundlagenforschung abgeleiteten Prinzipien nun klinisch eingesetzt werden können.",0,539055,2013,13
"Dabei stehen die Hochschulen mit der Umstellung auf die neue Studienstruktur vielfach noch am Anfang, häufig sind die Geburtswehen der Bachelor-Einführung noch nicht richtig abgeklungen und noch sehen sich viele Bachelor-Studierende in der unkomfortablen Rolle eines Versuchskaninchens.",2,246423,2008,13
"Im Mittelpunkt werden die Ergebnisse der neuen Trendstudie ""Bank & Zukunft 2006"" stehen.",1,147008,2006,13
"Es waren vor allem die früheren militärischen Anführer von Saddam Hussein, die sich hierauf konzentrierten“, erklärt Dr. Johannes Siebert.",0,642209,2015,13
"Die Bundesregierung hat das Berichtswesen zu Forschung und Innovation neu geordnet und wird ab März 2008 regelmäßig Gutachten zu Forschung, Innovation und technologischer Leistungsfähigkeit vorlegen.",0,217916,2007,13
"Die Mehrheit der Neuronen bestimmt auf demokratische Weise, welcher Entscheid getroffen wird.",0,301565,2009,13
Dabei ist es erneut gelungen exzellente Forscherinnen und Forscher nach Kärnten zu holen.,1,629995,2015,11
"Das NNCN wurde vom BMBF mit dem Ziel gegründet, die Kapazitäten im Bereich der neuen Forschungsdisziplin Computational Neuroscience zu bündeln, zu vernetzen und weiterzuentwickeln.",3,411024,2011,11
"Das wirkt sich ungünstig auf die Verfügbarkeit von Fachkräften aus, die die Unternehmen dringend brauchen.",1,411685,2011,11
"Die Projektleiterin Daniela Thrän (DBFZ) resümierte: „Durch die energetische Nutzung von Stroh können bis zu 13 Millionen Tonnen CO2 pro Jahr eingespart werden – das entspricht anderthalb Prozent dessen, was in Deutschland an Treibhausgasen emittiert wird.",0,439475,2011,11
"„Wir haben nun herausgefunden, dass bestimmte weiße Blutzellen des Abwehrsystems – so genannte neutrophile Granulozyten – die Alveolarmakrophagen gezielt absterben lassen, bevor diese aus der Lunge entfernt werden.",0,502305,2012,11
"Es bestehe daher Hoffnung, dass sich der Trend nicht zu einer wettbewerbsgetriebenen Inflationsspirale verfestigt, die allen Beteiligten schaden würde.",1,593626,2014,11
"Sie ernähren sich von Insekten, Spinnen oder auch von kleinen Eidechsen, die sich dicht am Ufer auf Blättern, Halmen oder Zweigen niedergelassen haben.",0,602027,2014,11
Es läuft bis zum Mai 2010.,0,337272,2009,11
"Ein wesentlicher Faktor ist heutzutage die Fähigkeit zur Innovation, also zum Generieren, Katalysieren und Verwerten von neuen Ideen.",0,627876,2015,11
"Aufgabe des Fraunhofer IDMT ist es, auf der Basis der gemessenen Signale ein Stimulationsmuster zu entwickeln, das das Wachstum der Zellen gezielt steuert.",0,505178,2012,11
Dies wird von den beiden Wissenschaftlern klar verneint.,0,637479,2015,11
"""Dopaminergic Substantia Nigra Neurons Project Topographically Organized to the Subventricular Zone and Stimulate Precursor Cell Proliferation in Aged Primates"" J. Neurosci.",0,148243,2006,11
Gegen viele Infektionskrankheiten gibt es noch keine Impfungen - insbesondere nicht gegen HIV oder Tuberkulose.,0,184764,2006,11
"So besteht bei der Deutschen Postbank AG ein Lenkungskreis, in dem, neben dem zukünftigen Vorstandsvorsitzenden, vier weitere Vorstände vertreten sind.",0,485958,2012,11
"„Die konstant niedrige Arbeitslosenquote und die kräftigen Lohn- und Gehaltssteigerungen sind Beispiele für die große Zuversicht der Hessen.“ Hintergrund: Allianz Zuversichtsstudie Basis der Allianz Zuversichtsstudie, einer gemeinschaftlich durchgeführten Untersuchung der Universität Hohenheim und der Allianz Deutschland AG, sind repräsentative monatliche Befragungen mit jeweils mindestens 500 bis 1.000 Interviewpartnern und mittlerweile insgesamt über 40.000 Befragten.",1,539689,2013,11
"Dagegen werde in den Medien und in weiten Teilen der Wissenschaft ständig darauf verwiesen, Gewalt sei ein Männermonopol, was zu einer erheblichen Verzerrung der gesellschaftlichen Realität beitrage.",1,66838,2003,11
Mit einer erfolgreichen Öffentlichkeitsarbeit des Naturschutzvereins Obere Treenelandschaft wurde eine breite Unterstützung in der Bevölkerung der Region für das Naturschutzgroßprojekt erreicht.,0,483148,2012,11
"Es erscheint als eine verlockende Perspektive, dass sich mit dem entschlüsselten Signalweg nun erfolgreiche therapeutische Impfungen gegen die häufigen chronische Infektionen durch Hepatitis-Viren oder Malaria-Parasiten aber möglicherweise auch gegen Leberkrebs durchführen lassen.",3,528341,2013,11
"Und die gigantischen Rettungssummen sind zu abstrakt, um als real wahrgenommen zu werden“, sagt Prof. Dr. Brettschneider.",3,485454,2012,11
"An zwei Tagen wurde dazu gemeinsam mit dem Wissenschaftszentrum NRW und dem Netzwerk NeuroNRW in den Rheinterrassen in Düsseldorf zum Thema ""Gehirn - Geist - Psyche"" mit Wissenschaftlern und der Öffentlichkeit diskutiert.",0,138786,2005,11
"„Wir haben auch gesehen, dass Killer-T-Zellen in der Regel keine stabilen Interaktionen mit ihren Zielzellen eingehen, sondern sehr dynamisch und ständig in Bewegung sind.",3,645813,2016,11
"Zu diesem Ergebnis kommt die jetzt veröffentlichte Deutsche Innovationserhebung 2005, die das Zentrum für Europäische Wirtschaftsforschung (ZEW) Mannheim im Auftrag des Bundesministeriums für Bildung und Forschung und in Zusammenarbeit mit dem Fraunhofer-Institut für System- und Innovationsforschung sowie infas - Institut für angewandte Sozialwissenschaft durchgeführt hat.",3,148680,2006,11
"Vermieter brauchen einen längeren Atem, bis sich Investitionen auszahlen.",1,635265,2015,11
Durch die energetische Sanierung und Optimierung werden in erheblichem Maße schädliche CO2-Emissionen eingespart.,1,318442,2009,11
Die renommierte britische Fachzeitschrift THE LANCET* veröffentlichte diese Woche erstmals die wissenschaftliche Analyse der ersten Therapiestudie bei schweren neurologischen Komplikationen des Hämolytisch Urämischen Syndroms (HUS).,0,439378,2011,11
Nach Abschluss der Behandlungsphase waren die Temperaturunterschiede weitgehend ausgeglichen.,3,284525,2008,11
An geeigneten Stellen werden für jedes Handlungsfeld die spezifischen Unterschiede zwischen Produkten und Dienstleistungen erläutert sowie daraus Konsequenzen für die Geschäftsfeldentwicklung abgeleitet und zusammengestellt.,0,341958,2009,11
"Die kurzen Arbeitszeiten des deutschen Sozialmodells lassen allerdings weiter viel Raum für ""kostenlose"" Eigenarbeit und ""Do-it-yourself"" in Haus und Garten, anstatt dafür Dienstleister zu bezahlen.",0,46644,2002,11
Die Studie wurde von unserem Studienpartner Gschwind Software unterstützt.,0,623789,2015,10
Solche neuen Organisationsmodelle spielen vor allem bei der Umsetzung von stärker dezentral ausgerichteten Konzepten eine wichtige Rolle und können dort langfristig einen ordnungsgemäßen Anlagenbetrieb und die geforderten Ablaufwerte sicher stellen.,0,397599,2010,10
"Für das gesamte Bundesgebiet können hier die Strohressourcen recherchiert werden, die für verschiedene Bilanzierungsmethoden die zur Verfügung stehende Strohmenge als Zahlenwert anzeigt.",0,439475,2011,10
"Zielgruppe der BIBB-Befragung waren (Ausbildungs-)Betriebe: Ermittelt werden sollte u.a., wie viele (Ausbildungs-)Betriebe sich an Austauschmaßnahmen beteiligen, warum sie dies tun und worin sie die Vor- und Nachteile sehen.",0,50962,2002,10
Außerdem trägt das Projekt gleichzeitig zum Klimaschutz bei.“ BfN-Fachbereichsleiter Dr. Alfred Herberg und der bayerische Umweltminister Dr. Marcel Huber übergaben heute den beiden Landräten der Landkreise Oberallgäu und Ostallgäu den Bewilli-gungsbescheid für die zweite Förderphase des Naturschutzgroßprojektes.,0,508530,2012,10
"Der für die Erstellung der Wortschatztrainer-App eigens entwickelte technologischen Ansatz kann darüber hinaus von Institutionen und Sprachdozenten/innen genutzt werden, um eigene, auf die Bedürfnisse ihrer Lerner abgestimmte Wortschatztrainer-Apps für Englisch oder andere Fremdsprachen zu erstellen.",0,638655,2015,10
"Anhand der Relation zwischen der Anzahl Treffer und der Ausprägung von positivem und negativem Perfektionismus konnte gezeigt werden, dass die besten Ergebnisse von den Sportstudenten erzielt wurden, bei denen beide Seiten des Perfektionismus hoch ausgeprägt waren.",0,282648,2008,10
"Ihre Untersuchungen zeigen, dass eine systematische Vergegenwärtigung von Zielen unverzichtbar ist, wenn man Menschen in schwierigen Entscheidungssituationen dazu anregen will, viele sinnvolle Handlungsoptionen in Betracht zu ziehen.",0,637479,2015,10
"Dieses angesichts der unterschiedlichen Fördersätze - 10 % bei Minijobs, 12 % bei sozialversicherungspflichtiger Beschäftigung und 20 % bei der Inanspruchnahme von Dienstleistungsagenturen - überraschende Ergebnis kommt dadurch zustande, dass die im Vergleich zur Schwarzarbeit zusätzliche Kostenbelastung bei Minijobs fast vollständig durch die steuerliche Entlastung kompensiert wird, während Kund/innen von Dienstleistungsagenturen trotz der steuerlichen Förderung einen deutlich höheren Preis zahlen müssen - u.a. auch, weil für professionelle Dienstleistungen 16 % Mehrwertsteuer entrichtet werden müssen.",1,66996,2003,10
Für die zweite Runde des Programms hatten die fünf Neuen Länder und Berlin in einem ersten Schritt Projekte für ihr jeweiliges Land ausgewählt und beim Bundesforschungsministerium eingereicht.,0,315873,2009,10
"Eine abteilungsübergreifende Taskforce, geleitet von Dr. Knut Blind, soll die vielfältigen Aktivitäten des Instituts koordinieren, zum weiteren Kompetenzaufbau beitragen, um damit Potenziale für zukünftige Forschungsarbeiten zu erschließen.",0,84403,2004,10
"Aber auch innerhalb des Produzierenden Gewerbes gewinnt die Dienstleistungsorientierung immer mehr an Bedeutung, da der Erfolg von Unternehmen zunehmend von deren Fähigkeit zur Vermarktung eines Verbundes aus Industrieprodukten und Dienstleistungen bestimmt wird.",0,74885,2004,10
"Die Tatsache, dass der neue SFB seine Arbeit zu Beginn des Internationalen Einstein-Jahres aufnehmen wird, betrachten die beteiligten Wissenschaftler als ein besonders glückliches Zusammentreffen.",1,90952,2004,10
"Stadt Wilhelmshaven und Landkreis Friesland: ""Wärmeschutzpartner Wilhelmshaven-Friesland"" Die regionale Gemeinschaftsinitiative ist eine gelungene interkommunale Kooperation, die eine Vielzahl verschiedener Akteure einbindet.",1,318442,2009,10
"So geht zum Beispiel bei der Multiplen Sklerose die Isolierschicht der Nervenzellen zugrunde, ähnliche Abläufe sind Ursache des so genannten Guillain-Barré-Syndroms, das durch sich rasch ausbreitende Lähmungserscheinungen gekennzeichnet ist.",0,191915,2007,10
"In Hamburg, Baden-Württemberg und NRW leben die meisten Optimisten Die meisten zuversichtlichen Menschen leben in Hamburg.",0,294709,2008,10
"Er deutet darauf hin, dass die Unternehmen wieder verstärkt bereit sind, in neue Kapazitäten für Produkte und in neue Produktionsanlagen zu investieren.",1,148680,2006,10
"Da besonders strukturschwache ländliche Gebiete von den Auswirkungen des demografischen Wandels betroffen sind, aber auch den Menschen in diesen Regionen alle kommunalen Infrastrukturkomponenten zur Verfügung gestellt werden müssen, haben die Ergebnisse des Vorhabens eine große Bedeutung für die Sicherung der öffentlichen Daseinsvorsorge in dünn besiedelten Räumen.",1,397599,2010,10
"Nur Anfang Mai 2010 hat die Zuversicht für die Wirtschaftslage kurzfristig um 4 Prozentpunkte nachgegeben, sich im Juni 2010 jedoch bereits wieder erholt.",0,375703,2010,10
Die niedersächsischen Schlüsselindustrien sind auf leistungsstarke Verkehrssysteme und effiziente Logistikdienstleistungen angewiesen.,0,622516,2015,10
Auch muss aus früheren Fehlern bei der Markteinführung neuer Telekommunikationsdienste gelernt werden: Oft führten verfrühte oder überhöhte Versprechungen der Hersteller zu enttäuschten Erwartungen bei den Kunden.,0,42773,2001,10
"Auf wissenschaftlicher Seite wurde das bestehende Netzwerk rund um die Technischen Universitäten in Wien, Graz, Linz, sowie der Alpen-Adria-Universität Klagenfurt, unter anderem durch das EPFL École polytechnique fédérale de Lausanne in der Schweiz erweitert.",0,629995,2015,10
"Hintergrund: Im Verbundforschungsprojekt Innovationforum ""Bank & Zukunft"" am Fraunhofer IAO bündeln zwischenzeitlich 23 Banken und IT-Dienstleister der Finanzbranche ihre Kompetenzen, um gemeinsam marktorientierte Gestaltungschancen sowie strukturelle und technische Optimierungspotenziale zu identifizieren.",0,147008,2006,10
"Entscheidendes Ergebnis ist, dass letztere oft schon ausreicht, um eine temporäre Nutzung zu etablieren, und zudem gefördert werden kann.",1,360195,2010,10
"MASCHINEN LERNEN SELBSTÄNDIG UND OPTIMIEREN SICH AUTOMATISCH Der Verbund, an dem 14 Wissenschaftlerinnen und Wissenschaftler von sechs Fachhochschulen in Nordrhein-Westfalen beteiligt sind, hat sich drei Jahre lang intensiv mit der Frage beschäftigt, wie Maschinen selbständig lernen und sich automatisch optimieren können.",1,27629,2000,10
Aufgrund der demographischen Entwicklung werden diese im Berufsleben stehenden GKV-Versicherten aber relativ zur Rentnergeneration immer weniger.,0,65139,2003,10
"Auf der Portfolioebene wurden die rechtlichen, organisatorischen und finanziellen Rahmenbedingungen des Managements von Hochschulliegenschaften nach Bundesland analysiert, systematisiert und bewertet.",0,261638,2008,10
"Diese kann, muss sich aber nicht auf die Größe der EU-Mitgliedsländer beziehen.",0,635584,2015,10
Durch diese neuen Erkenntnisse wird erstmalig die langjährig geltende Vorstellung von der über Jahrzehnten andauernden Existenz von zerebralen Aneurysmen in deren Trägern und nur sporadisch vorkommenden Episoden von struktureller Veränderung in Aneurysmen hinterfragt.,1,592937,2014,10
Auch scheuen nach wie vor viele Haushalte den damit verbundenen Verwaltungsaufwand.,0,66996,2003,10
Zudem werde dieser Wert durch das geplante Einfrieren des Mindestlohnniveaus bis 2017 oder 2018 weiter sinken.,0,592767,2014,10
"Zweitens macht die Digitalisierung Arbeit komplexer und verlangt nach kollektiv vernetzten Strukturen und geteiltem Wissen statt nach Expertisen, die in „Silos“ entwickelt werden.",0,633285,2015,10
"Der umfassende Kontrollkatalog soll helfen, sowohl den Patienten als auch die Ärzte und Pflegekräfte noch bewusster in die Infektionsprophylaxe einzubeziehen, um Infektionen und Folgeerkrankungen zu verhindern.",0,322034,2009,10
Der Preis soll den Stellenwert des Datenschutzes in Rheinland-Pfalz unterstreichen und ist mit 1.000 Euro dotiert.,0,603888,2014,10
"Wegen der sehr komplexen Interaktionen zwischen den beteiligten Molekülen kann man mit biochemischen Methoden alleine allerdings nicht aufklären, welche Mechanismen zur Bildung bestimmter Motive führen.“ Aus diesem Grund kombinierten die Wissenschaftler die experimentellen Daten aus der früheren Studie mit einem theoretischen Ansatz: Das Drosophila-Histon H4 trägt an einem Ende vier benachbarte acetylierbare Bausteine, sodass potenziell 16 verschiedene Motive entstehen können – je nachdem, welcher Baustein acetyliert oder nicht acetyliert vorliegt.",3,645149,2016,10
"Besonders bedeutend sind das Preisniveau der Produkte, die angebotenen Produktinformationen und die Bedienbarkeit der Plattform.",1,67258,2003,10
"Dennoch hat sich die Situation gegenüber dem Vorjahr eher verschlechtert als ver-bessert: Vögel der Agrarlandschaft und Bodenbrüter befinden sich weiter auf dem abstei-genden Ast"" fasste die BfN-Präsidentin Prof. Beate Jessel die Situation bei den Brutvögeln zusammen.",0,348433,2009,10
Zum Projekt digit-DL ist ein Verbundprojekt unter Leitung des ISF München und in Zusammenarbeit mit der IG Metall.,0,645155,2016,10
"Österreichs Alternativenergie-Potenzial kann relativ kostengünstig erschlossen werden, daher wäre eine Verfehlung der 34%-Vorgabe und ein damit verbundener möglicherweise teurer Zukauf von Erneuerbaren Anteilen aus anderen Staaten wirtschaftlich unklug.",0,522990,2013,10
"Inwieweit die Bildung von neuen Nervenzellen im erwachsenen Gehirn spezielle Mechanismen erfordert, und welches diese sind, war bislang unbekannt.",0,547314,2013,10
"Das IQWiG hat die erst seit Kurzem verfügbare, in Japan durchgeführte Studie bewertet und seine Erkenntnisse am 19. Februar 2008 in Form eines Arbeitspapiers publiziert.",0,247540,2008,10
Herausragende Rolle der „Selbstwirksamkeit“ Dabei zeigte die „Selbstwirksamkeit“ eine herausragende Rolle im Kontext von Eigenverantwortung und freiwilligem Arbeitsengagement.,2,468896,2012,10
"Woche geboren werden sind, werden als „sehr kleine Frühgeborene“ bezeichnet, und solche, die weniger wiegen als 1000 Gramm als „extrem kleine Frühgeborene“.",0,450177,2011,10
"Generell hat die Grundlagenforschung in der Tumorimmunologie mit der Entwicklung neuer Konzepte in der Tumorimmuntherapie bis hin zur Durchführung von klinischen Studien mit dem Schwerpunkt auf dem Melanom eine langjährige Tradition in der Universitätsmedizin Mainz, z.B. im Sonderforschungsbereich 432 mit der Tumorimmunologie und experimentellen Therapie als Schwerpunkt.",0,535317,2013,10
"Ergebnis: Die Störung der Betriebsbedingungen bringt über Plasmainstabilitäten den Brennvorgang sofort zum Erlöschen; die Nachwärme in den Wänden reicht nicht aus, um Bauteile stark zu schwächen oder gar zu schmelzen.",0,145375,2006,10
"Einerseits ermöglicht das Online-Tool, die eigene Innovationsfähigkeit zu verbessern, andererseits gilt es, diese aber auch dauerhaft beibehalten und überprüfen zu können.",0,389870,2010,10
Aufgrund seines einzigartigen Wirkmechanismus der „intelligenten Gefäßweitstellung“ führt es insbesondere in erkrankten Gefäßen zur Wiederherstellung der Funktion.,2,545063,2013,10
Mit Blick in die Zukunft ihres Landes sind die Italiener mit 35 Prozent wiederum am optimistischsten.,0,263257,2008,10
Die IGSN möchte mit diesem Preis junge und talentierte Neurowissenschaftler schon in der Frühphase ihrer Karriere fördern.,0,157524,2006,10
"Die größten Unterschiede zwischen Frauen und Männern zeigen sich bei der deutlich höheren Bedeutung von „Geld“ und „Macht“ bei den Männern sowie „Image“, „ethische Werte“ und „Kontakt zu Freunden“ bei Frauen.",0,412370,2011,10
"- Konsequente Überwachung der Versicherungspflicht, etwa durch einen Abgleich von Meldedaten und Versichertenlisten.",0,291121,2008,10
Die übrigen Zellen sterben ab.,0,183449,2006,10
"Content Provider und Endnutzer zahlen Preise wie bisher, solange sie auf dem „Best Effort“-Niveau bleiben.",0,406613,2011,10
"Viele Nutzer, die einen Internet-via-Satellit-Zugang verwenden, sind sich offenbar dieser Gefahr nicht bewusst.",1,92384,2004,10
"Für Patienten mit Dickdarmkarzinom zeigten die Autoren zunächst in Arbeiten, die an Tumor- und Normalgeweben von Patienten durchgeführt wurden, dass bestimmte molekulare Regulatoren des Urokinase-Rezeptorgens (u-PAR, ein entscheidender Faktor der Tumorprogression und Metastasierung) in einer relevanten Subgruppe von Patienten hauptsächlich im Tumorgewebe, nicht jedoch in korrespondierendem Normalgewebe aktiv sind.",0,228806,2007,10
"Die Befragten sind zwar mit ihren Qualitätsmodellen tendenziell zufrieden, sehen jedoch viel Spielraum für Verbesserungen.",0,363416,2010,10
"75 000 Arbeitsplätze hat die Dienstleistungswirtschaft des Ruhrgebietes in den letzten drei Jahren geschaffen, die Dienstleistungen tragen mittlerweile mehr als zwei Drittel (67 %) aller sozialversicherungspflichtigen Arbeitsplätze zur Gesamtwirtschaft der Region bei.",0,57966,2003,10
"Ich habe mich selbst in Gesprächen mit den Schulen und der Schulaufsicht im Modell davon überzeugen können, dass diese Freiheiten verantwortungsvoll und kreativ im Interesse der Schülerinnen und Schüler genutzt werden.",0,161353,2006,10
Im rekonstruierten Warschauer Zentrum mit seiner historistischen Fassade hat der bloße Schein des Historischen immer noch Vorrang vor „echtem“ Denkmalschutz.,1,425276,2011,10
Ministerin stellt Bundesbericht Forschung und Innovation im Kabinett vor/ Investitionen in Forschung sichern Standort Deutschland Bundesforschungsministerin Annette Schavan hat am Mittwoch im Kabinett den Bundesbericht Forschung und Innovation (BUFI) vorgestellt.,0,370249,2010,10
"Hierdurch konnte eine arten-reiche Kulturlandschaft mit landschaftstypischen Lebensräumen wie Mooren, Binnendünen und Buchenmischwäldern in der Region erhalten und somit ein wichtiger Beitrag zur Förderung der biologischen Vielfalt geleistet werden.",1,483148,2012,10
Zwischen April 2007 und September 2008 haben rund 120 000 zuvor Nichtversicherte wieder Versicherungsschutz gefunden.,0,291121,2008,10
"Gerade um die negativen Aspekte von Perfektionismus abzupuffern, muss der Athlet in der Lage sein, seine Emotionen zu regulieren, und dabei kann der Sportpsychologe den Sportler unterstützen"", erläutert Stoll die Forschungsergebnisse und deren Bedeutung.",0,282648,2008,10
"Dieses Programm richtet sich an Lerner mit guten Grundkenntnissen auf mindestens Niveau B1, die sich – sei es im Studium oder der innerbetrieblichen Weiterbildung – auf die fremdsprachliche Bewältigung ihrer ingenieurwissenschaftlichen Tätigkeit vorbereiten möchten.",0,638655,2015,10
Das Publizieren und Auffinden geeigneter Dienste auf der Plattform wird durch eine im Projekt geleistete Weiterentwicklung der Dienstbeschreibungssprache Unified Service Description Language (USDL) gewährleistet.,0,594324,2014,10
Medizinische Leistungen mit unterschiedlichen Effekten oder Nebenwirkungen lassen sich damit grob vergleichen; möglich sind auch indikations- und technologieübergreifende Vergleiche.,0,470200,2012,10
Die fluktuierenden Erneuerbaren benötigen im neuen Stromsystem vielfältige Flexibilitätsoptionen zur Über¬brückung von Angebotslücken und -überschüssen.,0,540213,2013,10
Zugleich bewertet das Forscherteam aber auch das wirtschaftliche Potential unterschiedlicher Landnutzungen.,0,121504,2005,10
"Konzepten mit Fremdevaluation wird dagegen eine wesentlich geringere Bedeutung zugewiesen: 29% orientieren sich an den Vorgaben der ISO 9000, 24% an Qualitäts- und Gütesiegeln, 22% halten Wettbewerbe für einen angemessenen Weg und 15% orientieren sich am Modell der European Foundation for Quality Management (EFQM-Modell).",0,56332,2002,10
– Mehr sozialversicherungspflichtige Jobs insbesondere in Niedriglohnbranchen – Den prozentual größten Zuwachs weist mit dem Gastgewerbe eine „klassische Niedriglohnbranche“ auf.,0,637553,2015,10
"Für diesen wichtigen Schritt wünschte der Minister den ""patenten Erfindern"" viel Glück und versprach die Unterstützung des Landes.",1,186419,2006,10
"Mittels Technologiegründerstipendien wird die Gründung von Start-Ups aus dem Hochschulbereich heraus unterstützt, der Europäische Fonds für Regionale Entwicklung (EFRE) stellt hierfür 43,7 Mio. Euro zur Verfügung.",0,634555,2015,10
"Neben dem Aufbau von Demonstratoren verfolgen die Projektpartner eine umfassende Charakterisierung der Galliumnitrid-Transistoren, um ein weitgehendes Verständnis der Korrelationen von Herstellung einerseits und strukturellen, elektrischen und thermischen Eigenschaften andererseits zu erreichen.",0,592126,2014,10
"Der Niedriglohnsektor ist auf ein auch im europäischen Vergleich sehr hohes Niveau gewachsen: So lag der Anteil der Beschäftigten mit Stundenlöhnen unter 8,50 Euro 2012 zwischen knapp 14 und knapp 20 Prozent – je nachdem, ob die vertraglichen oder die tatsächlichen Arbeitszeiten zugrunde gelegt wurden.",1,592767,2014,10
Von den weltweit beschriebenen 340.000 Pflanzenarten werden etwa 30.000 als für den Menschen nutzbar eingeschätzt.,0,227776,2007,10
Die Sicherheit von Bauwerken ist aus hauptsächlich zwei Gründen keine einfache Angelegenheit.,0,51804,2002,10
"„Unser Verständnis von Innovation schließt neben technischen Prozessinnovationen ebenso Produktinnovationen, Dienstleistungsinnovationen und organisatorische Innovationen ein.",0,575663,2014,10
"Weiterhin steigen im ökonomischen Modell durch höhere Löhne die Motivation, die Leistung sowie die Betriebsbindung der Beschäftigten.",0,592767,2014,10
"Das Fraunhofer-Institut für System- und Innovationsforschung ISI untersucht Marktpotenziale technischer Entwicklungen und deren Auswirkungen auf Wirtschaft, Staat und Gesellschaft.",0,161084,2006,10
Niedrige Stundenlöhne und kurze Arbeitszeiten kommen häufig zusammen.,0,284575,2008,10
Durch die Nutzung von Strom aus Erneuerbaren Energien und Methanol aus Biomasse fallen die Emissionen insgesamt sehr gering aus.,0,633229,2015,10
"Das Ergebnis der Studie erscheint in der aktuellen April-Ausgabe des renommierten amerikanischen Journal of Consumer Research mit dem Titel ""The Effects of Thin and Heavy Media Images on Overweight and Underweight Consumers: Social Comparison Processes and Behavioral Implications"".",1,361714,2010,10
"wIRA bewirkt eine Verbesserung aller drei entscheidender Faktoren Sauerstoffteildruck im Gewebe, Gewebetemperatur und Gewebedurchblutung.",0,173140,2006,10
"Green Services bezeichnen in der Studie Dienstleistungen, bei deren Angebot und Nutzung ökologische, ökonomische und soziale Nachhaltigkeit zentrale Zielkriterien darstellen.",0,469787,2012,10
Metu befindet sich in der Nähe eines Wildkaffeewaldes im Südwesten Äthiopiens.,0,228935,2007,10
19 bundesweit tätige Naturschutzverbände sowie 11 Stiftungen stellen wichtige Projekte vor.,1,532272,2013,10
"Insgesamt zeichnet sich ein positives Bild, die Nutzer sind von Elektrofahrzeugen begeistert: Die Befragten gaben an, dass diese nützlich im Alltag und sowohl beim Fahren als auch beim Laden einfach zu handhaben sind.",2,460670,2012,10
"Bei den Interviews, die im Rahmen des Forschungsprojektes geführt wurden, stießen die Frankfurter Wissenschaftler häufig auf Widersprüche zwischen Selbstentfaltung und ökonomischem Kalkül: Personen scheitern in ihrem Wunsch, sich beruflich selbst zu verwirklichen, an den Flexibilitätsanforderungen heutiger Arbeitsmärkte.",3,243546,2008,10
"Darüber hinaus war es uns sehr wichtig, dass durch einen niedrigen Energieverbrauch und ein effizientes Kühlkonzept der CO2-Ausstoß des Systems minimal gehalten werden kann.",1,464865,2012,10
"Im Jahr 2010 wurden 1,62 Mio. Euro Drittmittel verausgabt.",0,404121,2011,10
"Hintergrund: Zuversichtsstudie Basis der Allianz Zuversichtsstudie, einer gemeinschaftlich durchgeführten Untersuchung der Allianz Deutschland AG und der Universität Hohenheim, sind repräsentative monatliche Befragungen mit jeweils mindestens 500 - 1.000 Interviewpartnern.",0,578477,2014,12
Damit leisten wir einen wichtigen Beitrag zur Wettbewerbsfähigkeit unserer Industrie und tragen nachhaltig zur Stärkung des Wirtschaftsstandortes Deutschland bei.“ Im ersten Installationsschritt basiert der Höchstleistungsrechner am HLRS auf der Cray XE6 Supercomputer-Technologie und auf dem AMD Interlagos-Prozessor.,1,464865,2012,12
"Anonymisierung, Transparenz und Entmystifizierung würden im Umgang mit Chancengleichheit im Wissenschaftsbetrieb vieles verändern, meinen Susanne Baer (CEWS), Jutta Dalhoff (HU Berlin) und Junge Akademie-Mitglied Tilman Brück (DIW Berlin).",1,299845,2009,12
Haben Sie noch Fragen?,0,24796,2000,12
Mit dem bundesweit höchsten Wert von 72 Prozent (plus vier Prozentpunkte) erreicht der Südwesten auch hier den ersten Platz und ist somit doppelter Sieger – bei der Zuversicht für Deutschland wie auch für das persönliche Leben.,1,552113,2013,12
"Die drei Sprecher des Verbundes - Prof. Dr. Klaus Drechsler (TU München und Fraunhofer-Projektgruppe „Funktionsintegrierter Leichtbau“ Augsburg), Dr. Markus Lang (Voith Composites) und Prof. Dr. André Baeten (Hochschule Augsburg) - zeigten sich gemeinsam mit allen Beteiligten hoch zufrieden mit dem äußerst positiven Befund des mit renommierten Experten aus Industrie und Wissenschaft besetzten Gutachtergremiums: „FORCiM³A ist eine Marke in der Region geworden“, resümierte Professor Drechsler.",2,634631,2015,12
"Wenn Kommunen sich dies vor Augen führen, sehen sie womöglich neuen Spielraum, Klimaschutz vor Ort voranzubringen.“ Die Energiewende: Fachkräftemangel kann sie verlangsamen Voraussetzung für das Gelingen der Energiewende und für das Entstehen von kommunaler Wertschöpfung ist allerdings, dass ausreichend viele Unternehmen in der Region ansässig sind, um die Nachfrage nach energetischer Gebäudesanierung zu decken.",3,612616,2014,12
"Im Zweifel mit dem Anbieter sprechen ""Vertrauliche Daten sollten unbedingt vor der Übertragung durch öffentliche Netze geschützt, das heißt verschlüsselt werden.",0,92384,2004,12
"Interessanterweise finden sich unter denjenigen Unternehmen, die eine moderne Finanzierungsstruktur unter Einschluss von Mischformen zwischen Eigen- und Fremdkapital (mezzanine Instrumente) aufweisen, besonders oft die innovativeren Unternehmertypen.",0,174296,2006,12
Mit den sechs Pilotprojekten aus der ersten Förderrunde stehen damit jetzt insgesamt 17 Initiativen in den Neuen Ländern für Spitzenforschung und Innovation.,0,315873,2009,12
"Außerdem beinhaltet Sonnenlicht im sichtbaren Bereich auch hohe wirksame Bestrahlungsstärken für vom Körper gebildetem Protoporphyrin IX, die mit und ohne Sauerstoff in photooxydativen Reaktionen reagieren können und auf diese Weise eine milde Form einer Photodynamischen Therapie (PDT) bewirken, das Immunsystem beeinflussen oder geschädigte Zellen zu einem programmierten Zelltod bringen können.",0,103473,2005,12
Im Gegensatz dazu ist die Neutronenverteilung aufgrund der Ladungsneutralität der Neutronen schwierig zu messen.,3,640713,2015,12
"„Fiberio weiß, wer welche Rechte hat und erlaubt oder sperrt den Zugriff - unsichtbar und im Hintergrund“, ergänzte der HPI-Masterstudent.",0,566055,2013,12
Einen Überblick über die Ergebnisse der Nutzenbewertung des IQWiG gibt folgende Kurzfassung.,0,646949,2016,12
"„Wir haben untersucht, ob die Erkenntnis vorteilhafter Handlungsmöglichkeiten stimuliert und erweitert wird, wenn sich Menschen vor Entscheidungen zunächst einmal Rechenschaft darüber geben, welche Ziele sie eigentlich erreichen wollen.",0,637479,2015,12
"„Sicherlich kann man vom Know-How und von den Erfahrungen aus verschiedenen Ländern lernen, aber konkrete Maßnahmen und Vorschläge kann man immer nur entwickeln, wenn man sich die Situation einer Stadt ganz genau ansieht“, meint Rudolf Giffinger.",3,547666,2013,12
Im Dezember 2007 waren es hingegen beinahe doppelt so viele (22%).,0,294709,2008,12
"Anders verhält es sich mit der persönlichen Erfüllung, die sich viele Anhänger vom Einsatz für den IS versprechen.",3,642209,2015,12
Diese Beobachtung machten die Forscher seit vielen Jahren.,0,502305,2012,12
"Letzteres erforderte eine generalstabsmäßige Logistik, um diese Zellen aus allen beteiligten über ganz Europa verstreuten Studienzentren in gutem Zustand tiefgefroren zur Analyse nach Tübingen zu bringen.",1,489963,2012,12
"Andererseits geht es für Timmerer besonders um die so genannte „Quality of Experience“: Eine Innovation im Bereich der Multimedia-Kommunikation sei demnach nur dann erfolgreich, wenn sie vom Nutzer auch als qualitätsvoll erlebt wird.",3,625240,2015,12
"Durch diese Vorgehensweise wird veranschaulicht, was Hersteller beim Aufbau eines Geschäftsfelds für Dienstleistungen im Vergleich zum bisherigen Produktgeschäft ändern müssen.",0,341958,2009,12
"Die Kenntnis der gesundheitlichen Risiken ionisierender Strahlung bei niedrigen Dosen und Dosisleistungen ist wichtig, um einen wirksamen Schutz vor deren nachteiligen Folgen vorzusehen, Schutzmaßnahmen zu optimieren und den Nutzen der Anwendung von Strahlung und radioaktiven Stoffen in Medizin, Industrie und Forschung zu maximieren.",1,75785,2004,12
"""Was nicht aktiv genutzt - z.B. angebaut, gehalten, aber auch verarbeitet, gekauft oder gegessen wird, ist letztlich vom Aussterben bedroht.",0,227776,2007,12
"In dem Beitrag in der neuesten Ausgabe der Proceedings of the National Academy of Sciences of the United States of America (PNAS) legen die Wissenschaftler die detaillierten Ergebnisse eines multi-interdisziplinären Ansatzes vor, der Archäologie, Physische Anthropologie, Molekulargenetik (aDNA) und Biogeochemie (stabile Isotopen) umfasst.",0,289453,2008,12
"Schaedel und R. Bartz für den industriellen Einsatz ein Verfahren, das die Fehleinstellung von PI-Reglern in einem geschlossenen Regelkreis erkennt und schrittweise eine optimale Reglereinstellung herbeiführt.",0,27629,2000,12
"Dennoch besteht nach wie vor ein erheblicher Optimierungsbedarf, um insbesondere bei Patienten mit hohem Kariesrisiko eine nachhaltige Kariesprophylaxe sicherzustellen.",1,396586,2010,12
Bei der durch mathematische Modelle unterstützten Auswertung arbeiteten die MHH-Forscher eng mit Wissenschaftlern des Helmholtz-Zentrums für Infektionsforschung (HZI) in Braunschweig zusammen.,0,645813,2016,12
"Forscher des Instituts für Immunologie der Medizinischen Hochschule Hannover (MHH) fanden nun in Zusammenarbeit mit Kollegen des Center for Biomedical Research der Harvard Medical School in Boston heraus, dass Signale eines ganz bestimmten Antennenmoleküls, des Chemokinrezeptors CCR7, die T-Lymphozyten bei ihrer Wanderung deutlich schneller machen.",0,203532,2007,12
Schlussfolgerungen für die Entwicklungsbedingungen altenbezogener Dienstleistungen runden den Band ab.,0,78869,2004,12
In dem jetzt vorgestellten Gutachten nimmt der Beirat erstmals zu allen relevanten Bereichen des Umweltplans Stellung.,0,117382,2005,12
"Hier sind Einsparungen von 6 bis 19 Prozent der heutigen Kosten vorstellbar, wenn die EU-Staaten sich auf „Botschaften mit 28 Flaggen“ einlassen würden.",3,543085,2013,12
"Wissenschaftlern aus der Arbeitsgruppe um Prof. Michael Stephan und Helmut Dorschner vom Leibniz-Institut für Polymerforschung Dresden (IPF) ist es nunmehr gelungen, die Herstellung des Kunststoffendproduktes unmittelbar mit der elektronenstrahlinduzierten Veränderung der Werkstoffeigenschaften zu verbinden.",0,160381,2006,12
"Dabei geht es um die Einschätzung der Fähigkeit, Absichten – seien sie gut oder schlecht - auch umzusetzen.",0,636586,2015,12
Als Referenzpunkt wird das Lohnniveau berufsfachlich qualifizierter Vollzeiterwerbstätiger in der Metallindustrie genommen.,0,537182,2013,12
"„Dem Einstieg in die private Vorsorge als Standardsäule des Rentensystems liegt eine Illusion zugrunde“, erklärt Prof. Dr. Ingo Bode, der an der Universität Kassel das Fachgebiet Sozialpolitik leitet, „nämlich die Vorstellung, die Menschen würden vor dem Abschluss einer Police ausgiebig den Markt sondieren, Optionen vergleichen und dann eigenständig ein passendes Produkt auswählen.“ Die Wirklichkeit ist aber eine andere, wie die Ergebnisse der soeben im Campus Verlag erschienenen Untersuchung vor Augen führen.",3,608014,2014,12
„Die Finanz- und Wirtschaftskraft Deutschlands ist nach wie vor groß.,0,469049,2012,12
"Dies ist zwar auch bei der bereits länger bekannten Klasse der Kupferoxid-Hochtemperatursupraleiter der Fall, aber in den eisenbasierten Materialien unterscheiden sich die Elektronen untereinander in ihrem orbitalen Charakter.",3,573145,2014,12
"Eine weltweite Studie mit Beteiligung der Universität Göttingen hat nun gezeigt, dass Pflanzen besonders viele Früchte und Samen hervor bringen, wenn möglichst viele unterschiedliche Arten frei lebender Bestäuber vorhanden sind.",0,521372,2013,12
Ist das Unternehmen der Zukunft „weiblich“?,1,531704,2013,12
"Der Kurzfilm wird auf der Eröffnungsveranstaltung des ECI 2009 am 13. September erstmalig in der Öffentlichkeit gezeigt und wird dann Interessierten kostenfrei zur Verfügung gestellt, um eine möglichst weite Verbreitung zu ermöglichen.",0,332897,2009,12
"Wichtig ist dabei, die Marktbedingungen in Europa zu berücksichtigen, vor allem die Zugangsregulierung“, erklärt Hans W. Friederiszick, Koautor der Studie „Assessment of a sustainable Internet model for the near future“.",0,406613,2011,12
"Doch letzten Endes ließe sich das Glücklich-Sein nicht an andere delegieren, betont der Glücksforscher.",0,630227,2015,12
"Die Befragung richtete sich an Innovationsverantwortliche in 5 000 Unternehmen aus den Branchen Chemie, Maschinenbau, Informations- und Kommunikationstechnik (IKT) und Umwelttechnik.",0,179237,2006,12
"Wie dies geschehen könnte, dafür bietet der Schützenfisch originelle Anregungen.“ Förderung durch die Deutsche Forschungsgemeinschaft „Unsere Forschungsarbeiten zu den Schützenfischen wurden von der Deutschen Forschungsgemeinschaft großzügig gefördert, der wir dafür ausdrücklich danken“, erklärt Prof. Schuster.",1,602027,2014,12
"Andererseits werden sich mittel- und langfristig zahlreiche neue Berufsmöglichkeiten ergeben: ""Die Zeiten in der Informationstechnologie werden hektisch, und gerade auf Sicherheitsspezialisten kommt viel Arbeit zu.""",1,18127,2000,12
Das Neue daran ist eine Top-Down-Vorgehensweise mit stufenweiser Optimierung und Entscheidungsunterstützung nach mehreren Kriterien.,1,59826,2003,12
"Nun haben wir den Beweis.“, so Dipl.-Ing.",1,608398,2014,12
Insgesamt bewerten die Teilnehmer die Beschaffung über elektronische Marktplätze überaus positiv.,2,67258,2003,12
"""Unser strategisches Ziel ist es, durch innovative Produkt- und Prozessentwicklungen dreißig Prozent Energieeinsparungen in der unmittelbaren Produktion und zwanzig Prozent Emissionssenkung durch geschlossene Energiekreisläufe zu erreichen"", erläutert Prof. Dr. Reimund Neugebauer, Sprecher des Spitzentechnologieclusters.",0,413554,2011,12
"Genau dieser Prozess der Eindrucksbildung über Kundenwünsche während der Verkaufsbegegnung stellt die Verknüpfung des persönlichen Verkaufs mit dem Kerngedanken des Marketing, dem Kundenwunsch, dar.",0,42136,2001,12
"Prof. Richard Fisher (Chicago), Leiter der großen amerikanischen Intergroup-Studie gratulierte der DSHNHL zu dem Durchbruch, ""an dem wir seit vielen Jahren vergeblich gearbeitet haben und den wir fast schon für nicht mehr möglich gehalten haben"".",2,24796,2000,12
"Obwohl Frauen rund die Hälfte der Studienanfänger stellen, liegt ihr Anteil dort bei unter 20 Prozent.",3,217916,2007,12
Sie kontrolliert derzeit Gebiete im Irak und Teile des benachbarten Syriens und verfolgt das Ziel eines grenzübergreifenden islamischen Staates.,0,594334,2014,12
"Virtuelle Realitäten sind längst keine ferne Zukunftsvision mehr - im Gegenteil, in eigens geschaffenen virtuellen Räumen lassen sich Prozesse simulieren und Mitarbeiter trainieren.",1,232633,2007,12
"""Sie definieren sich als Helfer der Lebenden, nicht als jemanden, der die Leiche entsorgt.""",1,70274,2003,12
"Da Infrarotlicht oft auch als Wärmestrahlung bezeichnet wird, könnte man Terahertz-Wellen auch als sanfte, d.h. sehr energiearme Wärmestrahlung bezeichnen.",0,330576,2009,12
Supraleiter dagegen verdrängen Magnetfelder aus ihrem Inneren.,0,607636,2014,12
"Das nächste Kapitel »Integration von Dienstleistungen und neuen Technologien« fasst Herausforderungen, aber auch Chancen zusammen, die sich derzeit für Dienstleistungen aus emergenten technologischen Entwicklungen ergeben.",1,585564,2014,12
"Im Jahr 2001 wurden allerdings noch 9,4 Prozent des Umsatzes mit Marktneuheiten erzielt.",0,148680,2006,12
"Elena Syssoeva kommt in ihrer Arbeit zu dem Ergebnis, dass die sowjetische Besatzungsmacht die deutschen Kulturgüter weder als Beute noch im Zuge der Plünderung in Anspruch nehmen durfte.",3,102961,2005,12
Solche künstlichen Gehirne sollen dann in naher Zukunft in von Lebewesen inspirierten Robotern zum Einsatz kommen.,1,411024,2011,12
"„Es besteht jedoch kein Zweifel, dass ein optimiertes und Biodiversitäts-freundliches Landschaftsmanagement das Wohlergehen von Mensch und Natur verbessern kann.“ Originalveröffentlichung: Bea Maas et al.",2,635216,2015,12
Eine allzu selbstbewusste Überzeugung von der eigenen Expertise geht also mit einem verstärkten Rückschaufehler einher.,3,636056,2015,12
"„Die Ergebnisse im Vergleich der Spielerinnen der ersten Bundesliga und der Regionalligen verdeutlichen eine unverkennbar höhere Wettbewerbsneigung in der Bundesliga“, zeigt Roland Weierstall auf.",1,625208,2015,12
Das Zukunftsforum wurde im Kontext des Arbeitskreises „Herausforderung Unternehmen 2.n – Nachhaltige Strategien für eine global vernetzte Ökonomie“ veranstaltet.,0,512738,2012,12
In diesem Punkt waren sich Hersteller und Händler auf der diesjährigen Zukunftskonferenz Food an der Universität Witten/Herdecke einig.,1,626912,2015,12
In der neuen Aufnahme der Scheibe um HD 100546 haben die Astronomen Belege für diese Hypothese gefunden.,0,521115,2013,12
"Die Studie zeigt, dass Unternehmen mit einem Dienstleistungsumsatz von über fünf Prozent zwischen 2000 und 2002 im Mittel 32 neue Arbeitsplätze schufen, während die Beschäftigtenzahlen in den übrigen Betrieben stagnierten.",0,82470,2004,12
"Das Team des Fachbereichs für Stadt- und Regionalforschung (Department für Raumplanung) wird in den nächsten drei Jahren unter der Leitung von Prof. Rudolf Giffinger daran arbeiten, gemeinsam mit den Technik- und PlanungsexpertInnen vor Ort problemorientierte, innovative Ansätze zur Verbesserung der Energieeffizienz in der Stadtentwicklung zu entwickeln und Handlungsempfehlungen für moderne Konzepte der Stadtplanung zu geben.",1,547666,2013,12
"Die das IPF auszeichnende Kombination von natur- und ingenieurwissenschaftlicher Kompetenz und die moderne Geräte- und Anlagentechnik ermöglichen eine ganzheitliche materialwissenschaftliche Forschung von der Synthese und Modifizierung polymerer Materialien, über die Charakterisierung, theoretische Durchdringung, Verarbeitung und Prüfung bis zur Steuerung der Eigenschaften von Polymermaterialien, Biomaterialien und Verbundwerkstoffen durch gezielte Grenzflächengestaltung.",1,556217,2013,12
"In einer beispielhaften Integration von anspruchsvollem Naturschutz und nachhaltiger Landnutzung soll es gelingen, Rahmenbedingungen zu schaffen und Fördermöglichkeiten zu eröffnen, die langfristig eine stabile Partnerschaft von Naturschutz und Landnutzern ermöglichen.",1,508530,2012,12
"Deutlich bedrückter sind die Menschen in der Hauptstadt (47 Prozent), wenn sie an ihre persönliche Zukunft denken.",1,251843,2008,12
Lange Zeit fehlte es allerdings in Deutschland an umweltpolitischen Impulsen für Wachstum und Innovationen.,3,199472,2007,12
Allerdings blieben die Lohnsteigerungen in den meisten neuen EU-Ländern zum Teil deutlich hinter den nationalen Verteilungsspielräumen zurück.,1,84088,2004,12
"Branchen wie EDV/Telekommunikation, Maschinenbau und Chemie/Pharma/Mineralöl liegen dagegen bei der Innovationsintensität klar zurück.",1,203117,2007,12
"Schon bald wollen die Forscher nachprüfen können, ob die Vorhersagen der neuen Theorie auch für Rechner gelten, die aus in Silizium nachgebildeten künstlichen Neuronen bestehen.",1,450038,2011,12
"Hierzu konnte gezeigt werden, dass nicht allein die wahrgenommene Ähnlichkeit seitens des Kunden von großer Bedeutung für die Forschung ist, sondern auch die seitens der Verkäufer.",3,42136,2001,12
Die Angiogenese spielt im Rahmen der regulären Wundheilung eine entscheidende Rolle.,1,60163,2003,12
Lediglich die Parameter „Intelligenz“ und„Herz-Kreislauf-Leistungsfähigkeit“veränderten sich nicht.,0,520842,2013,12
"Auf dem Paranal betreibt die ESO mit dem Very Large Telescope (VLT) das weltweit leistungsfähigste Observatorium für Beobachtungen im Bereich des sichtbaren Lichts und zwei Teleskope für Himmelsdurchmusterungen: VISTA, das größte Durchmusterungsteleskop der Welt, arbeitet im Infraroten, während das VLT Survey Telescope (VST) für Himmelsdurchmusterungen ausschließlich im sichtbaren Licht konzipiert ist.",2,521115,2013,12
"Das Bild wird kontinuierlich in Position, Größe und Orientierung sowie Objektform, Pose und Beleuchtung angepasst.",0,63215,2003,12
"Bei der Finanzierung plädieren sie für einen Preiskorridor aus Mindestvergütung und Erstattungsobergrenze, dessen Einhaltung ebenso wie die Gewährleistung eines Grundleistungskataloges durch eine gesetzliche Aufsicht zu garantieren sei: ""Das verhindert die Dominanz einzelner Marktteilnehmer"".",0,57215,2002,12
Außerhalb des Dienstleistungssektors halten sich die Baden-Württemberger bei der Neugründung von Unternehmen eher zurück: Die Anzahl aller neu gegründeten Firmen im Ländle blieb zwi-schen 1989 und 1997 mit etwa 37 Gründungen je 10.000 Erwerbspersonen um sieben Prozent unter dem Bundesdurchschnitt.,0,12332,1999,12
"Dabei geht es um die Weiterentwicklung des sogenannten Cluster-Modells, da es aufgrund der erforderlichen, sehr heterogenen Mitgliederstruktur neuer Ansätze zur überbetrieblichen Kooperation bedürfe.",1,554850,2013,12
"""Wenn man CLIMAP mit der Erfindung des Autos vergleichen kann, dann hat es MARGO nun mit einem zeitgemäßen und leistungsfähigen Motor ausgestattet"", beschreibt Professor Michal Ku?era die Leistung des MARGO-Wissenschaftlerstabs.",1,296984,2009,12
"Um den Rückstand Deutschlands bei den Dienstleistungen aufzuholen, ist ein Maßnahmenpaket der gesellschaftlichen und wirtschaftlichen Modernisierung nötig - vom Übergang zur Qualitätsproduktion, Professionalisierung von Dienstleistungen und moderne Arbeitszeiten über die Förderung der Frauenerwerbstätigkeit bis zum Ausbau der Sozialstaats zur Überwindung der ""Kostenkrankheit"" zentraler Dienste wie Bildung und Gesundheit.",1,55874,2002,12
Das Ziel dieser Maßnahmen ist klar: Mit gravierenden Änderungen der Rahmenbedingungen für Hochschulfinanzierung und -management sollen die nationalen Bildungseinrichtungen zu verstärktem Wettbewerb und erhöhtem Wirtschaftlichkeitsdenken angehalten werden.,1,52237,2002,12
Dabei findet die Nutzung von Gutscheinen selektiv statt.,0,162574,2006,12
"„Eine gute Infrastruktur sowie hervorragende Verkehrsanbindungen sind hier essentiell.“ Auch kann die Politik Hemmnisse für den Erwerb von Wohneigentum abbauen, etwa die hohe Grunderwerbsteuer.",1,630227,2015,12
"Dabei wurden die vormaligen Diagnosekriterien für „hochaktiv“ aufgehoben, und die Vortherapie muss nun nicht mehr mindestens ein Jahr gedauert haben.",0,646949,2016,12
"Die weit verbreitete Wahrnehmung, dass wesentliche Leistungen der Gesellschaft wie gut bezahlte Arbeit, sichere Alters- oder Gesundheitsvorsorge nicht mehr für alle da sind, habe zur Folge, dass sich viele Menschen von der Gesellschaft ausgeschlossen fühlten, betonte Lantermann, „und gesellschaftliches Exklusionsempfinden korrespondiert in starkem Maße mit einem Verlust an Lebenszufriedenheit und Glück sowie mit einem Nachlassen an Selbstsorge, einschließlich eines verminderten bürgerschaftlichen Engagements.“ Wie erfolgreich der einzelne diese Situation bewältige, hänge stark von den ihm zur Verfügung stehenden Ressourcen ab.",1,472891,2012,12
Hohes Umweltschutzbewusstsein in der Bevölkerung sowie eine entsprechend ausgerichtete Gesetzgebung hatten in den 70er und 80er Jahren starke Impulse zur Entwicklung einer dynamischen Umweltindustrie in Deutschland gegeben.,0,199472,2007,10
Produzieren im Ausland - ja oder nein?,0,221444,2007,10
"I-Neurone koennten diese Signalmolekuele nutzen, um zu entscheiden, welche Art von 'wenn-dann'-Schranken sie aufbauen muessen.",0,17231,2000,10
"Während viele Studien sich ausschließlich auf Vollzeitbeschäftigte und Monatsverdienste beziehen, basiert die IAT-Untersuchung auf Brutto-Stundenlöhnen, so dass Teilzeit- und Minijobs einbezogen werden können.",0,150919,2006,10
Das Verhältnis zu den Bürgern sowie materielle Fragen des Planungsrechts oder der Grenzwerte waren nicht Gegenstand der Untersuchung.,3,60791,2003,10
"Hintergrund: Zuversichtsstudie Basis der Allianz Zuversichtsstudie, einer gemeinschaftlich durchgeführten Untersuchung der Allianz Deutschland AG und der Universität Hohenheim, sind repräsentative monatliche Befragungen mit jeweils mindestens 500 - 1.000 Interviewpartnern.",0,578477,2014,10
"Mit MERASA autonom fliegender Helikopter Bei der MERASA-Abschlussveranstaltung, zu der die Firma Infineon Technologies als Gastgeberin nach Neubiberg eingeladen hatte, präsentierte Honeywell International vor zahlreichen Industrievertretern aus dem Automobil- und Flugzeugbau sowie aus der Automatisierungstechnik einen autonom fliegenden Helikopter auf einem mit dem MERASA-Mehrkernprozessor gekoppelten Flugsimulator, auf dem die im Projekt entwickelten parallelen 3D-Navigationsalgorithmen ausgeführt wurden.",0,401466,2010,10
So konnte jüngst Tobias Gradl vom Institut für Informatik der Universität Erlangen eine Multigrid-Simulation mit 307 Milliarden Unbekannten durchführen und dabei auch mit 9000 Prozessorkernen eine hervorragende Rechenleistung erreichen.,1,216098,2007,10
Mit dem bundesweit höchsten Wert von 72 Prozent (plus vier Prozentpunkte) erreicht der Südwesten auch hier den ersten Platz und ist somit doppelter Sieger – bei der Zuversicht für Deutschland wie auch für das persönliche Leben.,1,552113,2013,10
Nicht zu viel Neues wünscht sich hingegen Bénédicte Savoy: Aus der französischen Perspektive ist sie voll des Lobes für die deutsche Universität und plädiert für Humboldts Ideale.,1,299845,2009,10
Bei einem Haushalt von über 70 Millionen DM bildet das INI-GraphicsNet weltweit den größten Forschungsverbund auf dem Gebiet der Graphischen Datenverarbeitung.,0,33591,2001,10
"Wenn Kommunen sich dies vor Augen führen, sehen sie womöglich neuen Spielraum, Klimaschutz vor Ort voranzubringen.“ Die Energiewende: Fachkräftemangel kann sie verlangsamen Voraussetzung für das Gelingen der Energiewende und für das Entstehen von kommunaler Wertschöpfung ist allerdings, dass ausreichend viele Unternehmen in der Region ansässig sind, um die Nachfrage nach energetischer Gebäudesanierung zu decken.",0,612616,2014,10
"Interessanterweise finden sich unter denjenigen Unternehmen, die eine moderne Finanzierungsstruktur unter Einschluss von Mischformen zwischen Eigen- und Fremdkapital (mezzanine Instrumente) aufweisen, besonders oft die innovativeren Unternehmertypen.",0,174296,2006,10
"Nachweisen lässt sich das z.B. nach wochenlangem Tragen eines Gipsverbandes oder im positivem Sinne bei Musikern, die Hände und Finger wesentlich häufiger benutzen: Ihre entsprechenden kortikalen Karten sind tatsächlich vergrößert.",0,63072,2003,10
"""Die Medizintechnik zählt zu den Hightech-Branchen, in denen Deutschland eine internationale Spitzenposition einnimmt.",1,323164,2009,10
"Allerdings sei es auch erforderlich, daß die derzeit genutzten, aus dem Bereich der Lebensversicherung adaptierten Systeme verfeinert werden, um den spezifischen Erfordernissen der deutschen privaten Krankenversicherung optimal zu entsprechen.",0,16052,1999,10
"Der Hippokampus ist eine von zwei spezialisierten Gehirnregionen, in denen die Neurogenese auch im Erwachsenenalter fortbesteht.",0,179539,2006,10
Das „Best Effort Plus“-Modell bewahrt das traditionelle „Best Effort“-Netzwerk für bereits existierende Services.,0,406613,2011,10
"Zudem gilt: Je besser die persönliche Situation eingeschätzt wird, desto zuversichtlicher wird auch die persönliche Zukunft und die Zukunft des Landes gesehen.",0,236723,2007,10
Es kann eine sinnvolle Ergänzung zu tariflichen Mindeststandards sein und das Abrutschen des Lohngefüges verhindern.,0,76420,2004,10
"Ein ähnlicher Zusammenhang lässt sich beim Produktinformationsblatt finden: Zwischen 80% und 84% derjenigen, die das Produktinformationsblatt sehr nützlich finden, geben an, dass sich durch das Informationsblatt ihr Verständnis der Funktionsweise der Anlage, ihrer Chancen und Risiken sowie der mit ihr verbundenen Kosten und Provisionen verbessert habe.",1,623789,2015,10
"Sollte sich aber bestätigen, dass es sich bei dem neu entdeckten Objekt um einen Planeten handelt der sich – eingebettet in die Materiescheibe um den jungen Stern – noch im Entstehungsprozess befindet, dann wäre damit ein einzigartiges Laboratorium für die Erforschung der Bildung eines Planetensystems gefunden.",2,521115,2013,10
"Ingenieurinnen sollen jungen Frauen Mut machen, einen Beruf in den technisch-wissenschaftlichen Bereichen zu ergreifen.",0,333178,2009,10
So sollte in der GKV auf die Nachforderung rückständiger Beiträge seit Beginn der Versicherungspflicht verzichtet werden.,0,291121,2008,10
"Ende 2010 waren gerade einmal 2,8 Prozent der Vorstandspositionen von Frauen besetzt.",0,447042,2011,10
Dies belegt eine vom Bundesfamilienministerium geförderte Studie des KIT-Instituts für Unternehmensführung und der Professur für Management und Controlling der Georg-August-Universität Göttingen.,0,447042,2011,10
"„Diese Absichten bleiben oftmals unbefriedigt, so dass IS-Anhänger nicht immer die angestrebte persönliche Erfüllung finden.",0,642209,2015,10
"Durch diese Vorgehensweise wird veranschaulicht, was Hersteller beim Aufbau eines Geschäftsfelds für Dienstleistungen im Vergleich zum bisherigen Produktgeschäft ändern müssen.",0,341958,2009,10
Die Wissenschaftlerinnen und Wissenschaftler schlagen folgende Leitlinien vor: •	Die spezifischen Eigenschaften unterschiedlicher Ökosystemleistungen müssen bei der Gestaltung von Politikmaßnahmen in Betracht gezogen werden.,0,533748,2013,10
Für 37 Vorhaben werden die erreichten und angestrebten Erfolge ebenso dargestellt wie die Schwierig-keiten bei der Umsetzung.,0,462603,2012,10
"Es evaluiert die Leistung europäischer Gesundheitssysteme hinsichtlich Ergebnissen, Qualität, Ressourcenverbrauch und Kosten unter anderem bei Herzinfarkt, Schlaganfall oder niedrigem Geburtsgewicht.",0,606206,2014,10
"Die Kenntnis der gesundheitlichen Risiken ionisierender Strahlung bei niedrigen Dosen und Dosisleistungen ist wichtig, um einen wirksamen Schutz vor deren nachteiligen Folgen vorzusehen, Schutzmaßnahmen zu optimieren und den Nutzen der Anwendung von Strahlung und radioaktiven Stoffen in Medizin, Industrie und Forschung zu maximieren.",0,75785,2004,10
"Drei Viertel aller befragten Innovationsverantwortlichen nutzen das World Wide Web den Studienergebnissen zufolge, um sich beispielsweise über neue Techniktrends zu informieren.",0,181170,2006,10
"Alle Patienten bekamen durch speziell geschulte Ärzteteams aus Neurologen und spezialisierten Neurochirurgen einen neuartigen wiederaufladbaren Hirnschrittmacher implantiert, der – anders als bisherige Systeme – über bis zu acht Kontakte auf jeder Seite des Gehirns unterschiedliche Strom-Impulse abgeben kann (sogenanntes „Current Steering“).",1,539055,2013,10
"Der Kommunikation legten sie ein Modell zugrunde, nach dem jede Person in gleichen Zeitabständen Informationen abfragt und angefragt wird, niemals aber erneut bei dem zuvor genutzten Kontakt.",0,478424,2012,10
"Mit der neuen Zwei-Photonen-Intravitalmikroskopie sind wir bei ihrer Reise sozusagen live dabei"", sagt Tim Worbs, Mitarbeiter des MHH-Instituts für Immunologie und Erstautor der Studie, die vorab auf der Homepage des renommierten Wissenschaftsjournals ""Journal of Experimental Medicine"" erschienen ist.",1,203532,2007,10
Das Erlernen von Schrittfolgen und Kombinationen ist darüber hinaus eine beträchtliche Herausforderung für das Gehirn.,1,520842,2013,10
In zahlreichen Projekten zum Themenkomplex des EEG sowie den Untersuchungen zu Innovationentwicklungen in komplementären Technologien forscht das Fraunhofer ISI zur Sachlage.,0,575663,2014,10
Weltweit wird die Intensivierung der landwirtschaftlichen Nutzung als die größte Bedrohung für die Artenvielfalt erachtet.,0,568060,2014,10
"Dopamin spielt also auch bei Primaten eine entscheidende Rolle für die Neurogenese im Gehirn.""",0,148243,2006,10
"Im Institut für Mikro- und Nanotechnologien IMN MacroNano® der TU Ilmenau sind sechs Wissenschaftler mit der zentralen Projektaufgabe befasst, neuartige Sensoren zu entwickeln, mit denen gemessen wird, ob und wie die neuronalen Zellstrukturen wachsen, miteinander in Kontakt treten und Informationen austauschen.",1,505178,2012,10
"Das Ziel der Kooperation besteht in der Charakterisierung der Genotoxizität des hyperbaren Sauerstoffs, um eventuelle Nebenwirkungen bei seinem Einsatz in der Wundbehandlung zuverlässig ausschließen zu können.",0,41287,2001,10
Mit einem elektronischen Datensystem entlang der Wertschöpfungskette allen Beteiligten eine breite Palette an Informationen zur Verfügung zu stellen und vor allem die Produktdifferenzierung anhand von solider Information zu ermöglichen Wie geschieht das?,0,188936,2006,10
"„Es besteht daher die Gefahr“, so die Expertenkommission, „dass die finanziell defizitäre Krankenversorgung in den Hochschulklinika durch Mittel subventioniert wird, die eigentlich für Forschung und Lehre bestimmt sind.",0,574352,2014,10
"Wissenschaftlern aus der Arbeitsgruppe um Prof. Michael Stephan und Helmut Dorschner vom Leibniz-Institut für Polymerforschung Dresden (IPF) ist es nunmehr gelungen, die Herstellung des Kunststoffendproduktes unmittelbar mit der elektronenstrahlinduzierten Veränderung der Werkstoffeigenschaften zu verbinden.",1,160381,2006,10
"Vielmehr spricht einiges dafür, dass Minijobber im Vergleich zu sozialversicherungspflichtig Vollzeit- und Teilzeitbeschäftigten oftmals geringere Stundenlöhne erhalten.",0,150919,2006,10
"Besonders groß sei die Mitbestimmungslücke bei Unternehmen aus dem Handels- und Dienstleistungssektor (67 Prozent), wohingegen sie im Industriebereich bei 37 Prozent lag.",0,636446,2015,12
"Klimawandel, Ressourcenknappheit sowie konkrete Maßnahmen wie Strompreiserhöhungen erfordern Konzepte für ökologische Nachhaltigkeit.",1,413104,2011,12
Denn das Risiko einer ungerechtfertigten Ablehnung eines geprüften Modultyps im Rahmen einer Zertifizierungsprüfung sinkt.,1,607034,2014,12
"Während Anbieter insbesondere den erhöhten Bürokratieaufwand sowie die nicht gegebene Möglichkeit eines freiwilligen, kundenseitigen Protokollverzichts bemängeln, wird von Verbraucher(schutz)seite insbesondere die fehlende Detailgenauigkeit der erstellten Beratungsprotokolle kritisiert.",1,623789,2015,12
"Hinzu kommt: Wer die Entwicklung Deutschlands insgesamt nicht positiv sieht, verlässt sich auch nicht auf die Versorgungsmodelle des Staates, sondern wählt häufig Vorsorgeprodukte privater Anbieter - mit positiven Folgen: Unter den Menschen, die private Vorsorge für das Alter, für Krankheit oder für Pflegebedürftigkeit treffen, ist der Anteil der persönlich Zuversichtlichen überdurchschnittlich groß.",1,251843,2008,12
"Auf diese Weise ist das Reich sehr spezieller Strukturen, die als mögliche Kandidaten für die Modellierung von Raum, Zeit und Materie gelten können, in atemberaubender, aber auch sehr mysteriöser Weise bereichert und geordnet worden.",2,90952,2004,12
Sport ist gesund – das dürfte sich herumgesprochen haben.,1,585542,2014,12
"Das Forschungsgebiet habe eine enorme sozio-ökonomische Bedeutung, meint Andreas Cesana, und er verweist auf die weit reichenden Konsequenzen von Immundefizienzen, Autoimmunerkrankungen, Allergien oder Krebserkrankungen für die Betroffenen, für ihr Umfeld und für die Gesellschaft.",2,184764,2006,12
"""Jedoch können einige ökologische Funktionen selbst von naturnah bewirtschafteten Wäldern nicht ausreichend erbracht werden.",3,306430,2009,12
"Die Analyse auf der Basis des Sozioökonomischen Panels (SOEP 2004) ergibt auf gesamtwirtschaftlicher Ebene für Westdeutschland eine Niedriglohngrenze von 9,58 € und für Ostdeutschland von 6,97 € pro Stunde (einschließlich eventueller Sonderzahlungen).",0,142462,2006,12
Planungsinstrument Der Ulmer Beitrag über den »Einfluß des Versicherungsvertrags auf die Rechnungslegung des Lebensversicherungsunternehmens« nimmt Bezug auf einen Mißstand in der gebräuchlichen Bilanzierungspraxis der Versicherer.,1,16052,1999,12
"Zu diesem Ergebnis kommen neun international anerkannte Fachgutachter, die im Auftrag des Ministeriums für Wissenschaft und Kultur die wirtschaftswissenschaftliche Forschung an niedersächsischen Hochschulen unter die Lupe genommen haben.",0,42599,2001,12
"Dies erklärt, warum nur 10% der jungen Leute mit niedrigen Schulabschlüssen über Auslandserfahrungen verfügen, hingegen jede(r) dritte Auslandserfahrene Abitur hat.",0,50962,2002,12
"Ferner erhalten zehn ausgewählte Preisträger des Gründerwettbewerbs Multimedia die Chance, auf einem speziellen Experten-Forum Multimedia ihre zukunftsträchtigen Geschäftsideen einem Kreis von ausgewählten Investoren vorzustellen.",1,33591,2001,12
"„Die zielgerichtete Entfernung von IgG-Antikörpern aus dem Blut der Patienten mit neurologischen Komplikationen führte zu einer nachweislichen deutlichen Verbesserung.“ Beispielhafte Kooperation Zusätzlich zum HU- Syndrom, das durch den Giftstoff Shigatoxin der EHEC Bakterien verursacht wird und die Niere schädigt, hatten insbesondere die neurologischen Auswirkungen auf das Gehirn wie Bewusstseinsstörungen und Epilepsien zu einer großen Verunsicherung in der Öffentlichkeit und Medizin geführt.",1,439383,2011,12
"Wissenschaftsministerin Kraft: ""Wissenstransfer ist besonders für Nordrhein-Westfalen von großer Bedeutung, denn als exportierendes Industrieland sind wir darauf angewiesen, dass wissenschaftliche Erkenntnisse so schnell wie möglich in neue Technologien, Produkte und Dienstleistungen umgesetzt werden.",1,81087,2004,12
"Niedrige Mehraufwandsentschädigungen können zwar Einsperreffekte verringern, erhöhen aber andererseits die Anreize, sozialversicherungspflichtige Beschäftigung durch Arbeitsgelegenheiten zu ersetzen: Je niedriger die vom Träger der Maßnahme zu zahlende Vergütung sei, desto eher drohe die Gefahr, dass die Maßnahmeteilnehmer gegen die Intention des Gesetzgebers als günstige Arbeitskräfte für Tätigkeiten eingesetzt werden, die ohnehin durchzuführen gewesen wären.",3,112829,2005,12
"Um zu ihren bahnbrechenden Ergebnissen zu gelangen, stellten die Forscherinnen und Forscher eine frei tragende, hauchdünne Membran aus einem Halbleitermaterial her, in die mit Methoden der Nanotechnologie eine grosse Zahl periodisch angeordneter winziger Löcher geätzt wurde.",2,446379,2011,12
"Immer wieder wird die Frage gestellt, ob nicht auch medizinischer Mund-Nasen-Schutz als Schutz vor Aerosolen, die z.B. Vogelgrippe-Viren enthalten können, geeignet sei.",0,147560,2006,12
"Beim Blick in die Zukunft wiederum seien die Hamburger (70%) erneut ganz vorn, während die Stuttgarter (62%) ihre persönlichen Perspektiven nicht ganz so zuversichtlich sähen.",1,280861,2008,12
"Jetzt haben wir diesen Studiengang gestartet, den es bisher nur an der privaten Hochschule für Gesundheit und Sport in Berlin gab.",0,282648,2008,12
"""Unsere theoretischen Vorhersagen stimmen hervorragend mit den präzisen Massenmessungen überein"", freut sich Schwenk, der die Ergebnisse gemeinsam mit seinen internationalen Forscherkollegen im Juli im Fachmagazin Physical Review Letters publizierte.",1,489746,2012,12
1688 Studierende der Hochschul-Standorte in Osnabrück und Lingen hatten Fragen zu verschiedensten Themenblöcken beantwortet.,0,632466,2015,12
"„Sowohl im sich entwickelnden als auch im erwachsenen Gehirn wurden inzwischen zahlreiche sogenannte Transkriptionsfaktoren identifiziert, die an der Neurogenese beteiligt sind“, sagt Professor Magdalena Götz, Lehrstuhlinhaberin am Physiologischen Institut der LMU und Direktorin des Instituts für Stammzellforschung am Helmholtz Zentrum München.",0,547314,2013,12
"Vermittelt wird die Acetylierung von Enzymen, die Acetylgruppen spezifisch auf bestimmte Proteinbausteine übertragen beziehungsweise wieder entfernen.",0,645149,2016,12
Max Webers Reflexionen zur Rolle der Energieversorgung beim Aufstieg der kapitalistischen Wirtschaftsweise sind ein Beispiel dafür.,0,642491,2015,12
"Ungewiss bleibt jedoch, ob die rot-grüne Regierungskoalition mit einer absoluten Mehrheit der Sitze im nächsten Bundestag rechnen kann.",3,51950,2002,12
„Bereits bei vielen einzelnen Parkinson-Patienten haben wir mit diesem neuartigen Hirnschrittmacher klinisch sehr gute Ergebnisse erzielen können.,1,539055,2013,12
"""Mit seiner wissenschaftlichen Erfahrung, mit seinem exzellenten internationalen Ruf sowie mit seiner Persönlichkeit steht er wie kaum ein anderer für das Thema Nachhaltigkeit.""",1,323387,2009,12
Ausgestattet mit vielseitigen technischen Möglichkeiten bietet das ServLab Dienstleistungsunternehmen eine umfassende Plattform für die Entwicklung und Gestaltung moderner Serviceleistungen.,1,178542,2006,12
"Nachdem die Europäische Kommission im Ok-tober diesen Jahres ein Vertragsverletzungverfahren gegen Deutschland wegen unzurei-chender Meldung von Vogelschutzgebieten eingestellt hat, ist die Gebietsausweisung nun-mehr abgeschlossen und Rechts- und Planungssicherheit hergestellt.",0,348433,2009,12
"""Notwendig ist, auch explizit konfliktbezogene Instrumente zu schaffen bzw. bereits bestehende Instrumente um diese Dimension zu erweitern, um konflikteskalierendes Unternehmensverhalten einzudämmen und Möglichkeiten positiver Einflussnahme auf (Prä- und Post-) Konfliktlagen optimal auszuschöpfen"", benennt Peter Croll, Direktor des BICC, ein Resultat des Projekts.",1,153100,2006,12
"Moderne Medizintechnik-Folgeabschätzung (Health Technology Assessment, HTA) kombiniert klinisch-epidemiologische und gesundheitsökonomische Ansätze der Nutzenbestimmung mit sozialen, ethischen und juristischen Aspekten.",0,470200,2012,12
"Unternehmen, die die Kontexte ihrer (potenziellen) Kunden kennen und dort strategische Rollen besetzen, wird es am ehesten gelingen, durch einen Nutzwert für den Kunden einen Geldwert für das Unternehmen zu erzielen.",3,585564,2014,12
"„Dabei fällt allerdings eine Schieflage auf, denn Innovationen entstehen nicht nur in der Hochtechnologie oder in teuren Laboren.“ Große Städte böten ein enormes Potenzial für soziale, nutzergetriebene und dienstleistungsorientierte Innovationen.",1,627876,2015,12
"Das Schützenfischhirn ist scheinbar sehr viel einfacher als das des Menschen, es besitzt zum Beispiel keine Großhirnrinde.",3,602027,2014,12
Aber ein theoretisches Verständnis dieses Problems war bislang nicht vorhanden.,0,376818,2010,12
In gut der Hälfte der hier einbezogenen Länder erhalten weniger als 4% der Beschäftigten den Mindestlohn.,0,183737,2006,12
Dies wäre jedoch eine unerhebliche Summe.,3,631033,2015,12
Auf dieser Basis entwickelt die EFI Vorschläge für die nationale Forschungs- und Innovationspolitik.,0,574352,2014,12
"""Da der erfolgreiche Start praktisch jeder Immunantwort davon abhängt, dass T-Lymphozyten im Lymphknoten ihre spezifischen Fremdstoffe finden, ist dieser Mechanismus wahrscheinlich von zentraler Bedeutung für das Funktionieren des Immunsystems"", sagt Professor Dr. Reinhold Förster, Direktor des MHH-Instituts für Immunologie.",3,203532,2007,12
Für Rückfragen: Antonia Seifert Presse- und Öffentlichkeitsreferentin Heinrich-Pette-Institut – Leibniz-Institut für Experimentelle Virologie Martinistraße 52 20251 Hamburg Tel.,0,553802,2013,11
Ein so großvolumiger Dienstleistungssektor wie in den USA kann deshalb kaum entstehen.,3,46644,2002,11
„Eine solche Entwicklung wäre durchaus naheliegend.,1,602027,2014,11
Hintergrund der Veranstaltung sind die hohen Verluste der letzten Jahre durch Schweinepest und andere gefährliche Tierseuchen wie Geflügelpest und Maul- und Klauenseuche (MKS).,0,228192,2007,11
14 % der Regionen erhielten mehr als 20 Punkte.,0,583143,2014,11
"Deshalb sehe ich in den wissenschaftlich fundierten Ergebnis­sen eine Bestätigung für den Kurs der Landesregierung, schon ab dem nächsten Schuljahr - und damit deutlich früher als zunächst geplant - den Weg zu mehr Selbstständigkeit und Eigenverantwortung für alle Schulen zu öffnen.",1,161353,2006,11
"Mit ihrem Switching-Modul sowie zusätzlichen Bausteinen sind die Entwickler auch in der Lage, definierte Fehlerzustände zu erzeugen und geben damit Entwicklern von Internetanwendungen die Chance, ihre Produkte vor der Auslieferung auf Herz und Niere zu testen und auch seltene Überlastsituationen zu berücksichtigen.",0,17284,2000,11
"Dadurch kann bereits vor Eintritt eines Notfalls berechnet werden, welche Fluchtwege bei einem Brand noch nutzbar sind.",0,632087,2015,11
"Dabei war gewährleistet, dass die Eindrucksbildung und damit die externe Informationsaufnahme der Verkäufer beim Verstehen von Kundenwünschen mit allen relevanten Angaben (Reihenfolge, benötigte Zeit, individueller Sicherheitsgrad, Einschätzung der Kundenwünsche sowie demographische Daten) automatisch in Form von Protokollaufzeichnungen erfasst wurde.",0,42136,2001,11
"Kommen beide in einem Projekt zusammen, „erleben wir oft Lösungen, die jeweils der eine ohne den anderen gar nicht gesehen hätte“, sagt Tröndle.",0,467617,2012,11
"Pressemitteilung Heidelberg, 22. März 2013 Die Angst des Schützen beim Elfmeter Dissertation erforscht Leistungsverbesserungen durch gezieltes Strafstoß-Training Fußballspieler können Elfmeterschießen trotz der extremen Stresssituation mit bestimmten Strategien gezielt trainieren und somit ihre Erfolgschancen beim Torschuss deutlich erhöhen.",0,525101,2013,11
"Die Arbeit der bundesweit agierenden Servicestelle umfasst folgende Aufgaben: - Öffentlichkeitsarbeit zum Förderprogramm, insbesondere bei der Zielgruppe Kommunen - Vorbereitung und Durchführung der Wettbewerbe ""Kommunaler Klimaschutz"" - Beratungs- und Serviceleistungen zum kommunalen Klimaschutz Kontakt: Anna Hogrewe-Fuchs Presse- und Öffentlichkeitsarbeit Servicestelle: Kommunaler Klimaschutz Deutsches Institut für Urbanistik (Difu) Lindenallee 11, 50968 Köln Telefon: 0221/340308-16, Telefax: 0221/340308-28 E-Mail: hogrewe-fuchs@difu.de, kontakt@kommunaler-klimaschutz.de Internet: www.kommunaler-klimaschutz.de, www.difu.de Kurzinfo: Deutsches Institut für Urbanistik Das Deutsche Institut für Urbanistik (Difu), Berlin, ist als größtes Stadtforschungsinstitut im deutschsprachigen Raum die Forschungs-, Fortbildungs- und Informationseinrichtung für Städte, Kommunalverbände und Planungsgemeinschaften.",0,318442,2009,11
"Bei einer zu großen Differenz der Markenwahrnehmung muss auf Seiten der Sponsorenmarke auch die Möglichkeit in Betracht gezogen werden, dass negative Assoziationen von der Vereins- auf die Sponsorenmarke übergehen können.",3,599984,2014,11
Im IRS werden mehrere Teilaspekte dieser Prozesse intensiv beforscht.,0,627876,2015,11
"Biochemiker der Arbeitsgruppe Evolutionäre Pathobiochemie um Juniorprofessor Bernd Moosmann vom Institut für Physiologische Chemie und Pathobiochemie haben sich vor einigen Jahren der Frage zugewandt, warum sich die maximal erreichbare Lebensdauer der verschiedenen Tierarten so stark unterscheidet.",0,239965,2007,11
"Aber welche Angebote sind nicht nur technisch machbar, sondern auch sinnvoll und erfolgversprechend?",0,42773,2001,11
"Eine erfolgreiche Marktpositionierung der regionalen Unternehmen und Forschungseinrichtungen auf technologischen und wirtschaftlichen Zukunftsfeldern wie Elektromobilität und Biomassenutzung kann nur clusterübergreifend geschehen.“ In Zukunft werde es außerdem darum gehen, die bestehenden Cluster auf die nächste Exzellenzstufe zu bringen.",0,463161,2012,11
"Entscheidungen und Vorgaben aus verschiedenen Verantwortlichkeitsbereichen, besonders jedoch Fragen der Sicherheit, greifen bei der Aufrissgeometrie eines Sichtlinienprofils sehr stark und vielfach unbemerkt ineinander.",0,210133,2007,11
"Für den Ingenieursbereich hingegen unterstrich Juanita Jordan, Personalleiterin der Bosch Engineering GmbH, die besondere Bedeutung verbesserter Karrierebedingungen für Frauen: „Für Unternehmen wie die Bosch Engineering GmbH ist die Erhöhung des Frauenanteils von strategischer Bedeutung, um die Vorteile von gelebter Vielfalt – z.B. die höhere Innovationskraft – nutzen zu können und den sich verschärfenden Fachkräftemangel aufzufangen.“ Den Abschluss und gleichzeitig den Höhepunkt der Veranstaltung stellte eine Podiumsdiskussion zum Thema „Frauen in Karriere – ein strategisches Thema für das Unternehmen der Zukunft“ dar: Moderiert von Prof. Dr. Rainer Trinczek (Friedrich-Alexander-Universität Erlangen/Nürnberg) diskutierten hochrangige VertreterInnen von Vorreiterunternehmen, Mechthilde Maier (Leiterin Group Diversity Management des Konzerns Deutsche Telekom AG), Barbara Fischer (Head of Business Administration and Controlling, Siemens AG), Juanita Jordan (Personalleiterin, Bosch Engineering GmbH), Barbara Althoff-Simon (Executive Vice President, Corporate Officer, SAP AG) und Andrei Frömmer (Abteilungsleiter Führungskräfteentwicklung und -betreuung, Deutsche Postbank), mit PD Dr. Andreas Boes (Vorstand ISF München) und mit Christiane Benner (geschäftsführendes Vorstandsmitglied, IG Metall Vorstand).",0,485958,2012,11
"In Hamburg, Baden-Württemberg und NRW leben die meisten Optimisten Die meisten zuversichtlichen Menschen leben in Hamburg.",0,294709,2008,11
84 40239 Düsseldorf Tel.,0,64544,2003,11
"So schlecht wie 2009 ist die Stimmung aber derzeit bei weitem nicht“, erklärt Dr. Michael Heise, Chefvolkswirt und Leiter der Unternehmensentwicklung der Allianz, die aktuellen Ergebnisse der Zuversichtsstudie.",3,443124,2011,11
"20 Euro je Stunde wären erforderlich, lassen sich bei den Kund/innen aber kaum durchsetzen.",3,66996,2003,11
Die niedersächsischen Schlüsselindustrien sind auf leistungsstarke Verkehrssysteme und effiziente Logistikdienstleistungen angewiesen.,0,622516,2015,11
"Vor dem Hintergrund der aktuellen Fälle von Vogelgrippe in Deutschland stellt sich die Frage nach wirksamen Schutzmaßnahmen für Beschäftigte wie Landwirte, Laborpersonal oder Veterinärmediziner.",0,147560,2006,11
"Besonders aktiv ist die Telekommunikationsbranche, in der nahezu alle Unternehmen das Ausland sowohl zum Absatz als auch zum Bezug von Dienstleistungen nutzen.",0,168604,2006,11
"Ein Mindestlohn von 5,00 € entspräche demgegenüber nur 32,9% des gesamtdeutschen Durchschnittsverdienstes und läge damit im internationalen Vergleich am untersten Rand des Spektrums - etwa auf dem Niveau der USA bzw. Estlands.",1,183737,2006,11
"Es sollen Retentionsflächen geschaffen werden, insbesondere durch Renaturierung ehemaliger Auen, die Fließgewässerstrukturen sollen verbessert, die Nutzung an die Be-dingungen in Überschwemmungsgebieten angepasst, die Rückhaltefähigkeit durch angepasste Bewirt-schaftung erhöht und all diese Anforderungen in die Planungen von Wasserwirtschaft, Raumordnung und Naturschutz integriert werden.",0,462603,2012,11
"MASCHINEN LERNEN SELBSTÄNDIG UND OPTIMIEREN SICH AUTOMATISCH Der Verbund, an dem 14 Wissenschaftlerinnen und Wissenschaftler von sechs Fachhochschulen in Nordrhein-Westfalen beteiligt sind, hat sich drei Jahre lang intensiv mit der Frage beschäftigt, wie Maschinen selbständig lernen und sich automatisch optimieren können.",0,27629,2000,11
"Der Fahrzeugbau, die Elektroindustrie sowie die technischen und FuE-Dienstleistungen wenden jeweils 8,3 Prozent ihres Umsatzes für Innovationsprojekte auf.",0,203117,2007,11
"Der Studie liegen Daten der DAX-Familie (DAX, MDAX, SDAX, TecDAX) aus den Jahren 2002 bis 2010 zugrunde.",0,447042,2011,11
Grundsätzlich werden Qualitätsmodelle als ein wichtiges Instrument im Qualitätsmanagement angesehen.,0,363416,2010,11
"„Industrie 4.0“ und „Internet of Things“ „Mit der CTR als Forschungszentrum für intelligente Sensorik und dem Kompetenzzentrum ASSIC mit dem Fokus der Systemintegration haben wir österreichweit ein technologisches Alleinstellungsmerkmal mit internationaler Relevanz“, so der geschäftsführende Vorstand Dr. Werner Scherf.",0,629995,2015,11
Auch bei der Beurteilung ihrer aktuellen persönlichen Lage stellen die Menschen in diesen drei Bundesländern die Spitzengruppe.,0,294709,2008,11
"Wichtig dabei ist, Normungsaspekte frühzeitig in Forschungs- und Entwicklungsprozesse sowie bei der Umsetzung von Forschungsergebnissen in praxisrelevante Lösungen mit einzubeziehen.",0,236917,2007,11
"Diese bedeutsame Annäherung zwischen Physik und Mathematik könnte den Weg bereiten für die Entstehung eines neuen wissenschaftlichen Feldes mit einer alle diese Erfahrungen gemeinsam überspannenden Sprache und einer gemeinsamen Sammlung von Beispielen und Methoden - und damit wohl auch mit einer gesteigerten Fähigkeit, alte Probleme zu lösen und neue, weitreichende Theorien zu formulieren.",3,90952,2004,11
Weitere regelmäßig aktualisierte Informationen finden Sie auf unserer Homepage unter http://www.bfn.de/0316_natura2000.html.,0,348433,2009,11
"Die Redaktion liegt in den Händen des Trio MedienService Berlin/Bonn, die grafische Gestaltung bei designcortex :: berlin.",0,299845,2009,11
Zudem werde dieser Wert durch das geplante Einfrieren des Mindestlohnniveaus bis 2017 oder 2018 weiter sinken.,0,592767,2014,11
Das Projekt DIWA-IT wird gefördert vom Bundesministerium für Bildung und Forschung sowie aus Mitteln des Europäischen Sozialfonds.,0,337272,2009,11
"Aufgabe einer solchen Strategie ist es, sowohl existierende als auch potenzielle Dienstleistungsanbieter dabei zu unterstützen, bestehende Innovationsschwächen zu überwinden und die Wachstumschancen zu aktivieren.",0,49485,2002,11
"Dr. Frank Brettschneider von der Universität Hohenheim, der die Allianz Zuversichtsstudie wissenschaftlich begleitet.",0,578477,2014,11
"Auch das Dilemma zwischen der klimafreundlichen Nutzung der Wasserkraft einerseits und der lokalen Verschlechterung des ökologischen Zustandes von Gewässern und Auen infolge der Wasser-kraftnutzung andererseits, kann durch geeignete Maßnahmen insbesondere für den Auf- und Abstieg von Fischen gemindert werden.",3,462603,2012,11
"Stichwort: Spitzentechnologiecluster ""Energieeffiziente Produkt- und Prozessinnovationen in der Produktionstechnik"" (eniPROD) Die Vision einer energieautarken, nahezu emissionsfreien Fabrik der Zukunft steht im Fokus der Wissenschaftler des Spitzentechnologieclusters ""Energieeffiziente Produkt- und Prozessinnovationen in der Produktionstechnik"" (eniPROD).",0,413554,2011,11
Diese App ermöglicht das gezielte Training sowohl des allgemeinsprachlichen Grundwortschatzes als auch ausgewählter Wortschatzpakete aus dem Bereich des Business Englisch und des Technischen Englisch.,0,638655,2015,11
"Den Rahmen für die zukünftige Bewirtschaftung und den Schutz der heimischen Wälder liefert nach Ansicht des BfN die im November 2007 von der Bundesregierung beschlossene Nationale Strategie zur biologischen Vielfalt vor, die es im Dialog mit der Forstwirtschaft umzusetzen gilt.",0,306430,2009,11
"Weitere innovative Ansätze aus dem IPF betreffen Textilien und Folien mit integrierten Sensorfunktionen sowie thermoplastische und elastomere Nanocomposite, in denen neue Eigenschafts- und Funktionskombinationen realisiert werden – mit Anwendungspotential unter anderem für neue Generationen etwa von flammfesten, wärmeformbeständigen oder elektrisch leitfähigen Kunststoffen und für Autoreifen mit besseren Fahreigenschaften, geringerem Verschleiß und höherer Umweltfreundlichkeit.",1,556217,2013,11
Dienstleistungen sind der wichtigste Wirtschaftsfaktor für Deutschland: Laut dem Statistischen Bundesamt trug dieser Sektor im Jahr 2012 rund 68 Prozent zum Bruttoinlandsprodukt in Deutschland bei.,0,531188,2013,11
Derartige Datenanalysen können sowohl bei technischen als auch bei betriebswirtschaftlichen Prozessen wie etwa der Analyse der Warenwirtschaft oder der von Finanzdaten eingesetzt werden.,0,27629,2000,11
„Die meisten Deutschen blicken erwartungsvoll in die Zukunft.,3,592837,2014,11
"Stattdessen wird erwartet, dass die in den sozialen Organisationen verantwortlich Handelnden – natürlich im Rahmen gesetzlicher Vorgaben - ihre eigenen Werte und Vorgehensweisen entwickeln und begründen.",0,628258,2015,11
"Den ersten Preis dieses Filmwettbewerbs (mit 25.000 € ausgezeichnet) gewann der italienische Filmregisseur Luca Sabbioni für seinen Film ""The Immunology Knight"".",0,332897,2009,11
"„Auch bei Kultur, Bildung, Sicherheit und Stadtentwicklung ist Stuttgart spitze.",1,443124,2011,11
Mit Blick in die Zukunft ihres Landes sind die Italiener mit 35 Prozent wiederum am optimistischsten.,1,263257,2008,11
Seitdem wurden insgesamt 75 neue Wissenschaftler-Arbeitsplätze geschaffen und besetzt.,0,413554,2011,11
So bleibt die gute Fokussierbarkeit der Festkörperlaser bis zum Werkstück erhalten.,0,346325,2009,11
Die insgesamt 1.500 Interviews erfassen jeweils sechs persönliche und gesellschaftliche Dimensionen der Zuversicht.,0,251843,2008,11
"Dabei stellen Agroforstsysteme in vielen Gebieten die Reste bewaldeter Flächen dar, in deren Umfeld landwirtschaftlicher Anbau betrieben wird.",1,121504,2005,11
"Im Jahr 2013 verdienten etwa 68 Prozent aller abhängig beschäftigten Aufstocker weniger als 8,50 Euro pro Stunde und lagen damit unterhalb des Betrags, der seit 2015 allgemeiner gesetzlicher Mindestlohn ist.",0,639804,2015,11
"Mit der Vorlage der materialreichen und differenzierten Studie wollen die Autoren dazu beitragen, die zum Teil hochgradig ideologische Debatte über den Sozialstaat zu versachlichen.",0,18056,2000,11
: 0541 969-3799 E-Mail: c.braeuer@hs-osnabrueck.de,0,632466,2015,11
"Grundsätzlich biete der vorgesehene bundeseinheitliche Mindestlohn von 8,50 Euro, der mit wenigen Ausnahmen für bestimmte Personengruppen für alle Beschäftigten gilt, den Vorteil einer großen Transparenz und Eindeutigkeit, schreiben die Wissenschaftler.",3,592767,2014,11
Der Gesundheitsmonitor der Bertelsmann Stiftung befragt repräsentativ zweimal jährlich die Bevölkerung und einmal im Jahr Ärzte zu aktuellen Themen des deutschen Gesundheitswe­sens.,0,140777,2005,11
"Dieser neutrinolose Zerfallsprozess ist allerdings experimentell, wenn überhaupt, nur nachweisbar, wenn die Masse des Mutterkerns zwar größer ist als die des Tochterkerns, sich dabei aber so gering wie möglich unterscheidet.",1,408124,2011,11
Bei Kindern und Jugendlichen sind Mädchen deutlich häufiger Opfer von Gewalt.,0,66838,2003,11
"In den USA steht einer exzellenten, sehr gut ausgebildeten und bezahlten Spitze und einem größeren Anteil höher Qualifizierter als in Deutschland eine schlecht bezahlte, fast die Hälfte der Erwerbstätigen umfassende Unterschicht gegenüber.",0,13456,1999,11
"Im Mittelfeld bewegen sich mit jeweils 24 Prozent zuversichtlicher Antworten die Bewohner Kroatiens, Russlands und Spaniens, dicht gefolgt von Deutschland (23%).",0,263257,2008,11
"Biochemische Forschung Licht in's Dunkle hitzestabiler Proteine Optimierung im Ladungsmuster an der Proteinoberfläche spielt große Rolle Bayreuth (UBT) Extremophile sind Mikroorganismen, die unter extremen äußeren Bedingungen wachsen können.",0,21425,2000,11
"Die Attentate von Paris deuten jedoch darauf hin, dass religiös begründete Ziele des IS neuerdings mehr Gewicht bekommen haben – sowohl auf strategischer Ebene als auch bei der Anhängerschaft.",3,642209,2015,11
Zwischen April 2007 und September 2008 haben rund 120 000 zuvor Nichtversicherte wieder Versicherungsschutz gefunden.,0,291121,2008,11
Elektronen können mit hohen Geschwindigkeiten und umweltschonend Lackschichten auf Dekorfolien fixieren oder Druckfarben auf Papier trocknen.,0,160381,2006,11
"Die Studie, die auf der Basis von Expertenbefragungen erstellt wurde, umfasst Handlungsempfehlungen für den Innovationsstandort Deutschland.",0,323164,2009,11
"Die Zusammenarbeit zum Beispiel mit Flächennutzern ist allerdings ein Prozess, der Kompetenzen erfordert, die mit ökologischem Know-how nicht abzudecken sind.",1,72014,2003,11
"Dies ermöglicht es, unterschiedliche engverteilte funktionelle Polymerstrukturen herzustellen und ihre Aggregatbildung im biologischen Kontext zu untersuchen.",0,535317,2013,11
"Der Statusreport beschränkt sich nicht alleine auf technische Fragestellungen, sondern geht auf neue Geschäftsmodelle ein, die sich durch das Fertigungsverfahren entwickeln.",0,610578,2014,12
"Die Untersuchungen konnten zeigen, dass ein Großteil der Wahrnehmung sowohl von Markenzeichen als auch von Gesichtern durch zwei grundlegende Dimensionen bestimmt wird: Bei der einen Dimension handelt es sich um die allgemeine Bewertung.",0,636586,2015,12
"Es handelt sich um die englische Übersetzung eines japanischen Buchs, das ursprünglich von japanischen Immunologen zum Tag der Immunologie in Japan verfasst wurde.",0,332897,2009,12
"Die behandelnden Ärzteteams in Hannover und Greifswald bewerteten täglich die neurologischen Ausfälle wie Halluzinationen, Sprachstörungen und Krampfanfälle und konnten so einen deutlichen Effekt der Therapie mittels Immunadsorption feststellen.",1,439383,2011,12
Die neue Faser vereint jedoch eine echte Einmodigkeit mit einer großen Fläche.,0,346325,2009,12
Von der absoluten Höhe der Innovationsaufwendungen her liegt der Fahrzeugbau seit vielen Jahren an der ersten Stelle.,0,203117,2007,12
"Bei dieser sehr seltenen Form der schweren Dystonie (Bewegungsstörungen) kommt es, meist aufgrund eines Stoffwechseldefekts, zu Eisenablagerungen im Gehirn, die zum Absterben von Gehirnzellen und als Folge auch zum Verlust motorischer Fähigkeiten führen können.",1,358620,2010,12
In hundert Jahren sinkt sie auf ein Zehntausendstel des Anfangswerts.,0,145375,2006,12
"Dazu tragen in Kooperation mit dem DIN entwickelte Standards für Dienstleistungen, wie zum Beispiel die PAS 1018 'Grundstruktur für die Beschreibung von Dienstleistungen in der Ausschreibungsphase', bei.""",0,236917,2007,12
"In Interviews mit Gründern, Investoren, Beratern der Unternehmen und mit Vertretern der Wissenschaftsorganisationen suchten die ISI-Forscher nach Kriterien für Erfolg und Misserfolg solcher Ausgründungen.",0,161084,2006,12
"Zu diesem Zweck hat Dr. Herderich in seinem Labor ein spezielles analytisches Verfahren, die sogenannte HPLC-Tandem-Massenspektrometrie, weiterentwickelt: Mit dieser Methode lassen sich chemische Verbindungen noch in geringsten Mengen aufspüren.",3,25284,2000,12
"Die Qualität der Schulen und Universitäten (23%), die Bekämpfung des Terrorismus (23%) und die Sicherheit der Arbeitsplätze (21%) schätzt jeweils rund ein Viertel für die Zukunft optimistisch ein.",3,236723,2007,12
"Bad kann die Energiefabriken der Zelle, die Mitochondrien, durchlöchern.",0,208186,2007,12
"Nichts ist so gut, dass es nicht noch besser werden kann.""",1,73437,2003,12
"Da Terahertz-Wellen von Wasser relativ stark absorbiert werden, eignen sich Terahertz-Sensorsysteme hervorragend, um mit einer Ortsauflösung von etwa einem Millimeter die Wasserverteilung innerhalb eines Blattes in einer Durchleuchtungsgeometrie zu bestimmen.",1,330576,2009,12
"Dies ist ein zentrales Ergebnis des BISS-Projekts (""Betriebliche Interessenregulierung - Strukturanalyse und Survey"") am Lehrstuhl für Organisationssoziologie und Mitbestimmungsforschung der RUB.",0,150120,2006,12
"– Es gibt unzählige biologisch bedingte Faktoren, die das Auftreten von Arten beeinflussen, bei Tieren ebenso wie im Pflanzenreich.",1,516925,2013,12
"Das bereits in der Rürup-Kommission diskutierte und nun von Horst Seehofer (CSU) erneut in die Debatte zur Lösung der Probleme der finanziellen Stabilität der Gesetzlichen Krankenversicherung (GKV) eingebrachte Modell einer Bürgerversicherung hält Professor Dr. Peter Albrecht, Geschäftsführender Direktor des Instituts für Versicherungswissenschaft der Universität Mannheim und Mitglied der Kommission Soziale Sicherheit (""Herzog-Kommission"") der CDU, für einen ""gefährlichen Irrweg"".",1,65139,2003,12
"Physikalische Eigenschaften des Halbleiters Galliumnitrid, wie die hohe Elektronenbeweglichkeit und die kritische Feldstärke, ermöglichen Leistungs-transistoren mit einer höheren Lebensdauer und Robustheit als herkömmlich eingesetzte Silizium-Bauteile.",0,592126,2014,12
"Ziel der Allianz Zuversichtsstudie ist es, die Stimmungslage in Deutschland zu erheben.",0,456995,2011,12
"Dennoch lässt sich das Konzept der Nachhaltigkeit bislang weder mit normativen Appellen, politischen Vorgaben, dem Verweis auf langfristige Vorteile noch mit dem Angebot modellhafter Umsetzungskonzepte im Selbstlauf verwirklichen.",3,68360,2003,12
"Im Jahr 2007 soll es soweit sein, dass die Erzeuger auf der einen und die Händler und Verarbeiter auf der anderen Seite das Informationssystem CinfO so nutzen können, das der richtige Premium-Qualitätskaffee entsprechend den Wünschen der Verbraucher im kolumbianischen Hochland angebaut werden kann.",1,188936,2006,12
Durch kontinuierliche Öffentlichkeitsarbeit und individuelle Beratung wird ein wichtiger Beitrag zur Aufklärungs- und Überzeugungsarbeit bei der energetischen Modernisierung bestehender Wohngebäude erbracht.,1,318442,2009,12
"Die Forschungsergebnisse zeigen, dass im Vergleich der an PISA und IGLU orientierten Leistungstests von 2003 und 2005 fast alle Grundschulen im Leseverständnis und in Ma­thematik merkliche Fortschritte erzielen konnten.",3,161353,2006,12
Solarzellen werden zum Schutz vor Umwelteinflüssen und zur einfachen Installation und Handhabung in Solarmodulen verschaltet und laminiert.,0,590306,2014,12
"Mitnahmeeffekte vermeiden und die Kosten kontrollieren ließen sich lediglich bei befristeten und zielgruppenspezifischen Kombilohn-Modellen, bei denen die Zuschüsse von den Arbeitsagenturen als Ermessensleistung gewährt würden und somit kein genereller Rechtsanspruch auf staatliche Gelder bestehe.",3,148953,2006,12
"Dieser Befund wird dadurch unterstrichen, dass im Durchschnitt pro Monat vier Pflegekräfte pro Pflegebedürftigen im Einsatz sind, dies können jedoch auch bis zu 15 Kräfte sein.",3,58602,2003,12
Das zweite Kapitel befasst sich mit einer sprachanalytischen und sprachpragmatischen Zwischenbetrachtung über den leerformelhaften Charakter von Selbstbestimmung.,0,206192,2007,12
"Diese Genauigkeit gelang mit Hilfe der so genannten TITAN-Ionenfalle, die geladene Teilchen aufgrund ihrer Bewegung in magnetischen und elektrischen Feldern wiegt.",0,489746,2012,12
Daneben führen sie das überdurch-schnittliche Wachstum des Dienstleistungssektors auf die ständig zunehmende Produktvielfalt und auf die immer kürzeren Produktlebenszyklen zurück.,1,12332,1999,12
"""Klar ist, dass die zunehmende Belastung der traditionellen Familienhilfe auch zu einer weiter wachsenden Ausweitung des Bedarfs an erwerbsmäßig erbrachten Hilfs- und Pflegeleistungen für ältere Menschen führen wird"", so Scharfenorth.",0,78869,2004,12
"Die Auszeichnung ist mit einem Preisgeld von 25.000 Euro dotiert und wurde dem Neurowissenschaftler für ein Forschungsprojekt in Zusammenarbeit mit Prof. Alexander Storch, Professor für Neurodegenerative Erkrankungen der Medizinischen Fakultät Carl Gustav Carus, des DZNE und stellvertretender Klinikdirektor der Klinik und Poliklinik für Neurologie verliehen.",0,629788,2015,12
"Das Single Sign-On-Verfahren ist vergleichbar mit dem Anmeldeverfahren am Arbeitsplatz im Büro: Hat sich der Benutzer einmal an seinem Arbeitsplatz angemeldet, kann er die unterschiedlichsten Programme und Dienste nutzen, ohne dass er sich immer wieder neu mit vielen verschiedenen Passwörtern anmelden müsste.",0,520287,2013,12
Lediglich 9 Prozent halten dies nicht für sinnvoll.,3,76420,2004,12
Vor allem im Niedriglohnsegment des Arbeitsmarktes investieren die Unternehmen nicht mehr in die Qualifikation ihrer Beschäftigten.,0,13456,1999,12
Der Erhalt traditioneller Kulturpflanzen und Nutztierrassen stellt in der auf wenige Hochleistungssorten und - rassen- spezialisierten Wirtschaftsweise eine Herausforderung dar.,1,227776,2007,12
"–Ergebnisse der neuen empirischen Mindestlohnforschung: Keine negativen Beschäftigungseffekte– Bosch und Weinkopf zeigen in ihrem detaillierten Forschungsüberblick, dass die Methoden der empirischen Mindestlohnforschung vor allem in den USA und Großbritannien in den letzten 20 Jahren deutlich weiter entwickelt worden sind.",1,592767,2014,12
„Dazu gehören auch Sanktionen.,0,592767,2014,12
"Beim VDE-Weltkongress der Medizintechnik vom 7. bis 12. September 2009 in München, der weltweit bedeutendsten Plattform zur Präsentation medizintechnischer Innovationen, werden die Konsequenzen und Folgerungen daraus vorgestellt.",2,323164,2009,12
"Im Durchschnitt der alten EU-Staaten stiegen die Nominallöhne 2003 um 3,1%.",3,84088,2004,12
"Wenn wir auf der anderen Straßenseite eine Person entdecken, die viel Ähnlichkeit mit einem Freund hat, gelangt diese Information über viele sensorische Nervenzellen in unser Gehirn.",0,514924,2013,12
"Dabei wurde auch deutlich, dass sich der Strukturwandel von der Industrie- zur Dienstleistungsgesellschaft fortgesetzt hat.",0,534515,2013,12
"Wesentlich seien dabei allerdings nicht nur „externe Ressourcen“ wie Einkommen, Bildung, berufliche Position oder verlässliche Freunde.",3,472891,2012,12
"Politik und Alltag der Gleichstellung im Visier Das nun gestartete NFP 60 hat daher zum Ziel, die Wirkungen bisheriger gleichstellungspolitischer Strategien, Programme und Massnahmen zu beurteilen.",1,405628,2011,12
"Dieses so genannte 'Interaktionsprinzip' ist ein Vorgang, der maximale Vielfalt von 'wenn-dann'-Schranken hervorruft, was wiederum eine komplexere und besser abgestimmte Kontrolle ueber mehr Neuronen ermoeglicht.",0,17231,2000,6
Sie kann mit einfachen zellulären Prozessen realisiert werden.,1,301565,2009,6
"Das aktuelle Heft der Zeitschrift „Informationen zur Raumentwicklung“ zeigt an europäischen Beispielen die unterschiedlichen Wege auf, die die Städte dabei gehen.",0,425276,2011,6
Abo unter <www.oeko.de/newsletter_ein.php>,0,474849,2012,6
"Im internationalen Vergleich ist die Praxis von HTA heterogen: In manchen Ländern, wie Grossbritannien und Schweden, werden die Kosten pro gewonnenem qualitätsadjustiertem Lebensjahr als Grundlage für Vergütungsentscheide eingesetzt.",0,470200,2012,6
"Die Ziele der IS-Anhänger Innerhalb der Anhängerschaft des IS unterscheiden die Wissenschaftler drei strategische Ziele: humanitäre, religiöse und persönliche Erfüllung.",0,642209,2015,6
"Das Kabinett war durch Bundesaußenminister Joschka Fischer, Bundesforschungsministerin Edelgard Bulmahn und Bundeswirtschaftsminister Wolfgang Clement vertreten.",0,74604,2004,6
"Hingegen hätte die überschießende Bildung neuer Zellen einerseits zur Erschöpfung des Stammzellpools zur Folge, die wiederum eine verfrühte Beeinträchtigung der Hippokampus-Funktion nach sich ziehen würde.",3,179539,2006,6
"Das Direktorat, ein strategischer Beirat und weitere Forschungspartner werden die Themenfindung Schritt für Schritt weiter vorantreiben.",1,323387,2009,6
Der komplette Bericht des DNP über die Ergebnisse des Datenmatchings erscheint in der Dezember-Ausgabe der DIN-Mitteilungen.,0,556064,2013,6
"Als dritter Teilaspekt des Forschungsprojektes wurde eine beispielhafte Datenstruktur entwickelt, welche die für PPP-Vorhaben erforderlichen Bau- und Nutzungskostengruppen und damit Lebenszykluskosten abbildet.",0,261638,2008,6
Die Patienten waren im Durchschnitt 60 Jahre alt und ohne Medikamente bereits schwer durch den Morbus Parkinson beeinträchtigt.,0,539055,2013,6
Insbe-sondere die Eigenschaften der beteiligten weißen Blutkörperchen im Verlauf der Impfung wurden detailliert gemessen.,0,489963,2012,6
"Unter den neugegründeten unternehmensnahen Dienstleistern sind in Baden-Württemberg die EDV-Firmen mit 19,4 Prozent stärker vertreten als im übrigen alten Bundesgebiet (15,3 Prozent).",1,12332,1999,6
"Im Hinblick auf die Ergebnisse weist Dr. Barbara Breitschopf, Projektleiterin der Studie am Fraunhofer ISI, auf große Unterschiede bei den Gewinnen durch die analysierten erneuerbaren Energieträger hin: „Für das Jahr 2012 fielen die durch Windkraftanlagen realisierten Gewinne mit etwa 750 Millionen Euro deutlich geringer aus als bei Photovoltaikanlagen, die mit rund 2,7 Milliarden Euro mehr als dreimal so hohe Gewinne einbrachten – und dies, obwohl die erzeugte Menge an Solarstrom viel niedriger ausfällt als bei Windstrom.“ In der Untersuchung lassen sich ebenfalls starke räumliche Muster bei Stromkapazitäten, Stromerzeugung und Gewinnen finden.",1,597650,2014,6
"Als Lehre aus diesen Erfahrungen in Deutschland sollte den Autoren zufolge ein besonderes Augenmerk auf solche Arbeitsmarktreformen gelegt werden, die das System der industriellen Beziehungen daraufhin verändern, dass Lohnverhandlungen dezentral auf Firmenebene stattfinden, gleichzeitig aber Mitspracherechte für Arbeitnehmer (etwa über Betriesbräte) gesichert sind.",1,571692,2014,6
Nur wenig verändert sind auch die Werte für die Ausbildungs- und Versorgungssysteme des Staates.,0,361483,2010,6
"Kleinere Betriebe sehen Automobilkaufleute nach einer entsprechenden Weiterbildung potentiell auch als geprüfte Automobilverkäufer/innen; geklärt werden müsse hier allerdings noch die Berufsbezeichnung, da die Branche die Bezeichnung ""Automobilverkäufer/in"" als Berufsziel einer Aufstiegsfortbildung für ""sehr unglücklich"" hält.",3,63427,2003,6
"Diese zieht sich dann jedoch zurück und delegiert die Hauptverantwortung an die Personalabteilung, die bei 73 Prozent der Befragten für die Umsetzung zuständig ist.",0,605580,2014,6
"Aus beiden Befragungen wurde ersichtlich, dass viele eine Doppelspitze, unabhängig vom Geschlecht, einer Einzelperson oder einem mehrköpfigen Team vorziehen.",1,594154,2014,11
"Der Modellversuch in Bethel zeigte insbesondere, dass mit finanzieller Eigenständigkeit auch Menschen, die in Heimen leben, ein höheres Maß an Selbstbestimmtheit erreichen können.",1,124368,2005,11
"Hingegen fanden die Forscherinnen übereinstimmend mit ihrer Hypothese eine Interaktion zwischen dem Geschlecht des betrachteten Gesichts und der sexuellen Präferenz der Versuchsperson, die das Gesicht betrachtet, im medialen orbitofrontalen Kortex, wo das Belohnungssystem des Gehirns lokalisiert ist: Heterosexuelle Frauen und homosexuelle Männer zeigten eine stärkere neuronale Antwort auf männliche Gesichter, wohingegen heterosexuelle Männer und homosexuelle Frauen stärker auf weibliche Gesichter reagierten.",0,142310,2006,11
"Auch die finanziellen Forderungen der Leistungsan­bieter im Ärztestreik müssen zum Ziel haben, das Gesundheitswesen für die Bevölkerung funktionsfähig zu halten"", sagt Jan Böcken, Projektleiter bei der Bertelsmann Stiftung.",1,148698,2006,11
Die Wissenschaftlerinnen und Wissenschaftler stützen sich auf einen systemischen Ansatz: Neben Hard- und Software werden auch Orgware-Lösungen wie neue Mobilitätskonzepte oder die Nutzerakzeptanz als integraler Bestandteil für eine effiziente Individualmobilität angesehen.,0,633229,2015,11
Ähnlich starke Verbesserungen konnten die Ärzte bei den Aktivitäten des täglichen Lebens nachweisen.,1,539055,2013,11
Solche sogenannten abiotischen Faktoren lassen sich in Werte fassen und in Modellierungen einbeziehen.,0,516925,2013,11
"Personalisierungs- und Bezahlfunktionen erweitern und ergänzen dieses Spektrum und ermöglichen so nicht nur ortsbezogene, sondern auch situationsbezogene Dienstleistungen.",0,42773,2001,11
Ansprechpartner: Prof. Dr. Wolfgang Kemmler Dr. Simon von Stengel Tel.,0,585542,2014,11
"Dieser Wirkmechanismus war zuvor unbekannt, was für die Kombination von Dolastatinen mit anderen, das Immunsystem stimulierenden Wirkstoffen neue Perspektiven eröffnet.",1,588450,2014,11
Wie können mittelständische Unternehmen innovativer werden?,0,356316,2010,11
"Schwächen wie die starke Kopplung des Systems an das klassische ""Normalarbeitsverhältnis"" und die damit verbundene schwindende Einnahmebasis lassen sich innerhalb des Systems beheben.",1,326174,2009,6
"Noch heute gibt es dort, in den wenigen verbliebenen Hochlandwäldern, Wildkaffee, der gehandelt wird.",0,228935,2007,6
"Dagegen fänden Simulationsrechnungen zu drohenden Beschäftigungsverlusten in Deutschland immer wieder erhebliche öffentliche Beachtung, analysieren die IAQ-Forscher.",2,592767,2014,6
Lambert Schneider: Wirtschaftlichkeit und optimaler Betrieb von KWK-Anlagen unter den neuen energiewirtschaftlichen Rahmenbedingungen.,3,21218,2000,6
"Biotechnische Produktionsverfahren bieten enorme Potenziale für mehr Innovationen, Wachstum und Beschäftigung.",2,215062,2007,6
In Großbritannien wurde der gesetzliche Mindestlohn 1999 eingeführt.,0,325132,2009,6
"Die meisten der befragten Studierenden nennen Optionen wie „länger arbeiten“, „sich mehr Mühe geben“ oder „Verantwortung übernehmen“, doch die mit Abstand erfolgversprechendste Option kommt ihnen nicht in den Sinn: nämlich dass der Student seinen Chef fragen sollte, was er in der zweiten Hälfte seines Praktikums tun müsse, um seine Chance auf eine Vollzeitstelle zu erhöhen.",2,637479,2015,6
"Im regionalen Vergleich zeigen die Niedersachsen im ersten Quartal 2014 bundesweit die größte Zuversicht: Für die Zukunft Deutschlands äußern sich 54 Prozent der Bewohner optimistisch, für das persönliche Leben sind es sogar 75 Prozent.",0,578477,2014,6
"Denn das Erleben von wertvollen Naturräumen ist ein ganz wesentliches Element, um die Menschen mit ihrer heimatlichen Natur zu verbinden“, sagte BfN-Präsidentin Beate Jessel.",1,483780,2012,6
"„Unsere Forschungsergebnisse unterstützen das Argument, dass Genies und kreative Menschen zu einem großen Teil Produkte der Gruppen und Gesellschaften sind, in denen sie leben.“ Normalerweise wird davon ausgegangen, dass Genialität und Kreativität Resultate der Persönlichkeit und Gene des Einzelnen sind.",3,556681,2013,6
"Doch wer Mädchen auf den Spaßfaktor reduziert, liegt falsch: Auch Sicherheit im Job, gute Verdienstmöglichkeiten und Karrierechancen stehen hoch im Kurs.",3,600863,2014,6
"Wir haben deshalb das ServLab in unsere Produktlinie ""Aufbruch Pflege"" aufgenommen.",2,232633,2007,6
Die Antikörper könnten so die Durchblutung wichtiger Gehirnregionen und der Nebenniere maßgeblich beeinflusst haben.,1,439383,2011,6
"Lange selbstständig leben Gerade in einer alternden Gesellschaft ist es wichtig, Gesundheit und Alltagskompetenz zu erhalten, um bis ins hohe Alter selbstständig leben und wohnen zu können.",0,520842,2013,6
"Breiteres Anwendungsspektrum durch Erhöhung der Sprungtemperatur ""Sollte es gelingen, die in eisenbasierten Supraleitern in dieser 'Liga' spielenden Elektronen die Leitfähigkeit des Materials dominieren zu lassen"", resümiert Deisenhofer, ""könnte dies eine weitere Erhöhung der Sprungtemperaturen der eisenbasierten Supraleiter und eine Erweiterung ihrer Anwendungsmöglichkeiten ermöglichen"".",1,573145,2014,6
"Im Hinblick auf die Bewertung hinsichtlich erfolgreicher Umsetzung des vom BMBF geförderten Projekts werden geeignete Kriterien aufgezeigt, welche sich nach Darlegung des Autors auch für andere Clusterprojekte eigneten.",3,554850,2013,6
"„In der Namensgebung des amerikanischen Originals, den Barks als misanthropen alten Enterich in grünem Hausgewand mit breitem Schottenkaro-Kragen zeichnete, verweist er absichtsvoll auf den notorischen Geizhals Ebenezer Scrooge in Charles Dickens‘ Erzählung 'A Christmas Carol' von 1843“, erläutert der Frankfurter Literaturwissenschaftler.",1,499710,2012,6
Die Analyse deckt so eine große Zahl potentieller Szenarien ab.,1,406613,2011,6
"Der Anteil an Unternehmen mit weiblichen Aufsichtsräten stieg von 35,4 Prozent 2009 auf 35,9 Prozent 2010.",0,447042,2011,6
"In den neuen Idealen einer ""subjektivierten Arbeitswelt"", wo sich jeder mit seiner Individualität selbstgesteuert einbringen soll, hat der Spaß an der Arbeit einen hohen Wert.",0,243546,2008,6
"Das Immunsystem erkennt und bekämpft Krankheitserreger und baut eine lebenslange Erinnerung auf, um eine erneute Erkrankung zu verhindern.",0,597487,2014,6
"Im Zuge der Koppelung beider Verträge bekämen nur Mitgliedstaaten Nothilfen aus dem ESM, die ihren Haushalt mit dem Ziel der Einhaltung der Stabilitätskriterien sanieren.",0,495203,2012,6
"Auch dass für Langzeitarbeitslose bei Aufnahme einer Arbeit sechs Monate lang der Mindestlohn nicht gelten solle, bewerten die Wissenschaftler kritisch: Die Ausnahmeregelung sei „in hohem Maße missbrauchsanfällig“.",1,592767,2014,6
"Besonders hoch einzuschätzen sei es, so der Prorektor, dass es der TU Ilmenau nicht nur gelungen ist, ein Gegengewicht zu den seit Mitte der 1990er Jahre rückläufigen Landesfördermitteln zu schaffen, sondern darüber hinaus durch überdurchschnittlich gestiegene Einnahmen aus nationalen und internationalen Quellen die Gesamtbilanz deutlich zu verbessern.",1,248889,2008,6
Die Tagung informiert über die Ergebnisse dieses Projektes.,0,64544,2003,6
"Einmalige Sexualpartner sind nicht attraktiver Bislang ging man davon aus, dass solche qualitativen Unterschiede in den Nachkommen daher rühren, weil sich die Weibchen zusätzlich mit besonders attraktiven und damit genetisch besonders wertvollen Männchen ausserhalb der Paarbeziehung paaren.",3,443194,2011,6
Doi: 10.1126/science.1230200.,0,521372,2013,6
"Es komme der Qualität der Entscheidungen zugute, wenn mehrere Personen daran mitwirken, Ziele und sinnvolle Handlungsoptionen zu identifizieren und gegeneinander abzuwägen: also nicht nur die Verantwortlichen, die letztlich die Entscheidung treffen müssen, sondern auch Analysten und weitere Beteiligte.",1,637479,2015,6
"Dies ist allerdings nicht nur ein akademisch wichtiger Meilenstein, sondern bestätigt, welches Potenzial diese besondere Art von optischer Faser aufweist, dem sich das Wissenschaftlerteam vom Photonic Communications Lab verschrieben hat.",1,608398,2014,13
"2006 26: 2321-2325; doi:10.1523/JNEUROSCI.4859-05.2006 (22. Februar 2006) Brain: Tandé D, Höglinger GU, Debeir T, Freundlieb N, Hirsch EC, François C.: ""New striatal dopamine neurons in MPTP-treated macaques result from a phenotypic shift and not neurogenesis"" Brain (2006), doi:10.1093/brain/awl041; Brain Advance Access (15. Februar 2006) Kontakt Dr. Günter U. Höglinger Philipps-Universität Marburg Biomedizinisches Forschungszentrum Experimentelle Neurologie Hans-Meerwein-Straße 35032 Marburg sowie Klinik für Neurologie Direktor: Professor Dr. Wolfgang H. Oertel Rudolf-Bultmann-Str.",0,148243,2006,13
"Sie koennen Neurone ausmachen, welche dieselben Funktionen im Gehirn wahrnehmen.",0,17231,2000,13
Sie ist Teil des Gesamtprojekts «Nachhaltiges Gesundheitssystem» der Akademien der Wissenschaften Schweiz und ist am 29. März 2012 an einer Tagung in Bern vorgestellt worden.,0,470200,2012,13
"Damit schaffen sie die Grundlagen, die sie beim nächsten Aufschwung benötigen.""",1,315033,2009,13
"Die App präsentiert den Wortschatz in verschiedenen Themengebieten, die wiederum in überschaubare und nach aufsteigendem Schwierigkeitsgrad angeordnete Vokabelpakete unterteilt sind.",0,638655,2015,13
Je 50 Menschen mit Behinderung sollen in den einzelnen Regionen bereits jetzt ein Persönliches Budget erhalten und damit wirtschaften.,0,124368,2005,13
"Neuer Standort sichert Spitzenforschung Ein Grundstein für weiteres Wachstum erfolgte 2014 mit der Erweiterung des Technologieparks zum High Tech Campus Villach: Im ersten Bauabschnitt, der im Herbst 2015 fertiggestellt werden soll, steht für die CTR eine Fläche von ca.",1,629995,2015,13
Das Bernstein-Zentrum Berlin ist Teil des nationalen Bernstein Netzwerks Computational Neuroscience (NNCN).,0,411024,2011,13
"Bei den MMPs und TIMPs handelt es sich um Enzyme, deren ausgewogene Interaktion für einen komplikationslosen Wundheilungsverlauf von wesentlicher Bedeutung ist.",0,60163,2003,13
"Die Resultate bilden die Basis für ein übereinstimmendes Votum der Fachleute, dass der Zeitpunkt gekommen ist, um die Normen zu modernisieren.",2,51804,2002,13
"Um beispielsweise pro Jahr eine ausreichend hohe Zahl an Hausbesitzern anzuregen, die hinsichtlich der Klimaschutzziele notwendige, aber sehr kapitalintensive energetische Modernisierung ihres Gebäudes vorzunehmen, müsste das Ordnungsrecht erheblich verschärft und die finanziellen Förderprogramme entsprechend aufgestockt werden.",1,474849,2012,13
"In dessen Ergebnis wurden Modellverträge entwickelt, die den Umgang mit temporären Nutzungsmodellen sowohl für Eigentümer als auch für Nutzer rechtssicher machen.",0,360195,2010,13
: 0761/203-3792 Fax: 0761/203-3690 E-Mail: chantal.ruppert@zee.uni-freiburg.de,0,523135,2013,13
"Obwohl Betroffenen dieses Schicksal heute dank großer Fortschritte bei der Behandlung und Rehabilitation erspart werden kann, kommt es nach wie vor bei etwa jedem zehnten offenen Knochenbruch zu massiven Störungen beim Heilungsprozess.",1,71744,2003,13
"Ungewiss bleibt jedoch, ob ein Stimmenanteil von 47,9 Prozent der rot-grünen Regierungskoalition eine absolute Mehrheit im nächsten Bundestag sichert.",0,50348,2002,13
06131 39-25264 E-Mail: birgit.stark@uni-mainz.de www.ifp.uni-mainz.de http://www.medienkonvergenz.uni-mainz.de/ http://www.medienkonvergenz.uni-mainz.de/forschung/googleisierung/ http://www.blogs.uni-mainz.de/ifp/2014/09/02/neuer-beitragsband-erschienen-die-googleisierung-der-informationssuche/,0,603888,2014,13
"Sie sind verpflichtet, Versicherungswilligen einen Basistarif anzubieten, für den Höchstbeiträge festgesetzt und Risikozuschläge ausgeschlossen sind.",0,291121,2008,13
GMS Ger Med Sci.,0,284525,2008,13
"Neben der Neutronenverteilung erlauben die Hochleistungsrechnungen auch, damit verbundene physikalische Größen vorherzusagen, die in Präzisionsmessungen künftig experimentell untersucht werden.",0,640713,2015,13
"Sie gehen damit nicht in den Risikostrukturausgleich ein"", so die Autoren.",3,57215,2002,13
"Sie will Reformen in den Bereichen Bildung, Wirtschaft und Soziales, Gesundheit sowie Internationale Ver­ständigung voranbringen.",0,166489,2006,13
"Auch die Wirtschaft hat trotz Krise die Ausgaben in diesem Zeitraum weiter gesteigert – um rund 19 Prozent (das entspricht 7,4 Milliarden Euro).",1,370249,2010,13
Die Kritik von Arbeitgeberverbänden und Unionsparteien an der Verpflichtung zur Dokumentation von Arbeitszeiten halten Schulten und Weinkopf dagegen für unberechtigt.,0,637553,2015,13
"Hinzu kommt eine hohe Naturstoffkompetenz im Bereich der Organischen Chemie, die über das Naturstoffsynthesezentrum gefördert wird (unterstützt vom Land Rheinland-Pfalz und BASF sowie Boehringer Ingelheim) und Erfahrungen im Bereich von Linkern und Erkennungsstrukturen beisteuert sowie eine Radiopharmazie mit hervorragenden chemischen Arbeitsmöglichkeiten (z.B. im Bereich der Markierungschemie und in vivo-Imaging durch PET im Institut für Kernchemie).",1,535317,2013,13
"Der Tagungsband widmet sich den Chancen und Risiken der digitalen Revolution für die Dienstleistung in ihrer ganzen Komplexität, präsentiert Praxisbeispiele aus der Welt des Service Engineerings, Crowdsourcings, Cloudworkings und der Big Data, informiert über Ergebnisse, unter anderem aus Arbeitsforschung, Soziologie und Wirtschaftsinformatik, und bietet Prognosen und Handlungsempfehlungen für die digitalisierte Arbeitswelt der Zukunft.",0,615627,2014,13
"Die Befragten sollten ihren Arbeitsalltag und einen typischen Bestattungsfall schildern - mit erstaunlich einheitlichem Ergebnis: ""Nach den Interviews zu schließen, führen Bestatter den ganzen Tag über nur Beratungsgespräche und spenden den Hinterbliebenen Trost"", so Hänel.",1,70274,2003,13
"Weitere Informationen: TU Ilmenau, Professor Klaus Augsburg, Prorektor für Wissenschaft, Tel.",0,248889,2008,13
"In nahezu allen Industriebranchen werden daher neue Werkstoffe entwickelt, um neue und leistungsfähige Produkte herstellen zu können.",1,584033,2014,13
Die Ergebnisse des 3.,0,539689,2013,13
„Mehr Touristen als im Vorjahr sind in die Domstadt gekommen und die Schildergasse bleibt die meistbesuchte Einkaufsstraße Deutschlands.,0,443124,2011,13
"Vorgestellt werden neue polymere Additive zur Antistatik-Ausrüstung von Duromeren und SMC (sheet moulding compounds), mittels derer die z.B. für elektrostatische Lackierung und für Anwendungen in der Elektronik nötigen antistatischen Eigenschaften bei Kunststoffbauteilen ohne Einbußen bei mechanischen Eigenschaften, Verarbeitungsverhalten und Transparenz dauerhaft und zudem preiswert eingestellt werden können (Bild 2).",0,556217,2013,13
"Zielt der Schütze in die Mitte und der Torwart bleibt in der Mitte des Tors stehen, hält er den Ball in der Stichprobe immer.",0,595386,2014,13
"Bei der Analyse dieser ""Blueprints"" stelle sich häufig heraus, dass gerade die Schnittstellen zum Kunden Reibungsverluste aufweisen und sich deshalb negativ auf das Image des Anbieter auswirkten, erläutert Prof. Fließ.",0,21728,2000,13
Ltd.,0,512738,2012,13
"„Man muss einschränkend sagen, dass die immundefizienten Modellmäuse gerade außerhalb des visuellen Systems immer noch einige neurologische Defizite zeigen“, sagt Martini.",0,526207,2013,13
"Der private Konsum zeigt sich stabil, das verarbeitende Gewerbe und das Baugewerbe sind gut in das neue Jahr gestartet, und auch die Situation am Arbeitsmarkt hat sich noch einmal verbessert.",1,633315,2015,13
"Darüber hinaus informiert die Initiative über das Portfolio ihrer Mitglieder mit internationalen Roadshows und unterstützt Exportbestrebungen in den Zielregionen Naher und Mittlerer Osten, Südostasien und Osteuropa.",0,127875,2005,13
Die Zuständigkeiten von Vorstand und Aufsichtsrat sind klar getrennt.,0,529031,2013,13
Bestehende Datenschutz-Mängel lassen sich damit rechtzeitig erkennen und noch während der Technologieentwicklung korrigieren.,0,648014,2016,13
Verweise führen direkt zu den jeweils verantwortlichen Projektpartnern sowie Anbietern der EDV-Lösungen für Fleisch erzeugende Ketten.,0,138217,2005,13
"Aber auch für private Nutzer spielt die Umweltfreundlichkeit eine wichtige Rolle bei der Entscheidung, Elektrofahrzeuge zu nutzen.",0,460670,2012,13
"Das zeigen die aktuellen Ergebnisse der monatlich durchgeführten repräsentativen Befragungen zur Allianz Zuversichtsstudie, einem Gemeinschaftsprojekt der Allianz Deutschland AG und der Universität Hohenheim.",0,456995,2011,13
"Diese neue Technologie, die auf der Nutzung von Terahertz-Wellen zur Wassergehaltsbestimmung in Blättern beruht, wurde im Institut für Hochfrequenztechnik der TU Braunschweig in der Arbeitsgruppe von Prof. Dr. Martin Koch entwickelt.",0,330576,2009,13
Darüber hinaus lassen sich Reaktionswege identifizieren und ermöglichen damit einen genaueren Einblick in das Acetylierungsnetzwerk der Zellen.,0,645149,2016,13
Die beiden von der Imboden-Kommission vorgeschlagenen Förderlinien kombinieren eine Weiterführung des Bewährten durch die Exzellenzcluster mit dem vielversprechenden Element einer Exzellenzprämie.,1,645206,2016,13
"Die Ziele der Automobilhersteller müssen sich beispielsweise an klaren Vorgaben der Politik orientieren, die eine Reduzierung der CO2-Emission von Neufahrzeugen von 130 in 2015 auf 95 g/km in 2020 verlangt.",0,584033,2014,13
"In Deutschland entspräche ein gesetzlicher Mindestlohn von 7,50 € pro Stunde nach den IAT-Berechnungen rund 49,4% des durchschnittlichen Stundenlohns von 15,19 €.",0,183737,2006,13
Privatwirtschaftliche Aktivitäten trügen sowohl zur Verursachung von Konflikten und Kriegen als auch zur Finanzierung und anderweitigen Unterstützung von Konfliktparteien bei.,0,153100,2006,13
"Doch welche Faktoren geben letztendlich den Ausschlag, ob die Behörde, die Klinik oder der Telekommunikationsanbieter ihre Nutzer zufrieden stellen können?",0,21728,2000,13
Darüber hinaus zeigen Dienstleistungsunternehmer in einer Dialogrunde Zukunftsperspektiven für die baden-württembergische Dienstleistungswirtschaft auf.,0,78821,2004,13
"""Dies ist zum einen positiv, weil wandelbare Antikörper dabei herauskommen.",0,183449,2006,13
„Leider hat sich damit seit der ersten Erhebung aus dem Jahr 2011 nicht viel zum Positiven verändert.,1,605580,2014,13
"Nach den Innnovationsindikatoren der EU zählt Deutschland zusammen mit der Schweiz, Schweden, Dänemark und Finnland zur Spitzengruppe der Innovationsführer in Europa.",1,592767,2014,13
"Die Botschaft der Rede von Dr. Michael Kerkloh, Vorsitzender der Geschäftsführung, Flughafen München GmbH unter dem Titel ""Mehr als Fliegen - Innovative Dienstleistungen am Flughafen München"" lautete: ""Am Flughafen München verbinden sich Innovationskraft und Kundenorientierung zu einer Dienstleistungsqualität, die auch im internationalen Vergleich immer wieder Maßstäbe setzt.",1,226065,2007,13
"Dies zeigt nicht nur die Wichtigkeit der Stammzellforschung für die Krebstherapie, sondern auch, dass unsere Arbeit auf dem Gebiet und die UW/H auf nationaler und internationaler Ebene wahrgenommen werden.“ Dittmar, Thomas; Zänker, Kurt S.: Role of Cancer Stem Cells in Cancer Biology and Therapy CRC Press.",0,521587,2013,13
"„Die konstant niedrige Arbeitslosenquote und die kräftigen Lohn- und Gehaltssteigerungen sind Beispiele für die große Zuversicht der Hessen.“ Hintergrund: Allianz Zuversichtsstudie Basis der Allianz Zuversichtsstudie, einer gemeinschaftlich durchgeführten Untersuchung der Universität Hohenheim und der Allianz Deutschland AG, sind repräsentative monatliche Befragungen mit jeweils mindestens 500 bis 1.000 Interviewpartnern und mittlerweile insgesamt über 40.000 Befragten.",1,539689,2013,13
"Anlass für die Expertise waren einzelne Versuche, mit einer so genannten Vorratsgründung - der Gründung einer SE ohne Beschäftigte - Verhandlungen über die Mitbestimmung der Arbeitnehmer im Aufsichtsrat zu vermeiden.",0,138871,2005,13
"Und die gigantischen Rettungssummen sind zu abstrakt, um als real wahrgenommen zu werden“, sagt Prof. Dr. Brettschneider.",2,485454,2012,13
"„Wir haben auch gesehen, dass Killer-T-Zellen in der Regel keine stabilen Interaktionen mit ihren Zielzellen eingehen, sondern sehr dynamisch und ständig in Bewegung sind.",0,645813,2016,13
"Zu diesem Ergebnis kommt die jetzt veröffentlichte Deutsche Innovationserhebung 2005, die das Zentrum für Europäische Wirtschaftsforschung (ZEW) Mannheim im Auftrag des Bundesministeriums für Bildung und Forschung und in Zusammenarbeit mit dem Fraunhofer-Institut für System- und Innovationsforschung sowie infas - Institut für angewandte Sozialwissenschaft durchgeführt hat.",0,148680,2006,13
Die renommierte britische Fachzeitschrift THE LANCET* veröffentlichte diese Woche erstmals die wissenschaftliche Analyse der ersten Therapiestudie bei schweren neurologischen Komplikationen des Hämolytisch Urämischen Syndroms (HUS).,0,439378,2011,13
"Auffällig: Die Gründer selbst haben zwar oft anspruchsvolle technologische, meistens jedoch sehr bescheidene wirtschaftliche Ziele.",1,161084,2006,13
"Gemischte Doppelspitzen hingegen werden von den meisten Befragten bei folgenden Themen als vorteilhaft erachtet: „Realistische Situations- und Umfeldeinschätzungen“ (78,9 Prozent) und „Sachliches, lösungsorientiertes und angemessenes Kommunikationsverhalten“ (71,5 Prozent).",0,594154,2014,13
Damit haben sich die aus früheren Studien bekannten attraktiven Sicherheitseigenschaften in der neuen Studie bestätigt: Katastrophale Unfälle sind in einem Fusionskraftwerk unmöglich.,1,145375,2006,13
Im vom BMBF geförderten Forum Privatheit setzen sich nationale und internationale Experten interdisziplinär und über den Zeitraum von drei Jahren hinweg mit Fragestellungen zum Schutz der Privatheit auseinander.,0,648014,2016,13
"Das macht gleichfalls deutlich, dass Umweltprobleme nicht mehr allein, sondern immer stärker im Gesamtzusammenhang betrachtet werden müssen.",1,207852,2007,13
"Für Rückfragen und weiteres Material können Sie sich gern jederzeit wenden an: Frank Seiß, Öffentlichkeitsarbeit am ISF München, Tel.",0,337272,2009,13
"Diese Erkenntnisse sind aus einem Abgleich der Datenbasis des DIN mit den Daten des Mannheimer Innovationspanels (MIP) gewonnen worden, der im Rahmen des Deutschen Normungspanels (DNP) durchgeführt wurde.",0,556064,2013,13
"Zeitgleich entstanden aber durch Gründungen und Unternehmenswachstum so viele neue Beschäftigungsangebote, dass im Mittelstand der Arbeitsplatzverlust mit einem Plus von 13,6 % mehr als ausgeglichen worden ist“, erläuterte IfM-Präsidentin Professor Friederike Welter.",1,534515,2013,13
Im Hinblick auf das Herz-Kreislauf-Risiko und die Herzgröße zeigten sich dagegen keine relevanten Unterschiede.,0,585542,2014,13
Sie geben ihre gesamte Bewegungsenergie in Form von Wärme an ein Kühlmittel ab und erzeugen außerdem aus Lithium den Brennstoffbestandteil Tritium.,0,145375,2006,13
"Ihre Ansprechpartner für weitere Informationen: Fraunhofer IAO Inka C. Mörschel, Florian Kicherer Nobelstraße 12, 70569 Stuttgart Telefon +49 711 970-5109, -5129; Fax +49 711 970-2192, inka.moerschel@iao.fraunhofer.de, florian.kicherer@iao.fraunhofer.de",0,264131,2008,13
"Durch die größere Anzahl an Zellen wird es viel komplexer bietet jedoch auch Möglichkeiten die Module robuster gegen Verschattungen zu gestalten«, erklärt Schneider weiter.",1,590306,2014,13
Unsere Expertise liegt in der fundierten wissenschaftlichen Kompetenz sowie einem interdisziplinären und systemischen Forschungsansatz.,0,575663,2014,13
"Die HHL zeichnet sich aus durch exzellente Lehre, klare Forschungsorientierung und praxisnahen Transfer sowie hervorragenden Service für ihre Studierenden.",2,554850,2013,13
"""Insgesamt müssen die Rahmenbedingungen für Frauenerwerbstätigkeit verbessert werden, die Vereinbarkeit von Beruf und Familie erleichtert, das Steuer- und Sozialversicherungssystem modernisiert und die Anreize zur Aufspaltung von Arbeitsverhältnissen (in Minijobs) verringert werden,"" fordert Weinkopf.",1,284575,2008,13
"Die vorliegende Beitragsfolge ermöglicht es, sich ein umfassendes Bild von den Dingen zu machen, die den Naturschutz im Jahr 2011, dem internationalen Jahr der Wälder, bewegten.",1,477839,2012,13
"Nach dem Start von ""MoSIS"" sieht der Nutzer mit Hilfe eines tragbaren Kleincomputers seinen derzeitigen Standort auf einem digitalen Stadtplan.",0,37563,2001,13
"„Unsere Arbeiten am Standort Ketzin haben gezeigt, dass und wie eine geologische CO2-Speicherung im Pilotmaßstab sicher und zuverlässig durchgeführt werden kann“, fasste Axel Liebscher, Projektkoordinator und Leiter des Zentrums für Geologische Speicherung (CGS) am GFZ, die Ergebnisse der Tagung zusammen.",0,560547,2013,13
Tübinger Politikwissenschaftler an Studie mit 5000 Unternehmen beteiligt Das Internet unterstützt die Arbeit erfolgreicher Produktinnovatoren.,0,181170,2006,13
"So dauert die Erstberatung im Durchschnitt nur 56 Minuten, 13% der Pflegekräfte nennen eine Dauer von unter 30 Minuten.",0,58602,2003,13
Ag.,0,520842,2013,13
"Gerhard Bosch: Die sogenannte Dienstleistungslücke in Deutschland - Ein Vergleich von Konzepten für mehr Beschäftigung und neue Formen der Arbeitsmarktorganisation im tertiären Sektor, Graue Reihe des IAT 2002-01,PDF-Datei im Internet Für weitere Fragen steht Ihnen zur Verfügung: Prof. Dr. Gerhard Bosch Durchwahl: 0209/1707-147 Pressereferentin Claudia Braczko Munscheidstraße 14 45886 Gelsenkirchen Tel.",0,46644,2002,13
"Dr. Neumeyer, der wissenschaftlicher Mitarbeiter am Lehrstuhl Neuere deutsche Literaturwissenschaft bei Professor Dr. Christian Begemann ist, wird für seine Lehrleistungen in Bayreuth einhellig gelobt.",1,67025,2003,13
"„Seit Anfang 2013 haben wir zahlreiche Anfragen von asiatischen Wissenschaftlern und Journalisten erhalten, die sich über die besonderen Charakteristika und Erfolgsfaktoren des deutschen Mittelstands ausführlich informieren möchten“, berichtet IfM-Präsidentin Professor Dr. Friederike Welter, die zugleich den Lehrstuhl für BWL, insbesondere Management von kleinen und mittleren Un-ternehmen und Entrepreneurship an der Universität Siegen inne hat.",0,547677,2013,13
"Und gerade die Universitätsmedizin leidet darunter, dass sich innovative Ansätze in der Lehre und in der Studierendenauswahl vor dem Hintergrund einer vollkommen überholten Kapazitätsverordnung kaum umgesetzt werden können.",2,645504,2016,13
"Projektleiter Dr. Thomas Hillenbrand geht deshalb davon aus, „das zurückgehende Nutzerzahlen für die Wasserver- als auch die Abwasserentsorgung und damit zurückgehende (Ab-) Wassermengen bei den derzeitigen Tarifstrukturen zurückgehende Einnahmen bedeuten.",0,397599,2010,13
Das am Fraunhofer ISI vertretene Innovationsverständnis ist deutlich weiter gefasst.,1,575663,2014,13
"Es lohnt sich ein genauer Blick auf das, was wir in Deutschland womöglich daraus lernen können.“ Ansprechpartner: Prof. Dr. Andreas Schmid JP Gesundheitsmanagement Rechts- und Wirtschaftswissenschaftliche Fakultät Universität Bayreuth D-95440 Bayreuth Tel.",3,634721,2015,13
"0234/302-3442, E-Mail: lars.steinstraesser@rub.de",0,79892,2004,13
Diese sog.,0,208186,2007,13
"Das IAB hat die Aufstocker zudem gefragt, ob das Jobcenter von ihnen verlangt, nach einer Arbeit zu suchen.",0,639804,2015,13
"„Unser Test hat nicht nur gezeigt, dass die Erneuerbaren Energien die nötigen Anforderungen zur Regelleistungsbereitstellung erfüllen, sondern dass diese mit einer Anpassungszeit von wenigen Sekunden auch deutlich schneller reagieren als die konventionellen Kraftwerke“, freut sich Kaspar Knorr, Projektleiter des Kombikraftwerk 2.",1,559168,2013,13
In allen untersuchten Ländern gibt es Reformen sowohl auf dem Gebiet der Finanzzuweisung als auch der Qualitätssicherung.,0,80753,2004,13
"„Wir haben ein neues Impfprinzip gefunden, mit dem auch chronische Infektionen bekämpft werden können“, berichtet Prof. Knolle.",1,528341,2013,13
"Die Ministerin verwies demgegenüber darauf, dass die Regierung die Ausgaben für Forschung und Entwicklung (FuE) in den vergangenen Jahren massiv gesteigert habe.",1,303718,2009,13
Stattdessen würde eine flächendeckende und unbefristete Einführung die öffentlichen Haushalte massiv belasten - bis hin zu Zusatzausgaben in zweistelliger Milliardenhöhe.,1,151995,2006,13
"wIRA kann sowohl bei akuten Wunden (randomisierte, kontrollierte, doppeltblinde Studien der chirurgischen Universitätsklinik Heidelberg bei frischen Bauch-Operationswunden mit 94 Patienten und der Kinderchirurgie Kassel bei 45 schwerbrandverletzten Kindern) als auch bei chronischen Wunden und Problemwunden (randomisierte, kontrollierte Studie in Basel mit 40 Patienten sowie Studie der Universität Tromsø/Norwegen in Hillerød/Dänemark mit 10 Patienten mit u. a. auch aufwendiger Verlaufskontrolle mit Wärmebildkamera, in beiden Studien chronische venenbedingte Unterschenkel-Geschwüre) einschließlich infizierter Wunden Schmerzen deutlich mindern und die Wundheilung beschleunigen oder bei stagnierender Wundheilung verbessern sowie eine erhöhte Wundflüssigkeitsabsonderung und Entzündung mindern.",1,173140,2006,13
"LMU-Chemikern ist es nun gelungen, diese Gegensätze zu überwinden: „Wir haben eine neue Verbindung synthetisiert, die als ferromagnetischer Supraleiter beide Eigenschaften in sich vereint“, sagt Professor Dirk Johrendt vom Department Chemie, „dieser Erfolg ist ein wichtiger Fortschritt, der der Forschung ganz neue Möglichkeiten eröffnet“.",1,607636,2014,13
Das Projekt DIWA-IT wird gefördert vom Bundesministerium für Bildung und Forschung sowie aus Mitteln des Europäischen Sozialfonds.,0,337272,2009,13
Das Fraunhofer-Institut für System- und Innovationsforschung ISI untersucht für Wirtschaft und Politik die Rahmenbedingungen von Innovationen und erforscht so die kurz- und langfristigen Entwicklungen von Innovationsprozessen sowie die gesellschaftlichen Auswirkungen neuer Technologien und Dienstleistungen.,0,356316,2010,13
"Naturschutz/Wald/Forstwirtschaft Das Bundesamt für Naturschutz erklärt zum Tag des Waldes: Leistungen der Wälder für Biodiversität und Klimaschutz sichern Bonn, 20. März 2009: Anlässlich des Internationalen Tags des Waldes (21.3.09) stellt das Bundesamt für Naturschutz (BfN) die besondere Bedeutung des Ökosystems Wald für den Schutz von Klima und biologischer Vielfalt heraus.",1,306430,2009,13
Das Forschungsprojekt wird in einer zweiten Untersuchungsphase die Exzellenzinitiative weiterhin begleiten und die Ursachen für die Unterrepräsentanz von Frauen in Spitzenpositionen von Wissenschaft und Forschung untersuchen.,0,302997,2009,13
"Seit aber 1995 der erste Exoplanet um einen anderen Stern als die Sonne entdeckt wurde, ist es gelungen, hunderte weitere Planetensysteme zu finden.",0,521115,2013,13
"Dolastatine unterstützen die gegen den Tumor gerichtete Immunantwort, indem sie bestimmte Zellen des Immunsystems, sogenannte dendritische Zellen, aktivieren.",0,588450,2014,13
"""Stellt der eSI einen Verstoß gegen die Sicherheitsvorkehrungen fest, schlägt er Alarm.""",0,127875,2005,13
"Eine empirische Analyse der Eindrucksbildung als Erfolgsfaktor, Wiesbaden: Gabler Edition Wissenschaft, 2001, ISBN: 3-8244-7280-5, 98,00 DM Preisverleihung: Freitag, 30. November 2001, 15.00 Uhr, im Senatssaal der Technischen Universität Berlin (Hauptgebäude, Raum 1035), Straße des 17. Juni, 10623 Berlin",0,42136,2001,13
Dies betrifft insbesondere die Sekretariate der Fakultäten und Studiengänge sowie das Career Center.,0,632466,2015,13
"In diesem Zusammenhang werden die baurechtlichen Grundlagen und Vorgaben wichtiger Sportverbände analysiert und miteinander in Beziehung gesetzt, um ihre Abhängigkeiten aufzuklären und kritische Rückschlüsse auf die jeweiligen Vorschriften zu ermöglichen.",1,210133,2007,13
"Dennoch hat sich die Situation gegenüber dem Vorjahr eher verschlechtert als ver-bessert: Vögel der Agrarlandschaft und Bodenbrüter befinden sich weiter auf dem abstei-genden Ast"" fasste die BfN-Präsidentin Prof. Beate Jessel die Situation bei den Brutvögeln zusammen.",1,348433,2009,13
"Ohne die großzügige Unterstützung durch die Bayerische Forschungsstiftung und ohne die konstruktive Begleitung durch das Gutachtergremium während der dreieinhalbjährigen Laufzeit, so wurde betont, wäre dieser Erfolg nicht möglich gewesen.",1,634631,2015,13
"Damit kommen die Experten zu einer anderen Auffassung als die Expertenkommission für Forschung und Innovation (EFI), die in ihrem jüngsten Bericht die Rechtfertigung einer Fortführung des EEG unter anderem mit der Begründung abspricht, dass das Gesetz keine messbare Innovationswirkung entfalte.",0,575663,2014,13
"„Die bei Frauen deutlich andere Schwerpunktsetzung in ihren beruflichen Befriedigungspotenzialen – Ethik und Image statt Macht – kann leicht dazu führen, dass Frauen von Führungskräften nicht der Kategorie ‚Aufstiegskandidaten für spätere Führungsaufgaben‘ zugeordnet werden“, so Prof. Wottawa.",0,412370,2011,13
"Mit Hilfe der Landschaftsplanung können nicht nur naturschutzfachliche Aspekte und Schutzwürdigkeiten räumlich konkretisiert werden, es lassen sich auch verschiedene demografische, geografische und vor allem Nutzungsaspekte einer Region abbilden.",0,228935,2007,13
"Das IQWiG hat die erst seit Kurzem verfügbare, in Japan durchgeführte Studie bewertet und seine Erkenntnisse am 19. Februar 2008 in Form eines Arbeitspapiers publiziert.",0,247540,2008,13
Doch trotz der intensiven Diskussion um BPO existieren bisher kaum konzeptionelle Überlegungen zu den Wertschöpfungsmechanismen und nur wenige empirische Kenntnisse zur Umsetzung in der Praxis.,1,298383,2009,13
"Das Magazin „Region schafft Zukunft“ stellt die Menschen mit ihren Initiativen in den Mittelpunkt und zeigt die Zukunftschancen, die sich im ländlichen Raum aus dem demografischen Wandel ergeben.",0,467481,2012,13
"Stattdessen wird erwartet, dass die in den sozialen Organisationen verantwortlich Handelnden – natürlich im Rahmen gesetzlicher Vorgaben - ihre eigenen Werte und Vorgehensweisen entwickeln und begründen.",0,628258,2015,13
Unterdessen widmet sich die junge Forschergruppe zahlreichen weiteren Fragen.,0,148243,2006,13
"""Von den Schutzbemühungen haben Vogelarten wie Großtrappe, Wiesenweihe oder Schwarzstorch profitiert, für die aufwändige und zielgerichtete Schutzprogramme aufgelegt wurden"" konnte Johannes Schwarz, Geschäftsführer der Länderarbeitsgemeinschaft der Vogelschutzwarten, berichten.",1,348433,2009,13
"Rund 200 Mitarbeiter setzen sich an den Standorten Düsseldorf und Berlin dafür ein, die technologische und innovatorische Leistungsfähigkeit von Wirtschaft, Wissenschaft und Forschung nachhaltig zu steigern.",0,634555,2015,13
"Persönliche Vorfreude auf das neue Jahr - aber wirtschaftliche Skepsis Die viel diskutierte bevorstehende Rezession scheint langsam in den Köpfen der Bundesbürger anzukommen: So beurteilen zum Jahreswechsel nur 14 Prozent der Deutschen die aktuelle Lage des Landes als ""gut"" oder ""sehr gut"".",1,294709,2008,13
"Generell hat die Grundlagenforschung in der Tumorimmunologie mit der Entwicklung neuer Konzepte in der Tumorimmuntherapie bis hin zur Durchführung von klinischen Studien mit dem Schwerpunkt auf dem Melanom eine langjährige Tradition in der Universitätsmedizin Mainz, z.B. im Sonderforschungsbereich 432 mit der Tumorimmunologie und experimentellen Therapie als Schwerpunkt.",0,535317,2013,13
"Durch ihr Angebot innovativer Logistikdienstleistungen sichert sie zusammen mit einer leistungsfähigen Verkehrsinfrastruktur die Wettbewerbsfähigkeit der anderen niedersächsischen Schlüsselbranchen (wozu unter anderem der Fahrzeugbau, Schiffbau und Maschinenbau, die Ernährungswirtschaft sowie erneuerbare Energien gehören).",1,622516,2015,13
Aufgrund seines einzigartigen Wirkmechanismus der „intelligenten Gefäßweitstellung“ führt es insbesondere in erkrankten Gefäßen zur Wiederherstellung der Funktion.,2,545063,2013,13
"Insgesamt sei die Dynamik im Silicon Valley beeindruckend, bilanzieren Boes und Kämpf.",0,645155,2016,13
"Preis: EUR 39,90 Für weitere Fragen steht Ihnen zur Verfügung: Prof. Dr. Gerhard Bosch Durchwahl: 0209/1707-147 Pressereferentin Claudia Braczko Munscheidstraße 14 45886 Gelsenkirchen Tel.",0,57172,2002,13
"Die Studie ist soeben in der Zeitschrift „Wirtschaftspsychologie“ unter dem Titel „Eigenverantwortung, Selbstwirksamkeit und Freiwilliges Arbeitsengagement“ erschienen.",0,468896,2012,13
"Das Problem dieses Ansatzes ist jedoch, dass Neurone – wie auch Personen – miteinander kommunizieren.",0,514924,2013,13
"Dennoch weisen Softwareprodukte immer wieder Fehler auf, durch die man die Sicherheit seiner eigenen Daten in Frage gestellt und das Vertrauen in die Korrektheit kritischer Anwendungen beeinträchtigt sieht.",1,286442,2008,13
Die übrigen Zellen sterben ab.,0,183449,2006,13
"Aufgabe dieser Gesellschaft, die inzwischen auf über 1.200 Mitglieder angewachsen ist, war und ist der Erfahrungsaustausch der Medizinphysiker untereinander, die Präsentation und Diskussion wissenschaftlicher Ergebnisse und die Weiterbildung der in der Medizin tätigen Physiker.",0,277736,2008,13
"Viele Nutzer, die einen Internet-via-Satellit-Zugang verwenden, sind sich offenbar dieser Gefahr nicht bewusst.",1,92384,2004,13
Der Gesundheitsmonitor der Bertelsmann Stiftung befragt repräsentativ zweimal jährlich die Bevölkerung und einmal im Jahr Ärzte zu aktuellen Themen des deutschen Gesundheitswe­sens.,0,140777,2005,13
"Hinsichtlich Beschäftigungs- und Wachstumsfreundlichkeit ist ebenfalls anzunehmen, dass langfristig das Pauschalprämienmodell eine tendenziell positivere Wirkung entfalten kann.",3,72019,2003,13
"Durch diese integrierten Leistungsangebote lassen sich zusätzliche Erfolgspotenziale realisieren, die sich aus dem Umgang mit der Komplexität industrieller Produkte ergeben.",0,341958,2009,13
"Die Ergebnisse für den Fachbereich Wirtschaftswissenschaften sind erfreulich: Forschungsprofil, Drittmittelaufkommen und Nachwuchsförderung auf internationalem Niveau werden ausdrücklich gelobt.",1,42599,2001,13
"Eine Ausdehnung der GKV auf die Gesamtbevölkerung unter Einschluss von Beamten und Selbständigen erhöht daher zwar zunächst das Beitragsaufkommen, da die Zahl der Beitragszahler zunimmt.",3,65139,2003,13
Bei Kindern und Jugendlichen sind Mädchen deutlich häufiger Opfer von Gewalt.,0,66838,2003,13
"In den USA steht einer exzellenten, sehr gut ausgebildeten und bezahlten Spitze und einem größeren Anteil höher Qualifizierter als in Deutschland eine schlecht bezahlte, fast die Hälfte der Erwerbstätigen umfassende Unterschicht gegenüber.",0,13456,1999,13
"Ansprechpartner: Dr. Günther Schreiner, schreiner@iitb.fraunhofer.de",0,59826,2003,13
"Im Mittelfeld bewegen sich mit jeweils 24 Prozent zuversichtlicher Antworten die Bewohner Kroatiens, Russlands und Spaniens, dicht gefolgt von Deutschland (23%).",0,263257,2008,13
Dazu wird regelmäßig die Zuversicht der Menschen für die jeweils kommenden zwölf Monate in sechs persönlichen und sechs gesellschaftlich übergreifenden Lebensbereichen erfasst.,0,469049,2012,13
"„Der Bericht zeigt eindrucksvoll, wie mit vergleichsweise kleinem Hebel bereits sehr viel in der laufenden Exzellenzinitiative erreicht wurde und dadurch eine ganz neue Dynamik an den Universitäten geschaffen wurde“, kommentiert Heyo Kroemer, Präsident des Medizinischen Fakultätentages (MFT).",2,645504,2016,13
"Als ""innovative"" Unternehmen beziehungsweise als ""Innovatoren"" werden diejenigen Akteure aus Unternehmen definiert, welche in den letzten drei Jahren mindestens eine Produktinnovation (Markt- oder Produktneuheit, Sortimentsneuheit) erfolgreich lancieren konnten.",0,181170,2006,13
"Die Zusammenarbeit zum Beispiel mit Flächennutzern ist allerdings ein Prozess, der Kompetenzen erfordert, die mit ökologischem Know-how nicht abzudecken sind.",2,72014,2003,13
"Die Dortmunder Studenten Holger Kuhmann (Klavier) und Tjark Baumann (Gesang) trugen Klavierstücke und Lieder des jungen Nietzsche vor, die in keinem Konzertsaal zu hören sind und deshalb auch den Wissenschaftlern im allgemeinen nur aus der Literatur bekannt sind.",0,12937,1999,13
"Konzepten mit Fremdevaluation wird dagegen eine wesentlich geringere Bedeutung zugewiesen: 29% orientieren sich an den Vorgaben der ISO 9000, 24% an Qualitäts- und Gütesiegeln, 22% halten Wettbewerbe für einen angemessenen Weg und 15% orientieren sich am Modell der European Foundation for Quality Management (EFQM-Modell).",1,56332,2002,13
– Mehr sozialversicherungspflichtige Jobs insbesondere in Niedriglohnbranchen – Den prozentual größten Zuwachs weist mit dem Gastgewerbe eine „klassische Niedriglohnbranche“ auf.,0,637553,2015,13
Diese betrug bis Ende 2004 in Abhängigkeit von der vorherigen Arbeitslosigkeitsdauer zwischen 1.500 und 2.500 Euro.,0,162574,2006,13
"„Wir wissen, dass es neue Technologien gibt, die den Städten derzeit massiv angeboten werden.",1,547666,2013,13
Im Vorjahreszeitraum waren es noch 34 Prozent.,0,456995,2011,13
"Außerdem werde es ermöglicht, die Effektivität von bestimmten Instrumenten für Kriegsbeendigungsstrategien zu hinterfragen und zugleich zu steigern.",1,153100,2006,13
"Freiwilliges Arbeitsengagement ist „für das Wohlbefinden der engagierten Mitarbeiter selbst förderlich“, schreiben die Autoren und verweisen darauf, dass nach neueren Ergebnissen „Hilfsbereitschaft das Wohlbefinden und die Gesundheit der Helfer fördern kann“.",0,468896,2012,13
Resultat?,0,232633,2007,13
"Daraus schöpfen sie Zuversicht.“ Hintergrund Zuversichtsstudie Basis der Allianz Zuversichtsstudie, einer gemeinschaftlich durchgeführten Untersuchung der Universität Hohenheim und der Allianz Deutschland AG, sind repräsentative monatliche Befragungen mit jeweils mindestens 500 - 1.000 Interviewpartnern.",0,552113,2013,13
"Auch die finanziellen Forderungen der Leistungsan­bieter im Ärztestreik müssen zum Ziel haben, das Gesundheitswesen für die Bevölkerung funktionsfähig zu halten"", sagt Jan Böcken, Projektleiter bei der Bertelsmann Stiftung.",0,148698,2006,13
Ähnlich starke Verbesserungen konnten die Ärzte bei den Aktivitäten des täglichen Lebens nachweisen.,0,539055,2013,13
"Viele soziale Dienstleistungen leiden unter der ""Kostenkrankheit"", da sie arbeitsintensiv und nur begrenzt rationalisierbar sind und zudem oft hohe Qualifikationen erfordern, was ihren Preis zusätzlich erhöht.",1,55874,2002,13
Für 2018 wird von führenden Marktforschungs-instituten ein weltweiter Markt von 100 GW pro Jahr vorhergesagt.,1,590306,2014,13
Möglicherweise lassen sich gerade bei den Juristen mit einer Neuorganisation der Studienstruktur sehr starke Verbesserungen erzielen.,1,246423,2008,13
"""Für die Betriebe besteht deshalb kein 'Einstellungsrisiko' nur aufgrund des Alters der Beschäftigten"", sagte der Leiter des WSI-Tarifarchivs, Dr. Reinhard Bispinck.",0,60682,2003,13
"Das Pauschalprämienmodell ist flexibler einsetzbar Generell sollte eine Reform des Gesundheitssystems nicht nur auf kurzfristige Beschäftigungs-, Wachstums- und Verteilungseffekte zielen, sondern vielmehr die Effizienz des Systems steigern und ökonomische Fehlanreize vermeiden.",1,72019,2003,13
"Broschüre 4: Erfolgreicher Wandel zum Anbieter produktbegleitender Dienstleistungen durch kombinierte Personal- und Organisationsentwicklung Die Broschüre gibt Informationen und Handlungsempfehlungen, um diese Neuorientierung durch eine Anpassung der organisationalen Strukturen und eine Weiterentwicklung von Mitarbeiterkompetenzen zu bewältigen.",3,341958,2009,6
"Basierend auf Methoden des Ertragsmanagements (Revenue Management) entwickelt er ein neues, wertorientiertes Verfahren, das es ermöglicht, Preise und Kapazitäten so zu steuern, dass das Unternehmen seine Ressourcen optimal nutzen kann.",0,261965,2008,6
Diese Aufgabe übernimmt der VDI Verein Deutscher Ingenieure.,0,605700,2014,6
Die tatsächlichen Auswirkungen von Landnutzung auf die biologische Vielfalt sind also oft noch nicht klar.,0,568060,2014,6
"Vor diesem Hintergrund behandelten die Ärzte der Universitätsmedizin Greifswald und der Medizinischen Hochschule Hannover gemeinsam zwölf Patienten im Alter von 38 bis 63 Jahren mit schwersten neurologischen Ausfällen mit einer Blutwäsche (Immunadsorption), bei der die Antikörper gezielt herausgefiltert werden.",0,439383,2011,6
"Insbesondere beim chronischen Schmerz, kann sich das Schmerzerlebnis, welches im Gehirn entsteht, zu weiten Teilen von der Warnfunktion des Schmerzes lösen.",3,272947,2008,6
"Auch ihr Familienleben sehen die Österreicher (73%) mit der größten Zuversicht, gefolgt von den Deutschen und den Russen mit jeweils 68 Prozent.",1,263257,2008,6
"Empirische Belege für einen angeblichen Trend seien nicht zu erkennen, so der Experte.",1,138871,2005,6
"So sind Immunzellen der Haut oft die ersten, die eindringende Erreger erkennen und andere Komponenten der körpereigenen Abwehr aktivieren.",0,441462,2011,6
"Das neue Wissen um den Wahrnehmungszusammenhang von Gesichtern und Marken hilft dabei, künftig besser zu erkennen, was die Wahrnehmung von Marken bestimmt und wie man auf diesen Prozess Einfluss nehmen kann.",0,636586,2015,6
Er ist in seiner Leistungsklasse sogar dem deutlich leistungsstärkeren INNOSLAB-Laser überlegen.,1,633037,2015,13
"So hätten beispielsweise im aktuellen Befragungszeitraum viele Unternehmen zwar bereits Kurzarbeit angekündigt, diese aber noch nicht eingeführt.",0,294709,2008,13
"""Wer privat vorsorgt, ist persönlich zuversichtlicher"", interpretiert Dr. Ulrich Rumm, Vorstandsmitglied der Allianz Deutschland AG.",0,251843,2008,13
"Die Überlegenheit der Multikernfaser beruht darauf, dass das Laserlicht nicht in einem einzelnen Kern geführt, sondern über 19 kleinere, miteinander gekoppelte Kerne verteilt wird.",1,346325,2009,13
Aber nur jeder Vierte (26%) ist zuversichtlich für die künftige Entwicklung des Landes.,0,263257,2008,13
"Das Ergebnis: „Sowohl in klinischer wie auch in neurobiologischer Hinsicht hat sich der Zustand der Mäuse erheblich verbessert“, sagt Rudolf Martini.",1,526207,2013,13
"Die State University of New York in Stony Brook gehört zu den führenden politikwissenschaftlichen Forschungseinrichtungen in den USA, insbesondere im Bereich der Wahl- und Einstellungsforschung.",1,51950,2002,13
Wolfgang Maass Institut für Grundlagen der Informationsverarbeitung Email: <maass@igi.tugraz.at> Tel +43 (316) 873 5822 TU Graz - Mitglied der TU Austria <http://www.tuaustria.at/>,0,450038,2011,13
"Zukünftig könnten die Leistungs-transistoren dann in Pumpmotoren von Waschmaschinen oder Heizungen, Ladegeräten für Elektroautos, Generatoren für Plasma- und Lasersysteme, oder in Photovoltaik-Anlagen helfen Energie zu sparen.",0,592126,2014,13
": 0711/459-24030, E-Mail: frank.brettschneider@uni-hohenheim.de",0,578477,2014,13
"Sehr geehrte Damen und Herren, die meisten deutschen Unternehmen spüren die Auswirkungen Wirtschaftskrise.",1,356316,2010,13
"Den Lohnabschlag in den ersten Beschäftigungsjahren in Betrieben mit gedrehter Lohnstruktur empfinden sie daher als unattraktiv, denn sie wissen nicht, ob sie davon später auch profitieren werden.",0,418847,2011,13
"„Dabei nutzen wir einerseits die enge Verzahnung zwischen Grundlagen- und klinischer Forschung in unserem Verbund, zum anderen aber auch die Tatsache, dass uns im hessischen Kliniknetzwerk die Patienten einer ganzen Region anvertraut sind.",1,545063,2013,13
"Doch ist es möglich, den Nutzen eines Gesetzes abzuschätzen?",0,569759,2014,13
"Was sind die Folgen eines Bestäuberschwundes für die Ernährungssicherheit, sozialen Zusammenhalt und auch die Wirtschaft?",0,646774,2016,13
"Dabei kann der verzögerungsfreie Transport sowohl eine ununterbrochene Verfügbarkeit der Internetanbindung meinen als auch eine möglichst geringe Paketlaufzeit, Paketverlustrate oder durchgängige Verfügbarkeit der Bandbreite zu Spitzenzeiten.",0,540117,2013,13
"Die Innovationsintensität also der Anteil der Innovationsaufwendungen am Gesamtumsatz der Branche liegt in der Instrumententechnik mit 8,8 Prozent am höchsten.",0,203117,2007,13
"Beteiligt sind die Robert Bosch GmbH, TRUMPF Hüttinger GmbH, KACO new energy GmbH, X-FAB Semiconductor Foundries AG, Lewicki microelectronic GmbH, EDC Electronic Design Chemnitz GmbH sowie das Fraunhofer-Institut für Siliziumtechnologie ISIT, das Ferdinand-Braun-Institut, die Universität Erlangen, die Hochschule Reutlingen und die Universität Magdeburg.",0,592126,2014,13
31 65375 Oestrich-Winkel Tel: (0 67 23) 88 88-0 Fax.,0,623789,2015,13
"Kreis Unna: ""mobil&Job - Betriebliches Mobilitätsmanagement"" Mit der innovativen und vorbildlichen Initiative ""mobil&Job"" bietet der Kreis Unternehmen und ihren Mitarbeiterinnen und Mitarbeitern einen kostenlosen und individuellen Service zur Stärkung einer klimafreundlichen Mobilität.",1,318442,2009,13
Und welche Optionen hat die Politik und Gesellschaft um die wertvollen Leistungen zu erhalten?,0,646774,2016,13
"In den letzten Jahrzehnten hat die Forschung in Psychologie, Ökonomie und Zoologie gezeigt, dass die Fähigkeit zum Belohnungsaufschub ein zentraler Mechanismus ist, der es Menschen - und Tieren - erlaubt, Entscheidungen zu treffen, die längerfristig optimaler sind, als nur den unmittelbaren Nutzen zu maximieren.",0,362174,2010,13
"In Deutschland bleiben leider noch zu viele Innovationen in der Frühphase stecken, verpuffen oder werden von ausländischen Wettbewerbern aufgegriffen und zum Erfolg geführt.""",1,74604,2004,6
"Dr. Ulrike Bingel untersucht diese Prozesse seit 2001 mit den Mitteln der sogenannten funktionellen Bildgebung.Ziel der positiv begutachteten selbstständigen Forschergruppe ist es, noch besser zu verstehen, wie kognitive Faktoren das individuelle Schmerzerleben beeinflussen, und vor allem welche neuronalen Mechanismen in Gehirn und Rückenmark diesen Mechanismen der körpereigenen Schmerzmodulation zugrunde liegen.",0,272947,2008,6
Im 1.,0,291121,2008,6
"Professor Stephan wird diesen Bericht und die Arbeit der Obergutachtenstelle - ihre Bedeutung für die Allgemeine Verkehrssicherheit und die Einzelfallgerechtigkeit - auf einer Pressekonferenz am Freitag, dem 17. Oktober 2003, 10.30 Uhr im Alten Senatssaal der Universität zu Köln, Hauptgebäude, Albertus-Magnus-Platz, 50923 Köln-Lindenthal, vorstellen, zu der ich Sie hiermit herzlich einlade.",0,70147,2003,6
Wireless LANs (WLANs) werden wegen ihrer unbestreitbaren Vorteile zunehmend als Alternative zu kabelgebundenen LANs eingesetzt.,1,62129,2003,6
"Der bisherige Leistungskatalog der Gesetzlichen Krankenversicherungen (GKV) soll danach in Grund- und (konsumnähere) Satzungsleistungen differenziert werden, um einen Wettbewerb auf der Leistungsseite zu initiieren.",0,57215,2002,6
"„Der Aufsichtsrat scheint nur eine untergeordnete Rolle zu spielen, da die Großaktionäre de facto über direkte Durchgriffsmöglichkeiten verfügen können“, so Prof. Dr. Ruhwedel.",1,643021,2015,6
"Rückfragen an: Marion Grote Westrick, Telefon: 0 173 / 71 40 199 Einen Kommentar von Dr. Brigitte Mohn zum Thema sowie weitere Informationen finden Sie unter www.bertelsmann-stiftung.de.",0,166489,2006,6
Die jüngsten Entwicklungen im Klimaschutz zeigen sehr gut die Besonderheiten der Umweltschutzmärkte auf: Der Staat nimmt über die Gestaltung der Rahmenbedingungen maßgeblich Einfluss auf die Umwelttechnik.,1,199472,2007,6
"Entstanden ist die Veröffentlichung als Gemeinschaftsprojekt der Vereinten Nationen, der Royal Institution of Chartered Surveyors, des weltweit größten Berufsverbandes für Immobiliensachverständige, der Principles for Responsible Investment Initiative und der Institutional Investors Group on Climate Change.",0,591959,2014,6
"Der enorme Aufwand, mit dem diese kalkulatorische Durchdringung organisatorischer Abläufe betrieben wird, weist jedoch gleichzeitig darauf hin, dass die scheinbar objektive Realität der Zahlen immer auch eine sozial konstruierte ist.",2,243546,2008,6
"Deutsche Bilanz nach 30 Jahren EG-Vogelschutzrichtlinie: Erfolge beim speziellen Artenschutz und beim Schutzgebietsnetz, aber erhebliche weitere Anstrengungen nötig Fördermittel zukünftig enger an Leistungen für den Naturschutz knüpfen Bonn, 10. Dezember 2009: Auch wenn die EG-Vogelschutzrichtlinie den bedrohten Vogelar-ten und Zugvögeln in der Europäischen Union zu einem besseren Schutz verhelfen konnte, zeigt sich dies nicht bei allen Arten und im gesamten Gebiet.",3,348433,2009,6
"Um einen detaillierten Überblick über den zukünftigen ökonomischen Einfluss erneuerbarer Energien zu liefern, wurden diese zwei Szenarien kombiniert mit drei Szenarien, die die mögliche Bandbreite zukünftiger Weltmarktanteile der europäischen Volkswirtschaften im Bereich erneuerbarer Energietechnologien repräsentieren: ein pessimistisches (PE), ein moderates (ME) und ein optimistisches (OE) Exportszenario.",0,318659,2009,6
Keller und ihre Mitarbeiter in den verschiedenen Ländern führten mit den Kindern und Jugendlichen Interviews über Freundschaften und moralische Probleme im Alltag durch.,0,53001,2002,6
"Die IAQ-Berechnungen zeigen außerdem, dass die Durchschnittslöhne von Niedriglohnbeschäftigten in den vergangenen zwölf Jahren inflationsbereinigt nicht gestiegen und in Westdeutschland sogar nominal gesunken sind.",0,325132,2009,6
"Mit entsprechenden Maßnahmen könnten allerdings auch 36% erreicht werden – und das könnte sich für Österreich bezahlt machen: Um einen Ausbau erneuerbarer Energien dort zu ermöglichen, wo sie am billigsten sind, wurden durch die EU-Richtlinie zur Förderung der Nutzung von Energie aus erneuerbaren Quellen („RES-Richtlinie“, 2009/28/EC) sogenannte Kooperationsmechanismen etabliert.",1,522990,2013,6
"„Die Prognose zeigt, dass wir in den Bestandssegmenten mittelfristig eine Stagnation der Preisentwicklung haben werden.",1,450565,2011,6
Das Fraunhofer IAO hat zu dieser Thematik eine Marktstudie durchgeführt.,0,469787,2012,6
"Die Anzeige war ganzseitig, die Angebotspalette beeindruckend: ""Großes Lager in Metall-, Eichen-, Tannen-, Pitch-Pine-, Versand- und Verbrennungssärgen"", hieß es da.",2,70274,2003,6
"Wertschöpfungsbeiträge der externen Anbieter, die darüber hinaus gehen, finden kaum Beachtung.",0,298383,2009,6
"Weitere Informationen und Bilder: www.hlrs.de/presse Kontakt: Prof. Michael Resch, Höchstleistungsrechenzentrum Universität Stuttgart, Tel.",0,464865,2012,6
"Der politische Wille, auch hier aktiver zu werden, zeigt sich in der ""Potsdamer Erklärung zur Biologischen Vielfalt 2010"", die von den Umweltministern der G8+5 im März 2007 verabschiedet wurde: Die Erklärung greift viele der essentiellen Themen des Biodiversitätsverlustes auf und betont die Rolle der Wissenschaft, etwa auch durch die Unterstützung der Initiative eines weltweiten Expertengremiums zur Biodiversität in Anlehnung an den Weltklimarat (IPCC) im Bereich des Klimawandels.",3,207852,2007,6
"Dies ist auf die sehr schnelle Hauptspeicheranbindung, das äußerst leistungsfähige interne Netz sowie den großen gemeinsamen Hauptspeicher zurückzuführen.",2,216098,2007,6
): Qualitätsentwicklung in der Weiterbildung.,1,56332,2002,6
Eingearbeitet in die Forschungsarbeit sind die Ergebnisse eines juristischen Gutachtens für die Grundmodelle Kauf-Miete-Pacht-Leihe.,0,360195,2010,6
In diese Gruppe mit einem sehr niedrigen Mindestlohn lassen sich auch die USA einordnen.,0,183737,2006,6
Im Vergleich zum Sommer 2011 ist die Zuversicht in Baden-Württemberg für die Zukunft Deutschlands um zehn Prozentpunkte und für das eigene Leben um sieben Prozentpunkte gestiegen.,0,485454,2012,6
"Das Ergebnis hat die Forscher überrascht: „Bisher gingen wir davon aus, dass es generell leichter sei, sich als attraktiv empfundene Gesichter einzuprägen“, so Wiese, „einfach weil wir schöne Gesichter lieber betrachten.“ Die neuen Erkenntnisse zeigten nun aber, dass ein solcher Zusammenhang nicht so einfach herzustellen sei.",3,572220,2014,6
"Darin werden die Nutzer von den Wissenschaftlern des Leibniz-Rechenzentrums unterstützt, die über langjährige Erfahrungen im optimalen Einsatz von Höchstleistungsrechnern verfügen.",1,216098,2007,6
"""Die Diskussion über die Dienstleistungsgesellschaft hat sich in Deutschland in den letzten Jahren zu 90 Prozent auf Nebenphänomene - wie den Ausbau des Niedriglohnsektors - fixiert"", so Bosch.",0,55874,2002,6
"Tel +49 (0)69 / 97 20 20 56 Fax +49 (0)69 / 172 372 m.kip@mpr-frankfurt.de Antwortcoupon per eMail an m.kip@mpr-frankfurt.de oder Fax an 069/17 23 72 Seminarreihe IT-Sicherheit des Fraunhofer SIT ( ) Bitte senden Sie mir den Pressetext per E-Mail an: ( ) Bitte senden Sie mir das Seminarprogramm vom 29.4.03 als PDF per eMail an: (online unter http://www.sit.fraunhofer.de/german/press/SIT-Seminar-WLAN.pdf) ( ) Bitte senden Sie mir die Seminar-Gesamtübersicht 2003 als PDF per eMail an: (online unter http://www.sit.fraunhofer.de/german/events/seminars/index.html) ( ) Bitte registrieren Sie meine kostenlose Teilnahme zu Zwecken der Berichterstattung am Seminar ""Wireless LAN"" am 29. April 2003 (bitte nur Anfragen von Journalisten mit Kopie der Legitimation) Absender:",0,62129,2003,6
"Der Vorteil der eher dysfunktionalen Seite des Perfektionismus liegt in einer Steigerung der zentralnervösen Aktivierung, die mitunter für eine optimale Leistung notwendig ist.",1,282648,2008,6
Das sind drei Prozentpunkte mehr als vor einem Jahr.,0,552113,2013,6
"Ziel muss es sein, mit staatlichen För-dermitteln stärker Leistungen der Land- und Forstwirtschaft für den Naturschutz zu honorie-ren und damit zukünftig großflächig zum Schutz der Vogelwelt wie auch der übrigen typi-schen Tier- und Pflanzenwelt der Agrarlandschaft beizutragen.",2,348433,2009,6
Einen mittleren Lebensstandard für eine mindestens dreiköpfige Familie kann schließlich nur noch ein Viertel der vergleichsweise gut verdienenden männlichen Normalarbeitnehmer in Westdeutschland allein mit einem Einkommen erreichen.,0,537182,2013,6
(VfK) ist alleiniger Gesellschafter der GmbH.,1,318442,2009,6
"(0681) 302-3586, Fax (0681) 302-4222, E-Mail: sfb277sk@mx.uni-saarland.de",0,73369,2003,6
"Für die Jahre nach 2001 gibt es noch keine Daten, die sichere Aussagen zum Niedriglohnsektor zulassen.",0,104206,2005,6
"(2.137 Zeichen) Veröffentlichte Arbeit: Hauber I, Hofmann-Sieber H, Chemnitz J, Dubrau D, Chusainow J, Stucka R, Hartjen P, Schambach A, Ziegler P, Hackmann K, Schröck E, Schumacher U, Lindner C, Grundhoff A, Baum C, Manz MG, Buchholz F, Hauber J (2013).",0,553802,2013,6
"Das ist das Ergebnis einer Umfrage, die erstmals empirisch fundierte Aussagen zur Zusammenarbeit zwischen Hochschulen und Studentenwerken gibt.",1,457854,2012,6
"Dazu realisieren die Fachgebiete Nanobiosystemtechnik unter der Leitung von Prof. Andreas Schober und Biosignalverarbeitung unter der Leitung von Prof. Peter Husar neuartige Glas-Sensoren, die erstmals in der Lage sein werden, dreidimensionale neuronale Zellkulturen zu untersuchen.",0,505178,2012,4
"""Für Mund-Nasen-Schutz-Produkte, so genannte OP-Masken, ist eine Zulassung leider nicht notwendig.",1,147560,2006,4
Am heutigen Donnerstag geht das Naturschutzgroßprojekt „Allgäuer Moorallianz“ in die zweite Phase.,0,508530,2012,4
"Ziel des DNP, das langfristig vom FNS finanziert und inhaltlich begleitet wird, ist die Schaffung einer soliden Datengrundlage zur Beantwortung normungsrelevanter Fragestellungen, die Gewinnung neuer wissenschaftlicher Erkenntnisse zum Thema Normung und Normen sowie die Sensibilisierung und Motivation von Unternehmen und Forschungseinrichtungen für die Thematik der Normung.",0,556064,2013,4
"Die neuen Handlungsanforderungen, die sich im Zuge des Umbruchs in den Unternehmen den Gewerkschaften stellen, skizzierte Christiane Benner, geschäftsführendes Vorstandsmitglied der IG Metall, in ihrem Vortrag „Zukunft der Arbeit im Unternehmen der Zukunft“.",0,531704,2013,4
"Im Bereich von Familie und Privathaushalt liegt die Hauptverantwortung für die Betreuung von Kindern und Pflegebedürftigen immer noch überwiegend bei den Frauen, die Hauptverantwortung für das Familieneinkommen hingegen vorwiegend bei den Männern.",0,405628,2011,4
Die Ergebnisse des vierten Quartals 2011 erscheinen im Dezember 2011.,0,443124,2011,4
"Eine Besonderheit von Neurexin ist, dass es in über 3000 Varianten vorkommt, welche an bestimmte Rezeptoren in den Nachbarzellen binden.",1,457640,2011,4
Dies führt zur Freisetzung der klimaschädlichen Gase Kohlendioxid und Lachgas.,1,508530,2012,4
"Keine allzu rosige Zukunft sieht er hingegen für die akademischen Bildungseinrichtungen, die sich innovativen Managementkonzepten verschließen: ""Sie werden sich schon auf mittlere Sicht jeglicher Spielräume berauben und ihre Existenz gefährden.""",2,52237,2002,4
Sonst drohten den Kassen wachsende Beitragsausfälle.,2,291121,2008,4
"Wenn die Bundesbürger an Deutschlands Zukunft denken, sind sie derzeit zuversichtlicher als im vergangenen Sommer (plus sechs Prozentpunkte).",0,485454,2012,4
"Die Zuversicht ist hier um 11 Prozentpunkte gestiegen, von 39 Prozent im zweiten Quartal 2009 auf 50 Prozent im selben Quartal 2010.",0,375703,2010,4
"Höher als bei Männern ist bei den Frauen die Tendenz ausgeprägt, Misserfolge zu vermeiden (59 zu 45%); Frauen streben eher nach sozialer Akzeptanz (51 zu 42), sind zuverlässiger (54 zu 45) und legen mehr Wert auf das Selbstmanagement (53 zu 46).",0,412370,2011,4
"Niederlande, USA, GB) sowie die Stärkung der Mitsprache und Selbstbestimmung von Betroffenen (z.B. Niederlande) bis hin zum präventiven Aufsuchen älterer Menschen in deren Wohnung (Dänemark).",0,58602,2003,4
"„Das Ergebnis ist eindeutig“, betont der Leiter der Studie Prof. Dr. Frank Brettschneider.",1,630227,2015,4
Jetzt kehre ich aus Saarbrücken zurück mit einem lange erhofften Durchbruch.,2,24796,2000,4
Weitere wichtige Voraussetzungen für den Auslandserfolg sind hochqualifizierte Mitarbeiter im Unternehmen sowie eine maßgeschneiderte Anpassung der Produkte und Dienstleistungen an die Bedürfnisse des Zielmarktes.,1,454801,2011,4
"Diese Faszination ist noch viel größer, wenn Archäologen in der Lage sind, Details über das Leben im prähistorischen Alltag von einzelnen Individuen und unter bestimmten Voraussetzungen auch ihre Todesumstände zu präsentieren.",1,289453,2008,4
"Auch wenn europaweit nachgewiesen werden konnte, dass die Vogelschutzrichtlinie diesen Anhangs-Arten insge-samt geholfen hat, ist die Bilanz in Deutschland ernüchternd: ""Knapp 50 % der besonders zu schützenden Vogelarten stehen immer noch auf der Roten Liste und sind damit in ihren Be-ständen gefährdet"" sagte Stefan Fischer, Vorsitzender des Dachverbandes Deutscher Avi-faunisten.",1,348433,2009,4
"»Wenn man davon ausgeht, dass viele Labors noch mit einer Messungenauigkeit von 2,5 Prozent arbeiten, kann eine um knapp 1 Prozent bessere Messunsicherheit bei einem 50 MWp PV-Kraftwerk schnell einen Differenzbetrag von mehreren hunderttausend Euro ausmachen«, erläutert Frank Neuberger vom CalLab PV Modules die Vorteile der optimierten Präzisionsmessung aus wirtschaftlicher Sicht.",1,607034,2014,4
"Neue Ansätze zur Behandlung von Hautkrebs – die im Workshop angesprochen wurden – setzen darauf, die Immunabwehr der Haut durch gezielte Stimulation in die Tumorbekämpfung einzubeziehen.",0,441462,2011,4
So ist das „Internet der Dinge“ weit mehr als eine neue Technologie zur Automatisierung der Produktion.,2,645155,2016,4
Im ersten Quartal dieses Jahres sehen nahezu zwei Drittel der Befragten (62 Prozent) ihre persönliche Zukunft positiv (plus fünf Prozentpunkte).,0,469049,2012,4
"In diesem Zusammenhang haben die Wittener Forscher ihr Augenmerk auf „neue Zellentitäten“ gelegt, die sich aus einer Fusion zwischen Tumor-(Stamm)Zellen und anderen, normalen Zellen wie Makrophagen oder Tumorstromazellen ergeben können.",0,521587,2013,4
"Die charakteristischen Eigenschaften produktbegleitender Dienstleistungen, wie bspw.",1,341958,2009,4
"Durch Modellierung und Simulation theoretisch verständlich gemacht Nun ist es einer internationalen Gruppe von Physikern an der Universität Augsburg, der Universität von Florida in Gainesville und dem Niels-Bohr Institut in Kopenhagen gelungen, die mikroskopischen Defekte in diesen Materialien erfolgreich theoretisch zu modellieren und den supraleitenden Stromtransport zu simulieren.",1,376818,2010,4
"""Die Gesundheits- und Sozialwirtschaft ist die ""heimliche Heldin"" des Strukturwandels im Ruhrgebiet, hat die meisten neuen Arbeitsplätze geschaffen"", so Dr. Josef Hilbert, Leiter der Abteilung Dienstleistungssysteme am Institut Arbeit und Technik (IAT/Gelsenkirchen).",1,37752,2001,4
"„Offensichtlich unterscheiden sich einzelne Killer T-Zellen deutlich in ihrer Wirksamkeit, und nur durch einen synchronisierten Angriff wird die Zielzelle stark genug geschädigt“,sagt Professor Förster.",1,645813,2016,4
"Die Unternehmen verschwenden so oftmals nicht nur viel Zeit und Geld, sondern setzen die Motivation ihrer innovativen Kräfte aufs Spiel.""",1,191232,2007,4
Hauptverantwortlich für den Anstieg waren die Großunternehmen.,0,148680,2006,4
"In Ostdeutschland – wo anteilig mehr Beschäftigte vom Mindestlohn profitiert haben dürften – war der Rückgang mit 3,4 Prozent mehr als doppelt so hoch wie im Westen.",1,637553,2015,4
"Innovation heiße nicht nur, eine Idee zur Erfindung reifen zu lassen, sondern auch diese erfolgreich in Produkte und Prozesse umzusetzen.",1,186419,2006,4
In der Schweiz wird die seit 1996 geltende Versicherungspflicht hingegen streng überprüft.,1,291121,2008,4
"Die Studie berücksichtigt alle Unternehmen der Branchen Industrie und produzierendes Gewerbe, Handel, Dienstleistungen, Finanzen und Versicherungen mit mindestens 400 Mitarbeiterinnen und Mitarbeitern, da ab dieser Größenordnung Personalmanagementfunktionen zu vermuten sind.",1,605580,2014,4
"Beispielsweise sichern Vögel und Fledermäuse in indonesischen Kakaoplantagen über ein Drittel der Ernte, mit einem Wert von über einer Milliarde US-Dollar pro Jahr.",1,635216,2015,4
"In: WSI Mitteilungen 7/2009, Schwerpunktheft: ""Zukunft der Sozialversicherung - Sozialversicherung der Zukunft"".",0,326174,2009,4
"Es sei durchaus möglich, dass ein erheblicher Teil der ehemaligen Minijobs in reguläre Beschäftigungsverhältnisse umgewandelt wurde.",1,637553,2015,4
Am Freitag den 29. Juni 2001 findet in der Innovationsfabrik Heilbronn ein Informationstag zu den Forschungsprogrammen der Europäischen Kommission statt.,0,35231,2001,4
"""Somit ist PCNA-Ubiquitinierung sowohl für DNA-Reparatur als auch für Hypermutation notwendig"", erklärt Buerstedde.",1,183449,2006,4
"In der Vorbereitungsphase bis 2010 sollen transparente, Grenzen überschreitende und weltweit wettbewerbsfähige Organisationsstrukturen für das wissenschaftliche Rechnen mit Supercomputern in Europa geschaffen, klare Vorgaben für die benötigte Hardware an verschiedenen Standorten gemacht und eine europäische Plattform für die Entwicklung von Hardware- und Software gemeinsam mit der Industrie aufgebaut werden.",1,204696,2007,4
"Das belegen auch die Zuversichtswerte für die ökonomischen, ökologischen und sozialen Gesellschaftsbereiche.",0,443124,2011,4
„Bestimmte Motive kommen häufiger vor als andere.,0,645149,2016,4
"Ergebnisse ziviler Sicherheitsforschung auf der Messe Interschutz 2015 in Hannover präsentiert / Wanka: ""Hightech erleichtert sichere Hilfeleistung"" Giftige Gase, Feuer oder einstürzende Gebäude: Rettungskräfte müssen sich häufig selbst in Gefahr begeben, um Menschenleben zu retten und Schaden abzuwenden.",1,632087,2015,4
"Geplant wurde ITER mit den heute verfügbaren Materialien und Technologien, die noch nicht vollständig für die Fusion optimiert sind.",0,145375,2006,4
"Ihre Ansprechpartner für weitere Informationen: Fraunhofer IAO Marc Rüger, Peter Ohlhausen Nobelstraße 12, D-70569 Stuttgart Telefon +49 (0) 7 11/9 70-20 81, Telefax +49 (0) 7 11/9 70-22 99 E-Mail: winn@iao.fhg.de",0,50684,2002,4
Jan Dreisbach Lehrstuhl für Dienstleistungsmanagement Technischen Universität Braunschweig Telefon +49 531 391 63 105 Telefax +49 531 391 63 122 Schleinitzstraße 23a 38106 Braunschweig j.dreisbach@tu-braunschweig.de https://www.tu-braunschweig.de/aip/dlm,0,599984,2014,6
"Das „Trendbarometer Kreativwirtschaft"" wurde ins Leben gerufen, um ein Stimmungsbild dieser Branche zu ermitteln.",1,535875,2013,6
"Um sie erkennen zu können, benötigt es eine molekulare Abschrift von besonders charakteristischen Abschnitten der Fremd-DNA.",1,531381,2013,6
"Springt er in die falsche Richtung, dann fällt fast sicher ein Tor; springt er in die richtige Richtung, dann hält er den Ball mit einer gewissen Wahrscheinlichkeit“, so Prof. Dr. Christian Rieck vom Fachbereich Wirtschaft und Recht, Leiter der Forschungsgruppe.",1,595386,2014,6
"Die einzigen Kosten, die dem Nutzer entstünden, wären leicht ansteigende Stromkosten für die zusätzliche Rechenleistung.",0,631033,2015,6
Dieser erhält im Falle einer erfolgreichen Vermittlung eine Vergütung von der zuständigen Agentur für Arbeit.,1,162574,2006,6
"Die darin vorgenommene „internationale Bestandsaufnahme“ von vergleichbaren Clusterprojekten zur Etablierung einer BioÖkonomie kommt zu dem Ergebnis, dass das Vorhaben aus der Region Mitteldeutschland weltweit einzigartig ist.",1,554850,2013,6
Ein weiterer Schwerpunkt der bisherigen Arbeiten lag auf der Beobachtung des Einflusses der biodegradierbaren Polymere auf die Gefäßneubildung (Angiogenese) in verschiedenen In-vitro- und In-vivo-Modellen.,0,60163,2003,6
Brain 2013; doi: 10.1093/brain/awt020.,0,526207,2013,6
Aktuell ist dieser Stimmungswert 13 Prozentpunkte höher als vor einem Jahr.,0,552113,2013,6
Im Falle von Programmen zum Waldschutz könnte sich die Freisetzung von CO2 in anderer Weise verschieben: Von den Wäldern hin zu anderen Vegetationstypen.,0,613168,2014,4
"Energy – Halle 13, Stand C28 Im Energiebereich präsentieren – neben dem Bayerischen Energie-Forum und dem Cluster Energietechnik – zehn Unternehmen ihre Neuerungen: automatisierte Einsatzplanungen für BHKWs, innovative Hightech-Sensorsysteme zur Überwachung von Wälzlagern, Turbinen- und Generatorkonzepte für Wasserkraftwerke, Energiemanagementlösungen für Energieanlagenbetreiber, Lösungen für die intelligente Wärmeerzeugung und zur Isolierung von Blockheizkraftwerken, Spezialprodukte aus blanken, legierten und beschichteten Kupferdrähten, webbasierte Energiemanagement-Software sowie Klima- und Heiztechnik.",0,580907,2014,4
"Ziel ist es herauszufinden, welche Prinzipien der visuellen Informationsverarbeitung das Gehirn beim Sehen anwendet, und diese Prinzipien in technischen Systemen einzusetzen.",0,16305,1999,4
"Eine vom Bundesinstitut für Berufsbildung (BIBB) 2000 und 2001 durchgeführte Befragung von Personal- und Ausbildungsverantwortlichen in Betrieben und Bildungsverantwortlichen der zuständigen Stellen hat ergeben, dass der quantitative Erfolg des neuen Berufs auch Ergebnis seiner besonderen inhaltlichen Ausrichtung ist: Die Branche begrüßt insgesamt den/die ""Automobilkaufmann/frau"" und ist mit dem branchenspezifischen Zu-schnitt des beruflichen Strukturkonzepts zufrieden.",1,63427,2003,4
Darüber hinaus sei die Produktivität von Beschäftigten keine feststehende Größe.,0,592767,2014,4
"Es liegt deshalb nahe, eine entsprechend gute Übereinstimmung auch für die Vergangenheit anzunehmen, für die es keine Möglichkeit gibt, Mantelströmungen direkt aus Beobachtungen zu ermitteln.",0,539868,2013,4
"kommt der Spitzencluster Mitteldeutschland aktiv zuvor“, kommentiert der Autor, es werde die optimale, umweltfreundliche Lösung von dafür besonders geeigneten, regional ansässigen Partnern angestrebt.",1,554850,2013,4
Darauf aufbauend entwickelten sie Handlungsempfehlungen anhand von bewährten Praxisbeispielen.,0,591959,2014,4
"(1) Viele weitere Details zu den Ergebnissen, Ansatz und Annahmen können Sie in der Vollversion der Studie finden, die unter http://ec.europa.eu/energy/renewables/studies/renewables_en.htm erhältlich ist.",0,318659,2009,4
"Auch das spricht dafür, dass Acetylierungs-Motive nicht zufällig entstehen.",0,645149,2016,4
"Das Fraunhofer-Institut für System- und Innovationsforschung ISI untersucht Chancen technischer Entwicklungen und deren Auswirkungen auf Wirtschaft, Staat, Gesellschaft und Umwelt.",0,218958,2007,4
"Experteneinschätzungen sowie Patent- und Publikationsanalysen des Fraunhofer ISI zeigen, dass vor allem die starke technologische Wissensbasis mit einer gut ausdifferenzierten Forschungsinfrastruktur und gut ausgebildeten Arbeitskräften eine ausgezeichnete Basis für die internationale Wettbewerbsfähigkeit sind.",1,215062,2007,4
"Wahlster: ""1300 Technologietransferstellen in Deutschland haben noch nicht den erwünschten Erfolg gebracht, weil sie zu sehr auf das überholte Fließbandprinzip der Innovation abgestimmt sind, nach dem sehr viele Übergabepunkte vom Grundlagenresultat bis zur Produktinnovation über eine sehr lange Zeitspanne durchlaufen werden müssen.",2,74604,2004,4
"Die Ergebnisse der Studie, die von McDonald's, Rödel & Partner und Volkswagen gesponsert wurde, sind jetzt auch veröffentlicht worden.",1,59346,2003,4
Nur die wenigsten Produkte seien heute wirklich nachhaltig produziert.,1,626912,2015,4
"„Wenn die Mädchen so MINT-Tätigkeiten positiv erleben: Hey, ich kann das, es macht mir Spaß!",0,600863,2014,4
"Die Kaffeebauern im kolumbianischen Hochland wissen zwar, dass ein diversifiziertes Angebot an Premiumkaffee den gegenwärtigen Trend bei den Verbrauchern trifft.",0,188936,2006,4
"Das Bundesministerium für Bildung und Forschung (BMBF) stiftete die Preise (je 1.500 Euro) für die Siegerinnen und Sieger der Kategorie ""Physik"", ""Umwelt"" und ""zukunftsorientierte Technologien"", und ermöglicht den Gewinnern internationale Studienaufenthalte in Höhe von insgesamt 20.000 Euro.",0,64058,2003,4
"Dabei kommt es darauf an, die sogenannten abrasiven Eigenschaften der Strahlen präzise zu kontrollieren.",1,602027,2014,4
"Einige Projekte des Programms werfen dabei auch einen Blick auf Politikbereiche und Massnahmen, die nicht unmittelbar auf die Gleichstellung der Geschlechter zielen, diese aber direkt oder indirekt beeinflussen, wie beispielsweise die Steuerpolitik oder Sozialversicherungsreformen.",0,405628,2011,4
"Je weniger normative Richtlinien es für Erziehungsziele und -inhalte in unserer Gesellschaft gibt und je mehr tradierte Werte relativiert werden oder an Gültigkeit verlieren, desto stärker ist der einzelne auf sich und seine Kompetenzen, aber auch auf seine Defizite verwiesen.",0,136252,2005,4
"In den westeuropäischen Ländern Großbritannien, Irland, Frankreich und den BeNeLux-Staaten liegt der Mindestlohn mittlerweile knapp unter oder deutlich über 8 Euro pro Stunde, in Luxemburg bei 9,08 Euro.",0,191962,2007,4
"Forscher der Medizinischen Hochschule Hannover (MHH) haben einen Mechanismus entdeckt, mit dem sich der Körper gegen bakterielle Lungenentzündungen wehrt.",0,502305,2012,4
"Quartal 2013 in Prozentpunkten) Die Allianz Zuversichtsstudie Basis der Allianz Zuversichtsstudie, einer gemeinschaftlich durchgeführten Untersuchung der Allianz Deutschland AG und der Universität Hohenheim, sind repräsentative monatliche Befragungen mit jeweils mindestens 500 bis 1.000 Interviewpartnern.",0,592837,2014,4
"""Wir brauchen ein Bildungssystem, das Kinder individuell fordert und fördert"", betonte die Bundesbildungsministerin.",0,64058,2003,4
"Vorbilder sollten eher die beschäftigungspolitisch ebenso erfolgreichen europäischen Länder, wie die Niederlande oder Dänemark, sein.",0,55874,2002,4
"Für die TU München bedeutet Innovation ""eine Gemeinschaftsleistung aus Tradition"".",0,226065,2007,4
"- Die Differenzierungsmöglichkeiten in drei verschiedene Einsatzgebiete (Flottenmanagement, Kommunikationseinrichtungen, Fahrzeugvermietung) werden vor allem von den ausbildenden Betrieben als ""hervorragend"" bzw. ""optimal"" bezeichnet.",0,63427,2003,4
"Auf dieser Grundlage stellen wir unseren Auftraggebern aus Wirtschaft, Politik und Wissenschaft Handlungsempfehlungen und Perspektiven für wichtige Entscheidungen zur Verfügung.",1,460670,2012,4
"Das bedeutet, dass sie unterschiedliche Typen von Zellnachkommen bilden können, die eine Infektion bekämpfen und sich an ihren „Gegner“ erinnern.",0,597487,2014,4
"Wichtig ist, dass mit der längeren Förderdauer auch ein längerer Atem für strategisches Handeln ermöglich wird.",1,645206,2016,4
Anlass war die Präsentation der Ergebnisse der Forschungsarbeiten des Verbundes zur Entwicklung und Erprobung neuer Anwendungen der Künstlich Neuronalen Netze und Fuzzy-Logik am 24. November 2000 in der Märkischen Fachhochschule (MFH) in Iserlohn.,0,27629,2000,4
"Neue Leitbilder und veränderte Regelungen in der Arbeitsmarkt- und Familienpolitik, die auf die Erwerbstätigkeit auch von Frauen und die Vereinbarkeit von Beruf und Familie setzen, scheinen diesem Wandel Rechnung zu tragen.",3,537182,2013,4
"Zu diesem Ergebnis kamen Wissenschaftler gleich mehrerer Teilprojekte des Verbundprojekts ""Nützlinge"", dessen Abschlussveranstaltung am 9. und 10. Januar in Bonn stattgefunden hat.",1,192597,2007,4
Beauftragt wurde das DNP durch den Deutschen Förderverein zur Stärkung der Forschung zur Normung und Standardisierung e.,0,556064,2013,4
"Als Nachhaltigkeitsinitiative von Wirtschaft und Wissenschaft arbeitet das ZNU in den Bereichen Forschung, Lehre, Weiterbildung, Konferenzen daran, Nachhaltigkeit für Führungskräfte von heute und morgen greifbar zu machen und für die Chancen Nachhaltiger Unternehmensführung zu begeistern.",0,626912,2015,4
"Das bisherige Feedback war „hervorragend“, wie Prof. Dr. Fred Hamker, Inhaber der Professur Künstliche Intelligenz, zusammenfasst: „Der Simulator wird als sehr nutzerfreundlich wahrgenommen.“ Die Entwicklung des Simulators soll weitergeführt werden: Ziel der Chemnitzer Informatiker ist es, dass die Software auf noch mehr Hardwarestrukturen anwendbar ist – und vor allem, dass sie immer schneller läuft.",1,641187,2015,4
"Neben Vorträgen, u. a. von Ministerialdirigent Helmut Mattonet, standen die ausgestellten Forschungsergebnisse im Mittelpunkt der Veranstaltung.",0,27629,2000,4
"Die Studie zeigt auf, wo Deutschlands Stärken und Schwächen im Vergleich zu relevanten Wettbewerbern und aufstrebenden Industrienationen liegen.",1,564747,2013,4
"Im Projekt ""Erhaltung von offenen Ackerlandschaften auf ertragsschwachen Standorten durch Extensive Bodennutzung"" wurde unter Leitung des Lehrstuhls für Landschaftsökonomie am Botanischen Institut der Universität Greifswald diesen Fragen nachgegangen.",0,81586,2004,4
"Für ihre Studie verglichen Professor Dr. Rainer Höger und seine Mitarbeiterin Anne Lange die Reaktionen der Betrachter auf 16 bekannte Marken wie Coca Cola, Rolex, Porsche oder Apple und auf 18 computergenerierte Gesichter.",0,636586,2015,4
Weitere Informationen unter www.naturallianz.de.,0,227776,2007,4
Die Deutsche Innovationserhebung wird im Auftrag des Bundesministeriums für Bildung und Forschung durchgeführt.,0,203117,2007,4
"Es wird aufgezeigt, auf welch unterschiedliche Weise die eingesetzten Verfahren der Budgetierung sowie der Qualitätssicherung in den untersuchten Ländern kombiniert werden.",0,80753,2004,1
Das in der Öffentlichkeit immer noch vorherrschende Bild von kinderlosen Frauen in Führungspositionen trifft demnach nicht zu.,3,447042,2011,1
In den Niederlanden und der Schweiz gilt die Versicherungspflicht schon länger.,0,291121,2008,1
"Mehr Offenheit für innovative Ansätze Generell plädiert die Studie dafür, dass das deutsche Gesundheitswesen offener und flexibler auf neue Ideen und Entwicklungen reagieren solle – sei es in der Versorgung von Patienten oder bei der Vergütung medizinischer Dienstleistungen.",3,634721,2015,1
"Zahlreiche Fallbeispiele dokumentieren, dass Unternehmen bewusst ihre Innovationsprozesse öffnen und mit einer Vielzahl von neuen Open Innovation Praktiken experimentieren.",1,544200,2013,1
Die Folge wäre ein Wettbewerb zwischen den Krankenkassen über Qualität und Preis der ärztlichen Leistungen.,0,57215,2002,1
"Insbesondere verschiedene NGO’s zeigten hier eine zunehmende Kooperationsbereitschaft, von der letztendlich beide Seiten profitieren könnten.",3,626912,2015,1
"Aus diesem Grund ist in naher Zukunft mit einer regen Nachfrage nach Produkten zu rechnen, welche die Anforderungen der Schutzprofile in datenschutzrelevanten Bereichen der Informationsverarbeitung umsetzen (z.B. Gesundheit, Telekommunikation, E-Government).",3,55561,2002,1
"""Klar ist, dass die zunehmende Belastung der traditionellen Familienhilfe auch zu einer weiter wachsenden Ausweitung des Bedarfs an erwerbsmäßig erbrachten Hilfs- und Pflegeleistungen für ältere Menschen führen wird"", so Scharfenorth.",2,78869,2004,1
"Kontinuierliche Investition in Forschung und Entwicklung zahlt sich aus Der Anteil der Unternehmen, die dauerhaft Forschung und Entwicklung (FuE) betreiben, liegt in Sachsen mit 17 Prozent fünf Prozentpunkte über dem Bundesdurchschnitt.",2,634555,2015,1
"Von daher ist die Untersuchung als Versuch anzusehen, den Kreis innerhalb der interaktionsorientierten Ansätze zu schließen und die Eindrucksbildung der Verkäufer als weitere Variable in den Komplex des Verkaufsprozesses zu integrieren.",3,42136,2001,1
Lediglich 9 Prozent halten dies nicht für sinnvoll.,3,76420,2004,1
: 09131-85-23999 wolfgang.kemmler@imp.uni-erlangen.de simon.von.stengel@imp.uni-erlangen.de,0,585542,2014,1
Im Idealfall refinanzieren sich die Kosten solcher Maßnahmen für die Kommune durch die wirtschaftlichen Effekte der angestoßenen Investitionen.,3,612616,2014,1
"Dagegen fänden Simulationsrechnungen zu drohenden Beschäftigungsverlusten in Deutschland immer wieder erhebliche öffentliche Beachtung, analysieren die IAQ-Forscher.",3,592767,2014,1
"Seit 1995 hat sich die Zahl der Niedriglohnbeschäftigten um rund 2,1 Millionen erhöht, was einem prozentualen Zuwachs von knapp 49 Prozent entspricht.",1,325132,2009,1
"In der Bundesrepublik ist die professionelle Altenhilfe in den letzten Jahrzehnten zwar erheblich gewachsen, dennoch wird das Gros unterstützender und pflegender Leistungen für ältere Menschen immer noch informell, d.h. vor allem von Familien erbracht - ""und damit entsteht eine überlastete informelle Dienstleistungsökonomie"", stellt die Wissenschaftlerin fest.",3,78869,2004,1
"""Insgesamt sind die Untersuchungsergebnisse geeignet, einen naturschutzfachlichen Beitrag zur künftigen Ausgestaltung der Agrar- und Förderpolitik im ländlichen Raum, die sich am Prinzip der Nachhaltigkeit orientiert, zu liefern"", sagt der Präsident des Bundesamtes für Naturschutz, Professor Dr. Hartmut Vogtmann.",3,42737,2001,1
"Es basiert auf verschiedenen bewährten funktions-, verfügbarkeits- und ergebnisorientierten Geschäftsmodellen, die Kortmann in seinem Verfahren integriert.",1,261965,2008,1
Hierfür wurden neue statistische Ansätze entwickelt.,0,516925,2013,1
"Sie streben überschaubare Unternehmenseinheiten mit langsamem, stetigem Wachstum an und versuchen häufig, ohne Venture Capital oder Bankkredite auszukommen.",3,161084,2006,1
"So spricht das Buch vor allem auch die Thematik an, wie Chemo- und / oder Strahlentherapie mit anfänglich klinisch therapeutischen Erfolgen auch eine Selektion von Tumor-(Stamm)zellen bewirken können und so einen hochmalignen Zelltypus schaffen, der in der Folge nur noch schwer mit herkömmlichen Therapieoptionen zu beherrschen ist.",3,521587,2013,1
"Ausgehend von der Frage, wie sich die Alterung der Gesellschaft auf das Wachstum des Dienstleistungssektors in Deutschland auswirkt, werden die wesentlichen dienstleistungstheoretischen Ansätze zu diesem Thema sowie die Entwicklungstrends der Seniorenwirtschaft dargestellt.",0,78869,2004,1
"Durch konventionelle Impf-Verfahren wird das immunologische Gedächtnis in lymphatischen Organen wie Milz und Lymphknoten verstärkt, wodurch es vor allem zu einer Vermehrung von T Zellen kommt, die Erreger wiedererkennen und abtöten können – aber nur wenn dieser Erreger nicht bereits eine chronische Infektion etabliert hat.",3,528341,2013,1
Sie werden nach den Worten des Gründungsdirektors das Stipendien-Programm ausgestalten und strategische Forschungspartnerschaften aufbauen.,0,323387,2009,1
"In einer aktuellen Befragung der Bertelsmann Stiftung geben 64 Prozent der befragten Ärzte an, dass die Qualität der medizinischen Behandlung nicht weiter erhöht werden müsse, bei den Versicherten finden das hingegen nur 48 Prozent.",3,148698,2006,1
"Das Arbeitsgedächtnis ist zuständig für die vorübergehende Speicherung von Information, für die Planung, die Koordination und die Kontrolle bei der Durchführung von Aufgaben und für die Hemmung von störenden oder unwichtigen Einflüssen.",0,257608,2008,1
Seit 1997 konnten damit mehr als 4.000 neue Arbeitsplätze im IT-Sektor geschaffen werden.,0,33591,2001,1
Im Vergleich zum Vorjahreszeitraum ist die Stimmung damit um 5 Prozentpunkte gestiegen.,0,361483,2010,1
"Um diese Aufgabe erfüllen zu können, hat es sich zu einem hoch komplexen Ensemble von Zellen, Botenstoffen und Antikörper-Molekülen entwickelt, das verschiedenartigste Erreger erkennt, abwehrt und Informationen über sie speichert.",0,531381,2013,1
"Im regionalen Vergleich zeigen die Niedersachsen im ersten Quartal 2014 bundesweit die größte Zuversicht: Für die Zukunft Deutschlands äußern sich 54 Prozent der Bewohner optimistisch, für das persönliche Leben sind es sogar 75 Prozent.",3,578477,2014,1
Im Osten ist die Zuversicht geringer ausgeprägt.,3,236723,2007,1
Einzelindikatoren können nur Teilaspekte erfassen.,0,575663,2014,1
Bislang nur Verifikation von Modellen Der Einsatz formaler Methoden bietet die derzeit maximal möglichen Garantien für die Verlässlichkeit von Computersystemen.,3,286442,2008,1
"Ihr Ziel bestand darin, die erzeugten Strommengen nach Bundesland, Anlagengröße und pro Jahr für Photovoltaik- und Windkraftanlagen zu ermitteln sowie die hierdurch erzielten jährlichen Gewinne zu errechnen.",0,597650,2014,1
"Mit einem scharfen gezielten Wasserstrahl schießen die Fische ihre ausgewählte Beute seitlich von unten an, so dass sie ins Wasser fällt und hier kurze Zeit später geschnappt werden kann.",2,602027,2014,1
<www.esmt.org/competition_analysis>,0,406613,2011,1
"Als Aspekte für einen Erwerb geben sie an: •	Altersvorsorge, •	eigene Gestaltungsmöglichkeiten, •	keine Miete und •	Unabhängigkeit.",3,630227,2015,1
: 0209/91358-12 E-Mail: steinmueller@sfz.de IAT: Dr. Lothar Beyer Tel.,0,42773,2001,1
"Die Einstellung älterer Arbeitnehmer rechnet sich für diese Unternehmen meist ebenfalls nicht, weil sie um des einheitlichen betrieblichen Lohngefüges willen analog zu den schon lange im Unternehmen arbeitenden Beschäftigten gleichen Alters entlohnt werden.",3,418847,2011,1
Die Anhebung der Branchenmindestlöhne bewegte sich im vergangenen Jahr zwischen knapp 2 Prozent und nahezu 14 Prozent.,3,590336,2014,1
In akribischer Kleinarbeit ist der umfangreiche Datensatz einer rigorosen Qualitätskontrolle unterzogen worden.,2,296984,2009,1
Kontakt: Dr. Stephan Schröder-Köhne BioMedTec Franken Tel 0931 2998875 Fax.,0,76412,2004,1
mult.,0,184764,2006,1
"Dabei hat eine Gruppe von Architekten, Physikern, Materialforschern, Künstler und Designer einen lichtreflektierenden Beton entwickelt, der große Mengen Energie einspart.",1,467617,2012,1
Bode resümiert deshalb: „Das neue deutsche Rentenmodell ist auf Sand gebaut und wird auch auf längere Sicht keine feste Verankerung erfahren.“ Bild von Prof. Dr. Ingo Bode (Foto: privat) unter www.uni-kassel.de/uni/fileadmin/datas/uni/presse/anhaenge/2014/Bode_I.JPG Ingo Bode und Felix Wilke (2014): Private Vorsorge als Illusion.,2,608014,2014,1
"Tendenziell wird also Stammbelegschaften ein besserer Kündigungsschutz gewährt, während Beschäftigte mit einer größeren betrieblichen Mobilität oder mit häufigerer Unterbrechung der Erwerbstätigkeit, wie z.B. Frauen, einen schwächeren Schutz genießen.",3,60682,2003,1
"Die Forscher passten hierfür Nektar-Sammlerinnen beim Ausschwärmen aus ihrem Stock ab, fingen sie ein und ließen sie in ihrem Labor gewissermaßen die Schulbank drücken: Auf dem Stundenplan standen fünf verschiedene künstliche Duftstoffe.",1,411024,2011,1
"""Die Absatzmärkte der weißen Biotechnologie haben in vielen Anwenderbranchen stabile und überdurchschnittliche Wachstumsraten"", sagt ISI-Projektleiter Dr. Michael Nusser.",2,215062,2007,1
"Bei der Ausdifferenzierung der Vorläuferzellkulturen entstehen verschiedene Typen von Neuronen in großer Zahl, die zwar alle das Ras-Krebsgen produzieren, sich aber nicht mehr teilen können.",0,208186,2007,1
"Im Anschluss an die Grundlagenermittlung wird ein objektives Konstruktionsverfahren zur Ermittlung von Sichtlinienprofilen entwickelt, dass in praxisrelevanter Form in den bisherigen Rechtsvorschriften und EN/DIN-Vorgaben noch nicht existiert und in seiner möglichen Verbindlichkeit zu einem qualitativen Vergleichsstandard führen wird.",3,210133,2007,1
"Im Hinblick auf die Bewertung hinsichtlich erfolgreicher Umsetzung des vom BMBF geförderten Projekts werden geeignete Kriterien aufgezeigt, welche sich nach Darlegung des Autors auch für andere Clusterprojekte eigneten.",3,554850,2013,1
"Dass eine Verbesserung der Gewinnsituation von 73 Prozent der Unternehmen als Bedingung für mehr Innovationsaktivitäten genannt wird, liegt ebenfalls auf der Hand.",2,110794,2005,1
": 0234/32-23849, Email: eysel@neuropruhr-uni-bochum.de Bezug des Magazins NeuroRUBIN ist für 4,50 Euro in der International Graduate School for Neuroscience erhältlich, Kontakt: Dr. Thomas Niemann 0234/32-26955, IGSN@neurobiologie.ruhr-uni-bochum.de",0,63072,2003,1
: 0228/107-1716 od.,0,56332,2002,1
Karin Scharfenorth: Mit dem Alter in die Dienstleistungsgesellschaft?,0,78869,2004,1
"Lediglich 30 Prozent der Unternehmen gaben an, Führungskultur und Führungsinstrumente konsequent top-down vorzuleben.",1,605580,2014,1
"Das Preisgeld, so Dr. Herderich, sei hochwillkommen, um damit den Doktoranden seiner Arbeitsgruppe einen Teil der Reisekosten zu erstatten, die im Zusammenhang mit ihren interdisziplinären Projekten entstehen.",1,25284,2000,1
"Die ersten Zwischenergebnisse des Projekts werden auf der Konferenz „Digitalisierung der Gesellschaft: Trends und Herausforderungen für die Dienstleistungen der Zukunft“ am 5. Dezember 2014, von 9.00 bis 17.00 Uhr in der Gaszählerwerkstatt in München vorgestellt.",0,615627,2014,1
"„Küstenplaner sollten sowohl vernünftige Einschätzungen zum schlimmsten wie auch zum günstigsten möglichen Fall haben, um Chancen und Kosten abwägen zu können.",0,646309,2016,4
"Das ""innere Auge"" sieht ein stabiles Bild Das Objekterkennungsmodell ""Dynamic Link Matching"" (DLM) gibt eine Erklärung dafür, warum unser ""inneres Auge"" ein stabiles Bild sieht: Ein sog.",0,63215,2003,4
"Baumaterial ist, anders als bei ITER, ein niedrig-aktivierbarer Stahl, der zurzeit im Europäischen Fusionsprogramm untersucht wird.",0,145375,2006,4
"Die Frage, welche Prozesse dem Produkt oder der Dienstleistung (k)einen Mehrwert hinzufügen, wird im „Business as usual“ allzu oft nicht gestellt.",1,584235,2014,4
"""Beide Zuversichtstypen stehen einander wie zwei Lager gegenüber"", sagt Frank Brettschneider von der Universität Hohenheim.",1,236723,2007,4
"Anlass zur Sorge würden die meisten Hai- und Rochenarten bereiten, aber auch wichtige kommerzielle Bestände der Nordsee wie Kabeljau, Flunder und Seezunge seien entweder überfischt, zu klein oder wiesen eine schlechte Größenstruktur auf.",0,524198,2013,4
"53% der Befragten beklagen, dass den Entscheidungsträgern die Zeit fehlt, sich überhaupt mit den kreativen Ideen der Mitarbeiter auseinanderzusetzen.",1,191232,2007,4
"„Neben zahlreichen internationalen Problemen haben auch innenpolitische Entwicklungen das Vertrauen der Bürger in die Zukunft Deutschlands geschwächt – nicht zuletzt die Umstände, die zum Rücktritt des Bundespräsidenten Christian Wulff führten oder auch die Konflikte innerhalb der Regierungskoalition.",0,469049,2012,4
"Der Clou des Switching-Moduls liegt in der Kompaktheit sowie in der Einfachheit, mit der selbst komplexe Netze auf dem Labortisch zusammengeschaltet werden können.",1,17284,2000,4
Neben den Defiziten bei der Vergleichbarkeit der Noten weist das iFQ auch auf einen allgemeinen Trend zu einer immer häufigeren Vergabe der Bestnote ‚summa cum laude‘ hin.,0,593626,2014,4
Beispiel Restaurant: Der Chef kocht vor den Augen des Kunden.,0,21728,2000,4
Im Vergleich zum Vorjahreszeitraum hat der Wert für die persönliche finanzielle Lage den größten Aufschwung erfahren (plus sechs Prozentpunkte).,0,485454,2012,4
"„Aus heutiger Sicht ist klar davon auszugehen, dass einige Länder Probleme haben, ihre Vorgaben zu erfüllen.",1,522990,2013,4
Dennoch sind nicht nur die genannten Gruppen von Niedriglohnbeschäftigung betroffen.,0,142462,2006,4
"«Zum anderen versuchen sie, die individuellen Entscheidungen und die strukturellen Rahmenbedingungen zu erkennen, die bis heute noch oft unbemerkt dazu führen, dass Frauen und Männer in der Familie, im Bildungswesen und im Erwerbsleben nicht die gleichen Chancen haben.» Dabei berücksichtigen die Forschenden auch neue Formen der Diskriminierung, die an einer Verknüpfung der Geschlechtszugehörigkeit mit anderen sozialen Unterschieden, wie der ethnischen oder sozialen Herkunft, dem Lebensalter oder dem elterlichen Status, ansetzen.",0,405628,2011,4
"Das Pauschalprämienmodell bietet deshalb eine gute Ausgangsbasis für weitere, dringend notwendige Reformen zur Vermeidung von Fehlanreizen.",1,72019,2003,4
"„Die modernen Technologien erlauben bei einer sinnvollen Anpassung der Rahmenbedingungen zur Markt- und Systemintegration einen umfassenden Handlungsspielraum“, fasst Knorr die Ergebnisse zusammen.",1,559168,2013,4
"Eine solche Betrachtungsweise konnte gewählt werden, weil zum gegenwärtigen Zeitpunkt Dipol und Quadrupol der Plattenbewegungen jeweils sehr gut mit den entsprechenden Größen der unterliegenden Antriebskräfte durch Strömungen im Erdmantel und in den Mantel abtauchenden Lithosphärenplatten übereinstimmt.",1,539868,2013,4
"Nur 30 Prozent der befragten Mediziner geben an, dass es mehr moderne medizinische Be­handlungen und Dienstleistungen geben müsste, bei den Versicherten sind es deutlich mehr: 54 Prozent.",1,148698,2006,4
Im Ganzen konnten sich die Probanden bis zu 40 Preisangebote pro Produkt ansehen.,0,471597,2012,4
"Ähnlich sieht die Bilanz der Bekämpfung der klassischen Schweinepest der letzten 15 Jahre aus: Nahezu 20 Millionen Schweine wurden getötet, mit einem geschätzten Gesamtschaden von fünf bis sechs Milliarden Euro.",0,228192,2007,4
"Vor diesem Hintergrund erscheint es aus Sponsorensicht fraglich, ob der beabsichtigte positive Einstellungstransfer für Wiesenhof oder Gazprom hinreichend gelingen kann.",3,599984,2014,4
Bei einer Aufschlüsselung der Gesamtdaten nach Sektoren und Branchen ergibt sich ein ähnliches Bild.,3,49485,2002,1
In den Was-wäre-wenn-Szenarien wurden beispielsweise die Auswir-kungen von Hacker-Angriffen auf Verkehrsleittechnik bewertet oder der Diebstahl von Kundendaten bei einem Unternehmen.,0,185027,2006,1
In dieser Region könnte durch die Einrichtung eines UNESCO-Biosphärenreservates eine Modellregion für nachhaltige Entwicklung geschaffen werden.,3,228935,2007,1
Die Bildung neuer Nervenzellen aus Stammzellen im erwachsenen Hippokampus muss vom Körper engmaschig kontrolliert werden: Eine zu geringe Neubildung neuer Nervenzellen könnte zu einer Fehlfunktion des Hippokampus führen.,3,179539,2006,1
"""Anders als die allermeisten anderen Zellen unseres Körpers sind die Abwehrzellen des Immunsystems im höchsten Maße beweglich, die ganze Zeit unterwegs.",1,203532,2007,1
"Das Konsortium der Projektpartner besteht dabei aus der Universität Genua, der Universität Vaasa (Finnland), der Universität Sint-Lieven (Belgien), dem portugiesischen Forschungsinstitut AidLearn, dem European Center for Quality in Sofia, das MERIG Forschungsinstitut in Graz sowie der FH JOANNEUM mit dem Studiengang „Management internationaler Geschäftsprozesse“.",0,438668,2011,1
"Mit 8.153 Anmeldungen stellte der diesjährige Wettbewerb einen neuen Teilnehmerrekord auf, sieben Prozent mehr als im vergangenen Jahr.",1,64058,2003,1
Dann allerdings ist die Nutzung für die Forscher wie bisher kostenlos.,0,216098,2007,1
"Basis dafür die die standardisierte Beurteilung der Innovationsfähigkeit eines Unternehmens im Sinne eines Benchmarks: »InnoScore®Service« fokussiert dabei die neun Gestaltungsfelder: Innovationskultur, Strategie, Kompetenz & Wissen, Technologie, Produkt & Dienstleistung, Prozess, Struktur & Netzwerk, Markt und Projektmanagement.",0,389870,2010,1
"Dieses Instrument zukünftig inhaltlich und von den Formaten her noch flexibler zu gestalten, sollte erklärtes Ziel bei der Fortführung der Exzellenzinitiative sei.",2,645504,2016,1
"Um solchen Infektionen vorzubeugen, die den Patienten über Jahre hinweg große Probleme bereiten können, geht die Klinik für Unfall-, Hand- und Wiederherstellungschirurgie des Universitätsklinikums Münster unter der Leitung von Prof. Dr. Michael Raschke jetzt neue Wege: Erstmals wurde in Münster bei einem Unfallopfer mit Unterschenkelfraktur ein Antibiotikum-beschichteter Nagel implantiert.",3,71744,2003,1
Die Ergebnisse des 3.,0,592837,2014,1
"Alle Gruppen trainierten nach Ablauf eines vierwöchigen Konditionierungszeitraums an zwei, maximal drei Tagen je Woche über weitere 18 Wochen in einem hochintensiven Bereich mit weniger als 10 Wiederholungen je Übungsdurchgang, hohem Widerstand – also hoher Last – und verschiedenen „Ausbelastungsstrategien“ bis zur kompletten muskulären Ermüdung.",2,585542,2014,1
"Einen Schwerpunkt bilden dabei die Cluster Automotive, Chemie/Kunststoffe und Energie/ Umwelt, die über eine besonders hohe Wertschöpfung und ein ausgeprägtes Innovationspotenzial verfügen.",2,463161,2012,1
"Das Zuhause birgt die größte Zuversicht, die Staatsrente frustriert Am meisten Zuversicht empfänden die Deutschen, wenn es um ihr Zuhause (82%) geht, um die Familie, die Partnerschaft und die Kinder (65%).",3,280861,2008,1
"Zu den einzelnen Themen des WLAN-Seminars gehören u.a. ""Übersicht über drahtlose Übertragungssyteme und ihre Einsatzmöglichkeiten"", ""WLAN-Grundlagen und Design"", ""Installation und Integration in ein bestehendes Unternehmens-Netz"", ""Die Sicherheit der Unternehmensdaten gewährleisten"", ""Zukünftige Standards / Entwicklungen"", ""Praxisbeispiele / Praktische Demonstrationen"" und eine Marktübersicht zu bestehenden Angeboten.",1,62129,2003,1
Umso erfreulicher sind daher diese Ergebnisse.,3,246423,2008,1
"Offen ist allerdings, ob es zu einer nachhaltigen Belebung der Binnenkonjunktur kommen wird.",3,110794,2005,1
Im Ergebnis konnte zwischen einer funktionalen und einer eher dysfunktionalen Seite des Perfektionismus unterschieden werden kann.,0,282648,2008,1
"Zudem werden von A bis hin zu D immer günstigere Plasmazustände erreicht: die Belastung der Wände nimmt ab, weniger elektrische Leistung muss zur Eigenversorgung in das Kraftwerk zurückgespeist werden.",0,145375,2006,1
Der Verbrauchsrückgang von Wasser aufgrund des demografischen Wandels wird noch verstärkt durch Wasser sparendes Verhalten in den Haushalten und den zunehmenden Einsatz von Wassereffizienztechnologien sowohl im Gewerbe als auch in den Haushalten.,1,397599,2010,1
So entwickelten im Fachbereich Nachrichtentechnik die Professoren H.M.,0,27629,2000,1
"In einem ersten Schritt wird der Bautypus in einen historischen, baugeschichtlichen Kontext gesetzt.",0,210133,2007,1
"""Denn spätestens seit der Verabschiedung der Haager Landkriegsordnung von 1907 bestehen Aneignungsrechte dieser Art nicht mehr"", erklärt die Völkerrechtlerin.",0,102961,2005,1
Dazu wird regelmäßig die Zuversicht der Menschen für die jeweils kommenden zwölf Monate in sechs persönlichen und sechs gesellschaftlich übergreifenden Lebensbereichen erfasst.,0,552113,2013,1
DAPA hat sich zwei wichtige Ziele gesetzt: 1.,0,188936,2006,1
Als Folge von Entwässerungen und der Intensivierungen der land- und forstwirtschaftlichen Nutzung sind viele Moore zumindest oberflächig ausgetrocknet.,3,508530,2012,1
"Die IAQ-Berechnungen zeigen außerdem, dass die Durchschnittslöhne von Niedriglohnbeschäftigten in den vergangenen zwölf Jahren inflationsbereinigt nicht gestiegen und in Westdeutschland sogar nominal gesunken sind.",1,325132,2009,1
""", so Greveler.",0,92384,2004,1
"In den Diskussionen wurde immer wieder deutlich, dass sich die Globalisierungsbestrebungen in der IT-Branche in den letzten Jahren konzeptionell weiterentwickelt haben.",1,512738,2012,1
"Allerdings enthält die Bertelsmann-ZEW-Studie auch eine Warnung: Die errechneten Kosteneinsparungen lassen sich nur dann realisieren, wenn die Übernahme der neuen Aufgaben durch die EU nicht mit einer Anhebung der Gehälter gegenüber dem nationalen Niveau einhergeht.",3,543085,2013,1
Dabei wird die Vereinbarung von Qualitätszielen auf dem Boden von überzeugenden Qualitätsindikatoren zunehmend Akzeptanz finden.,3,75882,2004,1
"Mit diesen drei Elementen des Modells bestimmen die Wissenschaftler den Stimmenanteil der amtierenden Regierungsparteien am 22. September mit folgender Gewichtung, die mit Hilfe statistischer Analysen der Bundestagswahlen von 1953 bis 1998 ermittelt worden ist: STIM = - 6,55 + 0,76 x (PAR) + 0,39 x (KAN) - 1,50 x (AMT) STIM:	Stimmenanteil der amtierenden Regierungsparteien PAR:	Langfristiger Wählerrückhalt der Regierungsparteien (Mittel der Stimmenanteile in den letzten drei Bundestagswahlen) KAN:	Kanzlerunterstützung (unter Ausschluß von Unentschlossenen) AMT:	Amtsperiode der Regierung (Anzahl) Mit dieser Modellgleichung lassen sich die Ergebnisse von Bundestagswahlen äußerst genau bestimmen: So wichen die tatsächlichen Stimmenanteile der Regierungsparteien (1953-1998) bislang im Schnitt nur um 1,5 Prozentpunkte von den Modellschätzungen ab, und auch in Bezug auf Sieg oder Niederlage irrte sich die Modellstatistik kein einziges Mal.",1,50348,2002,1
"""Unsere Aufgabe ist es, Ingenieurinnen stärker als Vorbilder für Schülerinnen und Studentinnen auftreten zu lassen beispielsweise im Rahmen des Projektes 'MINT Role Models'"", sagt Dick.",3,333178,2009,1
Den größten Anteil davon wird das Bundesministerium für Bildung und Forschung (BMBF) tragen.,0,323387,2009,1
"""Keine Frage, dass sich alle Unternehmen damit intensiv beschäftigen.""",3,360373,2010,1
"ARBEITEN WIE EIN ""HOCHLEISTUNGSSPORTLER"" Gemeinsam mit der FH Bielefeld und der FH Münster entwickelte die MFH Iserlohn einen adaptiven Neuro-Fuzzy-Regler, der sich selbsttätig auf unterschiedliche Situationen im Produktionsprozess einstellen und sein Verhalten im Sinne der Erzielung einer optimalen Prozessgüte zielgerichtet trainieren kann.",1,27629,2000,1
"Das gilt in den USA nicht nur für den relativ niedrigen national minimum wage, sondern auch für deutlich höhere regional verpflichtende „living wages“.",0,592767,2014,1
"Und je nach der Ausprägung ihres orbitalen Charakters sind die einen Elektronen bereits bei Raumtemperatur metallisch, während die anderen hier noch isolierendes Verhalten zeigen, um erst bei tiefen Temperaturen ebenfalls metallischen Charakter anzunehmen.",0,573145,2014,1
Dabei sind die Risiken zwischen Unternehmen und Arbeitnehmern ungleich verteilt.,3,36025,2001,1
"Ziel sei vielmehr ein realistisches Bild der Gefahren und Risiken zu zeichnen, mit denen beim alltäglichen Einsatz von Ambient Intelligence zu rechnen ist.",3,185027,2006,1
"Unter dem Oberbegriff »Grüne Dienstleistungen« finden sich in vielen anderen Branchen mannigfaltige Möglichkeiten, das Prinzip der Nachhaltigkeit zu fordern und zu fördern.",3,413104,2011,1
"Bei Produkten und produktbegleitenden Dienstleistungen geben vorwiegend Kunden, Konsumenten und die interne FuE Anregungen für Verbesserungen.",3,603294,2014,1
"Die Forscher geben Empfehlungen, wie sich diese Faktoren positiv für die Kundenakzeptanz von Elektromobilität nutzen lassen: Die Umweltfreundlichkeit von elektrischen Fahrzeugen muss durch die Bereitstellung von Strom aus erneuerbaren Energieträgern sichergestellt werden.",3,460670,2012,1
"Hohe absolute Innovationsumsätze erzielen außerdem das Kredit- und Versicherungsgewerbe, die Elektroindustrie, der Maschinenbau und die Chemieindustrie, aber auch der Großhandel.",2,203117,2007,1
"Dabei handelt es sich um ein Netzwerk deutscher IT-Sicherheitsunternehmen und Bundesbehörden, das die öffentlichen Dienstleistungen zur Erschließung von Auslandsmärkten bündelt, um die Exportchancen deutscher IT-Sicherheitsanbieter zu erhöhen.",1,127875,2005,1
"(069) 97 12 04 146, m.leuzinger-bohleber@sigmund-freud-institut.de",0,310871,2009,1
"""Wie optimistisch sind Sie, wenn Sie an Ihre Zukunft und die Zukunft Ihres Landes denken?""",3,236723,2007,1
In seinem zweiten Auftritt 1948 ist er noch weit entfernt von dem Nimbus des skrupellosen Monopolkapitalisten: In der Geschichte Das Gespenst von Duckenburgh will Dagobert weder ins Bild vom skrupellosen Kapitalisten noch vom heimtückischen Griesgram passen.,2,499710,2012,1
Die hier vorgestellten Ergebnisse stammen aus den Umfragen im November und Dezember 2005.,0,148698,2006,1
"Darüber hinaus waren die Wissenschaftler in der Lage, die verwandtschaftlichen Beziehungen der in Eulau Bestatteten bis auf den Nachweis einer Kernfamilie aufzudecken und die soziale Struktur der Gesellschaft zu erhellen, welche exogam und patrilokal organisiert war.",1,289453,2008,1
"Dynamik der Unternehmensgründung Von den 45.782 Unternehmen wurden 73,4 Prozent in den vergangenen zehn Jahren gegründet.",0,49485,2002,1
"Aber auch dem Bereich Beratung und Soziale Dienste wird von 69,1 % der Hochschulen entsprechende Bedeutung zugemessen, der Kinderbetreuung von immerhin 57,4 %.",0,457854,2012,1
"+41 61 267 35 41, E-Mail: olivier.pertz@unibas.ch",0,606446,2014,1
"Die ausführlichen Ergebnisse finden sich in einem Beitrag unter dem Link <www.hvbg.de/d/bia/pub/grl/2006_003.pdf> Allgemeine Empfehlungen Grundsätzlich werden betroffenen Arbeitnehmern folgende Schutzmaßnahmen empfohlen: o	Körperbedeckende Arbeitskleidung (Einmalschutzanzüge) möglichst mit Kapuze (die Haare vollständig abdeckende Kopfbedeckung) o	Desinfizierbare Stiefel (Gummistiefel) o	Flüssigkeitsdichte, desinfizierbare Schutzhandschuhe o	Atemschutzhaube TH2P oder TH3P mit Warneinrichtung oder partikelfiltrierende Halbmaske FFP 3 mit Ausatemventil o	Augenschutz Alternativ können auch ein belüfteter Staubschutzanzug vom Typ 5 bzw. ein Kontaminationsschutzanzug eingesetzt werden.",0,147560,2006,1
Ein Impfschutz im Nachhinein ist deshalb auch für die verbreiteten chronischen Infektionen mit Hepatitis-Viren nicht möglich.,1,528341,2013,1
"Das produzierende Gewerbe hingegen hat durchweg eine Abnahme der Beschäftigten hinzunehmen, am stärksten in den Städten Würzburg und Schweinfurt, dort sogar jeweils um minus zwei Prozent.",3,49485,2002,1
Quartal 2014 wurden 1.505 Interviews geführt.,0,578477,2014,1
"Auf der Web-Oberfläche zum Maildienst und Organizer-Funktionen der Universität Tübingen – <https://webmail.uni-tuebingen.de> – gibt es nun die Möglichkeit, sich per Handy statt per Passwort einzuloggen; der Benutzer muss sich Passwort und Benutzername nicht mehr merken – das überlässt er seinem Handy.",0,423983,2011,1
Nach demselben Prinzip können sich Internetnutzer — egal ob von Zuhause aus oder im Büro — nun unter der genannten Adresse einmal anmelden und sind so in einem selbst definierten Zeitraum für die Nutzung vieler Online-Dienste autorisiert.,0,520287,2013,9
Hier kann man von erfolgreichen Unternehmen viel über modernes und schlankes Management lernen.,1,74604,2004,9
"Um per Computer abzubilden, wie das menschliche Gehirn funktioniert, braucht es künftig keine Informatik-Spezialisten mehr: Wissenschaftler der Professur Künstliche Intelligenz der Technischen Universität Chemnitz haben einen Simulator entwickelt, der die Aktivität von Neuronen darstellt.",0,641187,2015,9
"Mit der im fünften Jahr vergebenen Auszeichnung sollen hervorragende Leistungen in der Hochschullehre gewürdigt und ein Anreiz geschaffen werden, sich vermehrt in der Lehre zu engagieren.",1,67025,2003,9
"Bemerkenswert: Die seit 1993 jährlich verliehene und mit 2000 US-Dollar dotierte Auszeichnung ging sogar erstmals an europäische Wissenschaftler, in diesem Fall an Professor Eling und seine Koautorin Dr. Ines Holzmueller, früher ebenfalls in St. Gallen und jetzt für eine internationale Unternehmensberatung tätig.",2,360373,2010,9
Wann ist ein Text eigentlich ein „guter“ Text?,0,597902,2014,9
"BfN veröffentlicht ökonomische Studie zum naturnahen Hochwasserschutz Nach dem Hochwasser ist vor dem Hochwasser - Renaturierung von Auen ist ökologisch und ökonomisch sinnvoll Bonn, 18. August 2010: Die jüngsten Hochwasser an Neiße und Spree zeigen, dass Hochwasserschutzmaßnahmen weiter ein Thema bleiben werden.",3,382914,2010,9
Die Franzosen (80%) belegen Rang 3.,0,263257,2008,9
"Die haushalts- und personenbezogenen Dienstleistungen - Gesundheit und Soziales; Gastronomie und Tourismus; Erziehung und Bildung; Medien, Kultur, Freizeit - haben sich in den letzten zwanzig Jahren zum mit Abstand beschäftigungsintensivsten Bereich des Dienstleistungssektors entwickelt.",1,57966,2003,9
"Die Bedeutung der Forschung zur Gestaltung des digitalen Wandels erläuterte Prof. Dr. Wolf-Dieter Lukas, Leiter der Abteilung Schlüsseltechnologien – Forschung für Entwicklung im Bundesministerium für Bildung und Forschung, zur Eröffnung der Konferenz.",1,645155,2016,9
Das MZES gehört international zu den Top- Einrichtungen im Bereich sozial- und politikwissenschaftlicher Europa-Forschung.,2,51950,2002,9
Diese erfolgreiche Zusammenarbeit von dwh GmbH und TU Wien wurde nun am 19. März im Rahmen des „science2business Award 2013“ mit dem Janssen Special Award ausgezeichnet.,1,524655,2013,9
"„Erfreulicherweise beteiligten sich an der Erstellung der vorliegenden Zusammenschau nicht nur der Bund und alle Länder sondern auch wieder die größten im Naturschutz tätigen Verbände und Stiftungen“, resümierte die Präsidentin des Bundesamtes für Naturschutz, Prof. Dr. Beate Jessel.",2,477839,2012,9
"Die Schätzung der Wissenschaftler zeigt vielmehr, dass der Anteil der Mathematiklehrerinnen an allen Mathematiklehrkräften in der Sekundarschule keinen Einfluss auf die Leistungsunterschiede von Jungen und Mädchen im Fach Mathematik hat.",3,411685,2011,9
"Daher sieht Prof. Kaderali hier sehr gute Entwicklungsmöglichkeiten in Deutschland: ""Auf dem Gebiet der Sicherheit in der Informationsgesellschaft können wir eine führende Position einnehmen.""",1,18127,2000,9
"Die jeweiligen Begriffe werden stets im Satzkontext geübt, der überdies mit einem Audio unterlegt ist.",0,638655,2015,9
"Die CTR wurde 1997 gegründet, hat bisher über 75 Patente realisiert, forscht in regionalen, nationalen und internationalen F&E Projekten und ist Mitglied der FORSCHUNG AUSTRIA.",0,629995,2015,6
"Viele Fortschritte waren insgesamt für die Ergebnisse nötig: akkurate Kernkräfte, ausgeklügelte Rechenalgorithmen und moderne Hochleistungsrechner.“ Die Rechnungen wurden auf dem stärksten Supercomputer der USA, Titan am Oak Ridge National Laboratory, und am Jülich Supercomputing Center gemacht.",0,640713,2015,6
"Es geht Krähnke weniger um eine Definition, was Selbstbestimmung an und für sich bedeutet.",1,206192,2007,6
Laut Studie haben Unternehmen mit besonders flexiblen Organisationsformen im Mittel 33 neue Mitarbeiter eingestellt.,1,82470,2004,6
"Das gelte für die mit dem ""Best Paper Award"" der Zeitschrift Variance ausgezeichnete Publikation ""Management-Strategien und Dynamische Finanzanalyse"" ebenso wie für einen weltweiten Vergleich verschiedener Versicherungsaufsichtssysteme, den die nationale US-Versicherungsaufsichtsbehörde mit dem Spencer L. Kimball Award gewürdigt hat.",0,360373,2010,6
"+41 58 765 41 30, ayodhya.tiwari@empa.ch",0,427359,2011,6
"Um die Konjunktur der Selbstbestimmungsidee zu analysieren, kombiniert Krähnke in seinem Buch Methoden der Ideengeschichte, der Sprachanalyse, der Mediensoziologie und der Diskursanalyse.",0,206192,2007,6
"Ein Frühling, der ins Wasser fiel, Fröstel-Temperaturen und Überschwemmungen in weiten Teilen des Landes – all das hat die Zuversicht der Bundesbürger nicht trüben können: 34 Prozent der Menschen sind im zweiten Quartal 2013 zuversichtlich, wenn es um die Zukunft Deutschlands geht.",1,539689,2013,6
Dies schafft Wettbewerbsvorteile für Deutschland.,0,236917,2007,6
Vor diesem Hintergrund befasst sich die vom Bundesamt für Naturschutz (BfN) an der Internationalen Naturschutzakademie Insel Vilm des BfN vom 27.,0,222917,2007,6
"Dort veranlasst ein elektrischer Impuls der präsynaptischen Nervenzelle – also derjenigen, von der der Reiz ankommt – das Freisetzen bestimmter Botenstoffe.",0,527781,2013,4
Das ist ein Ergebnis des aktuellen Marktmonitors Immobilien 2015.,1,635265,2015,4
Denn zu den Kernzielen dieser Bewegung zählte schon immer der Angriff auf Menschen und Institutionen im Ausland.,1,642209,2015,4
"Kleine Acetylgruppen dienen dabei als molekulare Schalter, mit denen die Zelle die Zugänglichkeit und damit die Aktivität von Genen regulieren kann.",0,645149,2016,4
"Wir glauben, dass die Krebsstammzelle als therapeutische Zielzelle die Tumortherapie in den kommenden Jahren revolutionieren wird.“ Das Buch beleuchtet deshalb vor allem die differenzierte Notwendigkeit, wie und mit welchen Möglichkeiten Tumorstammzellen eliminiert werden können, damit die Rezidivhäufigkeit und die Wahrscheinlichkeit einer Metastasierung vermindert werden.",2,521587,2013,4
"Weil ein Aufnahmeanspruch besteht und Kündigungen wegen Beitragsrückständen kaum möglich sind, werden ""individuelle Optimierungskalküle"" auf Kosten der Versichertengemeinschaft attraktiver: So könnten manche Nichtversicherte erst dann Versicherungsschutz suchen, wenn sie gesundheitliche Beschwerden haben - oder freiwillig Versicherte die Beitragszahlungen einstellen, wenn es finanziell eng wird.",0,291121,2008,4
"Der deutsche Maschinenbau ist Weltspitze - dank seiner Fähigkeit, kundenspezifische Produktionsausrüstungen zu entwickeln, die höchste Anforderungen an Qualität, Präzision und Flexibilität erfüllen.",1,218958,2007,4
"Anhand von entsprechenden Computersimulationen konnten die Forscher das langfristige Gleichgewicht zwischen produzierenden und «Trittbrettfahrer»-Zellen berechnen und die Vorhersage dann im Experiment an Krebszellen der Bauchspeicheldrüse testen, wo sie sich bestätigte.",0,622360,2015,4
"Die interdisziplinären Forschungsgruppen konzentrieren sich auf neue Technologien, Industrie- und Serviceinnovationen, Energiepolitik und nachhaltiges Wirtschaften sowie auf die Dynamik neuer Märkte und die Innovationspolitik.",0,161084,2006,4
"Unter Hypermutation versteht man eine erheblich erhöhte Mutationsrate: Die Gene, die die spezifischen Antikörper codieren, mutieren um das eine Million-Fache häufiger als die Gene anderer Zellen.",0,183449,2006,4
"Ein weiterer Schwerpunkt liegt auf Methoden und Instrumenten zur Erfassung, Bewertung und Steuerung einer Nachhaltigen Entwicklung.",0,29413,2001,4
"Diese Theorie erklärt eine große Zahl von experimentellen Ergebnissen der Neurowissenschaft und Kognitionswissenschaft, so die Forscher.",0,450038,2011,4
"Nicht einmal jeder fünfte befragte Bayer weiß bislang, wann der Volksentscheid stattfinden wird.",1,373678,2010,4
"Daher sieht Prof. Kaderali hier sehr gute Entwicklungsmöglichkeiten in Deutschland: ""Auf dem Gebiet der Sicherheit in der Informationsgesellschaft können wir eine führende Position einnehmen.""",0,18127,2000,4
"In der Gruppe der Dienstleistungsunternehmen sind die Bereiche Informationswirtschaft (23,4 Prozent) und Finanzdienstleistungen (26,3 Prozent) am stärksten vertreten.",0,49485,2002,4
"Anknüpfend an diese ermutigenden und vielversprechenden Ergebnisse und eine gelungene Kooperation zwischen THW und FKIE kann man gespannt sein, mit welchen Ideen die Forschungsgruppe Unbemannte Systeme das Potenzial des Schreitbaggers weiter ausbauen wird.",1,573510,2014,4
„Angesichts dieser Schubkraft und der bundesweit besten Beschäftigungsquote vertrauen die Menschen in Bayern und Baden-Württemberg auf den künftigen Wohlstand ihrer Region.,0,552113,2013,4
"Für die Industrie sollten Anreize geschaffen werden, diese neuen Markerimpfstoffe (Lebendimpfstoffe) zur Marktreife zu führen.",0,228192,2007,4
"Auf tatsächliche Implementierung übertragbarer Sicherheitsbeweis Hier setzt Grandys Doktorarbeit an: Sie führt - basierend auf Theorien zur formalen Verfeinerung von Systemen - bisherige Verifikationsansätze bis zur Codeebene fort und liefert als Hauptergebnis eine Spezifikations- und Verifikationsmethodik, die es erlaubt, formale Beweise für die Sicherheit von Anwendungen auf einem Modell zu führen und diese dann formal korrekt auf eine tatsächliche Implementierung des Systems zu übertragen.",1,286442,2008,4
"„Die Besonderheiten des deutschen Mittelstands lassen sich jedoch weder einfach kopieren noch in kurzer Zeit auf kulturell und wirtschaftlich anders geprägte Länder übertragen.“ Die Gründe: Eine wesentliche Stärke der mittelständischen Unternehmen besteht in ihrer festen Verankerung in den jeweiligen Heimatregionen und in den langfristigen, konsensorientierten Beziehungen, die sie zu den wichtigsten Stakeholdern unterhalten.",0,547677,2013,4
"Frühere Experimente zeigten bereits, dass die gentechnisch im Labor hergestellte Tre-Rekombinase als bisher einzige Therapiestrategie das HIV-Erbgut aus infizierten Wirtszellen wieder entfernen und dadurch die Infektion rückgängig machen kann.",1,553802,2013,4
"In den einzigen Wirtschaftszweigen mit Arbeitsplatzverlusten – Finanzdienstleistungen, öffentliche Verwaltung und Energiewirtschaft – spielen Niedriglöhne dagegen kaum eine Rolle.",1,637553,2015,4
"„Insbesondere in Familien-geführten Unternehmen können die Arbeitnehmer und sonstigen Stakeholder darauf vertrauen, dass strategische Entscheidungen langfristig angelegt – und nicht auf kurzfristig erreichbare Erfolge ausgerichtet sind“, erläutert die IfM-Präsidentin.",0,547677,2013,4
"Einigkeit nur in der sinkenden Zuversicht für die Zukunft des Landes Geteilt sei die Stimmung im Land auch mit Blick in die Zukunft: Bundesweit am zuversichtlichsten für ihr zukünftiges persönliches Leben seien die Befragten in Hamburg (70%) und in Niedersachsen (69%), während in Thüringen die wenigsten Interviewpartner hoffnungsvoll in die Zukunft schauten (26%).",0,280861,2008,4
"„Beim Beschäftigungswachstum hat Niedersachsen zuletzt bundesweit vorn gelegen“, sagt Prof. Dr. Brettschneider von der Universität Hohenheim.",0,456995,2011,4
"Staatsminister Dulig sagte dazu: „Unser aktuelles und künftiges Ziel ist es, KMU mittels Maßnahmen wie der InnoPrämie und dem Innovationsassistenten-Programm zu motivieren und das Wachstum der FuE-Gesamtaufwendungen anzukurbeln.“ Insgesamt scheint der Freistaat laut ifo Konjunkturprognose 2014/2015 auf einem guten Kurs zu sein: Das prognostizierte Wirtschaftswachstum liegt mit 1,8 Prozent über dem deutschen Durchschnitt von 1,5 Prozent.",3,634555,2015,4
"Beteiligt waren auch das Zoologische Institut der Universität Greifswald, das Institut für dauerhaft umweltgerechte Entwicklung von Naturräumen der Erde (DUENE) e.V.",0,81586,2004,4
In kurzen Beiträgen berichten die verschiedenen Institutionen - staatliche und nichtstaatliche Einrichtungen - über ihre wesentlichen Aktivitäten und größten Erfolge im zurückliegenden Jahr.,1,532272,2013,4
"Darüber hinaus entdeckt László Székelyhidi in der Rubrik ""Tellerrand"" neuen Mut zur Begeisterung für die (eigene) Wissenschaft: die Neugierde auf das Unverstandene und die Lust an Entdeckungsmomenten.",0,299845,2009,4
Sie zerfallen mit einer Halbwertszeit von circa zehn Minuten und hinterlassen dabei ein Proton.,0,628280,2015,4
Das ergab eine repräsentative Befragung des WSI.,0,76420,2004,4
"In vielen Fällen nehmen nicht die Staats- und Regierungschefs, sondern die Fachminister eines bestimmten Ressorts an der Abstimmung teil.",0,635584,2015,4
"Der Arbeitskreis ""Aufbau und Optimierung des internationalen Dienstleistungsgeschäfts"" ist Teil des Verbundprojekts ""Standard:IS - Dienstleistungsstandards in erfolgreichen Internationalisierungsstrategien"".",0,264131,2008,4
Das Bundesministerium für Bildung und Forschung (BMBF) hat das Projekt im Rahmen der Forschungs- und Entwicklungsarbeiten zur Erhaltung von Offenlandbiotopen unter Beachtung naturschutzfachlicher Konzepte im Biotop- und Artenschutz gefördert.,0,81586,2004,4
"Nach dem psychoanalytischen Konzept des ""dynamischen Unbewussten"" geht es um unbewusste Fantasien und Konflikte, die oft unerkannt menschliches Verhalten determinieren.",0,310871,2009,4
"Umgekehrt konnte gezeigt werden, dass eine medikamentöse Aktivierung des identifizierten Rezeptors eine Osteoporose im Experiment vollständig heilen kann.",2,526239,2013,4
‚Beutetraining‘ im Labor Schützenfische leben vor allem in tropischen Brackwassergebieten.,0,602027,2014,4
"Es würden zwar inzwischen deutschland- und weltweit zahlreiche derart bezeichnete Projekte durchgeführt und gefördert, doch handele es sich zumeist nur um sogenannte Bioraffinieren, in denen allein Strom, Wärme, Biogas, Biodiesel oder einzelne chemische Materialien hergestellt würden, zumeist auch ohne Berücksichtigung der dauerhaften Rohstoffsicherheit.",0,554850,2013,4
"„Aus der hohen Haltewahrscheinlichkeit in der Tormitte wurde manchmal geschlossen, dass Torwarte zu oft nach einer Seite springen, weil sie Aktion zeigen wollen.",0,595386,2014,4
"""Das BMBF hat mit der 1995 gestarteten Initiative ""Dienstleistungen für das 21. Jahrhundert"" und dem Förderprogramm ""Innovative Dienstleistungen"" das öffentliche Bewusstsein über die strategische Bedeutung von Dienstleistungen für die Zukunftssicherung des Standortes erheblich verändert.""",1,232633,2007,4
*	Vier von fünf Betriebsräten halten eine Flankierung der Tarifpolitik durch einen gesetzlichen Mindestlohn für sinnvoll.,0,76420,2004,4
"Immunglobuline sind körpereigene Eiweiße, die mit einem Ende an ganz bestimmte Fremdkörper andocken können.",0,191915,2007,4
"In der Betrachtung von Sponsoringpartnerschaften wie zwischen Wiesenhof und Werder Bremen oder Gazprom und dem FC Schalke 04, erweist es sich als kritisch, dass diese über die niedrigsten Sponsor-Fit-Werte aller in der Sponsoringstudie analysierten Sponsoringengagements verfügen.",1,599984,2014,4
"Es sei jedoch auch nachweisbar, dass sich unter solchen Kontakten immer sehr gut vernetzte Personen befinden, die wiederum von sehr vielen Personen angefragt würden.",1,478424,2012,4
Der alte Weltrekord über 100 m lag bei 4 Gbit/s.,0,608398,2014,4
Die Patent- und Verwertungsagentur Provendis GmbH und der Patentverbund der NRW-Hochschulen suchen die 'Besten der Guten': Erfindungen mit hohem Innovations- und Marktpotenzial sollen auf ihrem Weg in die Produktionsreife intensiv gefördert werden.,1,81087,2004,4
Die MARGO-Rekonstruktion und die Ergebnisse der Klimamodelle zeigen in der globalen Absenkung der eiszeitlichen Meeresoberflächentemperaturen eine gute Übereinstimmung.,0,296984,2009,4
"Insbesondere das Konzept des „Schulklimas“ fand große Beachtung und es wird angenommen, dass das soziale Klima im Unterricht und in der Schule einen entscheidenden Einfluss auf das Auftreten schulischer Gewalt hat.",1,530560,2013,4
"Das Heft ist kostenlos zu beziehen beim Bundesinstitut für Berufsbildung, A 1.2 / Veröffentlichungen, Friedrich-Ebert-Alle 38, 53113 Bonn Tel.",0,56332,2002,4
"Das Prinzip der „doppelten Mehrheit“ Im EU-Vertrag von Lissabon ist festgelegt, wie der EU-Ministerrat abstimmen muss, damit eine gültige Mehrheitsentscheidung zustande kommt.",0,635584,2015,4
"Dabei sei der Umgang mit Gleichaltrigen und insbesondere Freunden besonders wichtig, sagt Keller, denn so lernen Kinder, Konflikte miteinander auszuhandeln anstatt Angebote von sozial kompetenteren Erwachsenen zu übernehmen.",0,53001,2002,4
"Schmerz, insbesondere der chronische Schmerz, ist ein Gesundheitsproblem von immensem sozioökonomischem Ausmaß.",1,272947,2008,4
Die in dem Bericht geforderte Ausweisung von Schutzstreifen (Pufferstreifen) zwischen den Wirtschaftsflächen und angrenzenden naturnahen Biotopen stellt eine weitere zentrale Anforderung an die nachhaltige Ausgestaltung der Agrarlandschaft dar.,0,42737,2001,4
"Um ein breites Spektrum physikalischer und technischer Möglichkeiten zu beleuchten, liegen ihnen jedoch unterschiedlich weit in die Zukunft greifende Extrapolationen der heutigen Plasmaphysik und Technologie zugrunde.",0,145375,2006,4
Technische Einzelheiten finden Sie auf den SPEC-Webseiten <www.spec.org> oder beim Hersteller des Rechners unter <www.sgi.com/company_info/newsroom/press_releases/2009/september/spec.html> Das Leibniz-Rechenzentrum (LRZ) der Bayerischen Akademie der Wissenschaften auf dem Forschungscampus in Garching ist der Dienstleister auf dem Gebiet der Informationsverarbeitung für die Münchner Hochschulen.,0,335764,2009,4
"Denn sie ist seiner Ansicht nach mehr als nur ein „Wettbewerbsvorteil, sondern in der globalisierten Welt sogar ein Überlebensfaktor“ – oder wie Tröndle formuliert: „Ästhetik als Strategie“.",1,467617,2012,4
"Was Qualitätssicherungssysteme betrifft, sind in den untersuchten Ländern sowohl Modelle studiengangsbezogener wie institutioneller Akkreditierung und Qualitätsbewertung als auch Quality Audits feststellbar.",0,80753,2004,4
"„Wir können das nun mathematisch nachweisen“, erklärt Friedrich, der im Exzellenzcluster die Nachwuchsgruppe „Random Structures and Algorithms“ leitet.",0,478424,2012,4
"Ein umfassendes weltweites Programm zum Schutz der Wälder würde 77 Milliarden Tonnen CO2-Ausstoß bis 2100 einsparen; zugleich würde es aber die Ausweitung landwirtschaftlicher Flächen in Gebiete ohne Bewaldung anstoßen, was laut der Studie zu einer Freisetzung von 96 Milliarden Tonnen CO2 führen könnte.",0,613168,2014,4
"Bundesweit am größten sei der gefühlte Unterschied zwischen den Nachbarländern Niedersachsen und Sachsen-Anhalt: ""Während im alten Bundesland 64 Prozent der Menschen ihre persönliche aktuelle Lage als ""gut"" oder ""sehr gut"" empfinden, können das im neuen Bundesland lediglich 37 Prozent der Bürger bestätigen"", erklärt Studienleiter Prof. Dr. Frank Brettschneider vom Lehrstuhl für Kommunikationswissenschaft der Universität Hohenheim.",0,280861,2008,4
"Insgesamt erkennbar ist ein Zusammenhang zwischen dem allgemeinen Grad der Zuversicht eines Menschen und der freudigen Erwartung der Fußball-Europameisterschaft: ""Grundsätzlich positiv gestimmte Menschen werden auch eher vom Fußball-Fieber angesteckt"", so Prof. Frank Brettschneider von der Universität Hohenheim, der die Allianz Zuversichtsstudie wissenschaftlich begleitet.",0,263257,2008,4
Auch die Lage Deutschlands insgesamt schätzen die meisten Bundesbürger im kommenden Jahr skeptischer ein als beim Jahreswechsel 2011.,0,456995,2011,4
Ziel der Forschungsarbeiten war vor allem die Nutzung neuer Techniken und intelligenter Anwendungslösungen der Automatisierungstechnik und Be-triebswirtschaft zur Verkürzung von Entwicklungszeiten.,0,27629,2000,4
"""Neue Wohlstandsmodelle"" und ""mehr Lebensqualität"" für heutige und zukünftige Generationen setzen voraus, dass der Zusammenhang zwischen der Erhaltung der natürlichen Lebensgrundlagen, der Sicherung des persönlichen Lebensunterhalts und einer gerechteren Verteilung von Lebenschancen in Analyse und gesellschaftlicher Praxis mehr beachtet wird als bisher.",0,57172,2002,4
Bis zu 8% der Patienten zeigen nach einem Knochenbruch eine verzögerte Heilung.,0,180280,2006,4
"Denn Naturschutz ist eine Aufgabe, die die gesamte Gesellschaft betrifft“, sagte BfN-Präsidentin Jessel Das Themenheft kann beim Bundesamt für Naturschutz, Presse und Öffentlichkeitsarbeit, Konstantinstraße 110, 53179 Bonn; Tel.",0,477839,2012,4
"Hintergrundinformationen zum Forschungsprojekt Seit 1997 gibt es am UFZ das Forschungsprojekt ""Nachhaltige Wasserbewirtschaftung und Landnutzung im Elbeeinzugsgebiet"", in dem Wissenschaftlerinnen und Wissenschaftler der verschiedensten Fachrichtungen (Hydrogeologie, Bodenforschung, Ökosystemanalyse, Angewandte Landschaftsökologie, Ökologische Ökonomie und Umweltsoziologie) zusammenarbeiten.",0,15100,1999,4
Dieser Frage ist die Allianz Deutschland AG in Zusammenarbeit mit der Universität Hohenheim in einer Untersuchung erstmals wissenschaftlich nachgegangen.,0,236723,2007,4
Die Arbeiten wurden vom Bundesministerium für Bildung und Forschung im Rahmen der Projekte „Bernstein-Zentrum Berlin“ und „Bernstein-Fokus Lernen: Gedächtnis und Entscheidungsfindung“ finanziert.,0,411024,2011,6
"Um den Vergleich mit anderen deutschen Ländern zu ermöglichen, wird der „Sächsische Innovationsindex SIX“ verwendet, der aus den vier Teilindices „Bildung“, „Forschung und Entwicklung“, „Innovationsinput der Unternehmen“ und „Innovationsoutput der Unternehmen“ besteht.",0,634555,2015,6
"Auch im universitären Sektor nimmt Sachsen eine Vorreiterrolle ein: Die Professoren an sächsischen Universitäten werben im Ländervergleich die meisten Drittmittel ein, unter anderem auf Grund der hohen Kooperationsneigung kleiner und mittlerer Unternehmen (KMU), die auf umfassende Innovationsstrategien setzen.",3,634555,2015,6
"Die Experten sind sich jedoch einig, dass die kommende Einführung der Eurocodes durch die einzelnen Mitglieder der Europäischen Union die beste Gelegenheit für eine erste Anwendung darstellt.",0,51804,2002,6
"), Peter Schumacher (President & CEO der Value Leadership Group Inc.)",0,512738,2012,6
"Beispielsweise kostet es in diesem Szenario für einen Content Provider mehr, wenn ein Endnutzer einen Film in HD-Qualität in der Spitzenzeit am Abend herunterlädt als in den frühen Morgenstunden oder sogar innerhalb einer 24-stündigen Periode.",0,406613,2011,6
Zu den wissensorientierten Dienstleistungen gehören beispielsweise die (nicht-)technische Beratung und Forschung sowie die Kommunikationsberufe.,0,534515,2013,6
"Auch Architekten, Krankenhausplaner, Leistungserbringer und Kostenträger bietet das Zukunftsthema wichtige Vorteile – von der Geschäftsfelderweiterung, Wettbewerbsdifferenzierung und Marktpositionierung über Energie- und Kosteneinsparungen bis hin zu Effizienz-, Qualitäts- und Imagesteigerungen.",0,451418,2011,6
"Vor allem steht einer verbesserten Sicherheit der große Mangel an Experten für Netzsicherheit entgegen: ""Der Personalmarkt ist in der Informationstechnologie leer gefegt, es fehlen qualifizierte Leute.""",3,18127,2000,6
"Neue Verfahren der Brandbekämpfung, Messsysteme zur Fluchtwegermittlung und neue Luftrettungskonzepte sind Ergebnisse der zivilen Sicherheitsforschung.",0,632087,2015,6
Die Wissenschaftler der Abteilung für Experimentelle Pneumologie unter der Leitung von Professor Dr. Ulrich A. Maus veröffentlichten ihre Erkenntnisse über diesen Mechanismus der angeborenen Immunabwehr in der aktuellen Ausgabe des renommierten Journal of Experimental Medicine.,0,502305,2012,6
3 1/2-stündigen Gedankenaustausch eingeladen.,0,74604,2004,6
So ist zum Beispiel die Zuversicht beim Umwelt- und Klimaschutz um acht Prozentpunkte und damit am stärksten gewachsen.,1,456995,2011,6
"Auf dieser Basis haben Dr. Johannes Siebert, Wirtschaftswissenschaftler an der Universität Bayreuth, sowie Prof. Detlof von Winterfeldt und Prof. Richard John an der USC die Ziele der IS-Führung und die Ziele der IS-Anhänger herausgearbeitet und miteinander verglichen.",0,642209,2015,6
"Dabei haben sie erforscht, welche Faktoren für den Erfolg des Engagements ausschlaggebend sind.",0,523135,2013,6
"Impfstrategien sollten somit zukünftig daraufhin optimiert werden, eine ausreichende Anzahl dieser hochbeweglichen und kooperativ angreifenden Killer-T-Zellen zu generieren.",1,645813,2016,6
Und wann gelten eine Zeichnung oder ein Bild als gelungen?,3,597902,2014,6
Und wie viele Durchgänge pro Übung wirken sich am günstigsten aus?,1,585542,2014,6
"Sie behält sich deshalb die Möglichkeit vor, bestimmte Projekte, die zu den Bereichen Energieeffizienz und Solarenergie gehören, getrennt zu finanzieren.",0,470419,2012,6
"Zu diesem Schluss kommt das Fraunhofer-Institut für System- und Innovationsforschung in Karlsruhe, das gemeinsam mit vier internationalen Instituten für die Europäische Union Schutzmaßnahmen in einer Welt mit intelligenten Umgebungen untersucht hat.",0,185027,2006,6
""", die das BIBB gemeinsam mit dem Institut für Entwicklungsplanung und Strukturforschung an der Universität Hannover (IES) und der Sozialwissenschaftlichen Forschung und Beratung, München, im Leibnizhaus in Hannover am 20. November 2002 durchgeführt hat.",0,56332,2002,6
Die Häufungen von „Jahrhunderthochwassern“ an verschiedenen Flüssen in Verbindung mit ei-nem gesteigerten Bewusstsein für den Wert von Artenvielfalt haben die gesellschaftliche Wert-schätzung von Naturschutzmaßnahmen an Flüssen gesteigert.,1,462603,2012,6
"Diese Seuchen werden in der Europäischen Union durch Tilgungsmaßnahmen, zu denen auch die Tötung von Tierbeständen zählt, bekämpft.",1,228192,2007,6
Dennoch sehen alle drei Länder eine koordinierte europäische Außenpolitik schon als Gegengewicht zu den USA als erstrebenswertes Ziel.,3,141817,2006,6
Im Mittelpunkt der Arbeit stehen die Google-Suchmaschine und ihr enormes Machtpotenzial mit über 80 Prozent aller Suchanfragen weltweit und über 90 Prozent in Deutschland sowie die Ambivalenz der von Google angebotenen sonstigen Dienste mit Blick auf deren individuelle und gesellschaftliche Konsequenzen.,2,603888,2014,6
"Aufgrund der Besonderheiten des Dienstleistungssektors (vorwiegend kleine Unternehmen, hohe Selbstständigenquote etc.) sind nach Ansicht der Würzburger Wirtschaftsforscher folgende Aktionen empfehlenswert: * Unterstützung bei der Bildung von Netzwerken, da vor allem kleine Unternehmen zur Stärkung und Erhaltung ihrer Wettbewerbsfähigkeit zeitweise auf Kooperationen in virtuellen Unternehmen angewiesen sind.",0,49485,2002,6
"Der BIBB-Präsident hob den hohen Praxisbezug der beruflichen Bildung und die enge Zusammenarbeit mit Bund, Ländern, Arbeitgeber- und Arbeitnehmerverbänden bei der Gestaltung neuer Berufsbilder hervor.",1,315033,2009,6
"Ein solches System könnte wie folgt funktionieren: Jedes Mal, wenn ein Nutzer Internet-Inhalte „liked”, könnte er auch zustimmen, eine kleine Menge der ungenutzten Rechenleistung seines PCs zu spenden.",0,631033,2015,6
Der Stiftung sollten auch Mitspracherechte bei der Ausgestaltung der Gesetzlichen Krankenversicherung (GKV) eingeräumt werden.,3,57215,2002,6
"Wie elektronische Dokumente beweissicher aufbewahrt werden können, wurde unter wesentlicher Beteiligung der Projektgruppe verfassungsverträgliche Technikgestaltung (provet) im Forschungszentrum für Informationstechnik-Gestaltung (ITeG) der Universität Kassel unter Leitung von Prof. Roßnagel nachgewiesen.",3,141418,2005,6
So wurde an lediglich 20 Prozent der anspruchsberechtigten Arbeitslosen in Westdeutschland und an 37 Prozent der anspruchsberechtigten Arbeitslosen in Ostdeutschland ein Gutschein ausgegeben.,1,162574,2006,6
- so ein Zitat aus dem Abschlußbericht der Experten.,0,47188,2002,6
"Das Ergebnis: Für beide Calcium-Isotope ergab sich – wie von den Physikern vorhergesagt – eine erheblich größere Bindungsenergie, als man aufgrund der Massentabellen erwarten konnte.",1,489746,2012,6
"Dennoch schätzen die Weiterbildungsanbieter in Deutschland ihre aktuelle und zukünftige wirtschaftliche Situation deutlich positiver ein als das übrige Dienstleistungsgewerbe, für das der ifo Geschäftsklimaindex zeitgleich ein Abrutschen ins Negative ermittelt hat.",3,340010,2009,6
Im nächsten Schritt soll das System nun die Fähigkeit des natürlichen Sehsystems nachbilden und die Umwelt direkt visuell erfahren.,0,63215,2003,6
Die höchsten Innovationserfolge mit Prozessinnovationen erzielten im Jahr 2005 die Elektroindustrie und die EDV/Telekommunikation in Bezug auf Kosteneinsparungen sowie der Fahrzeugbau und die Instrumententechnik in Bezug auf Umsatzsteigerungen als Folge von Verbesserungen in der Produktqualität.,1,203117,2007,6
"Was gesetzliche Regelungen betrifft, plädieren sie dafür, Besonderheiten von Unternehmen und Unterschiede zwischen ihnen zu berücksichtigen.",0,447042,2011,6
"""Im Hochleistungssport spielt Perfektionismus eine wichtige Rolle.",0,282648,2008,6
Dies wird nur von einem wesentlich geringeren Anteil der Hochschulen (28 %) bestätigt; die Hochschulen denken bei Studentenwerken in erster Linie ebenfalls an ‚Service für alle Studierende‘ (knapp 80 %).,1,457854,2012,6
"Neue Ansätze zur Behandlung von Hautkrebs – die im Workshop angesprochen wurden – setzen darauf, die Immunabwehr der Haut durch gezielte Stimulation in die Tumorbekämpfung einzubeziehen.",1,441462,2011,6
"Mit dem technischen Fortschritt vollzieht sich zudem ein Kulturwandel, der die Bewertung von Leistung statt von Anwesenheit in den Vordergrund rückt und Frauen dabei unterstützt, ihr Berufsleben selbstbestimmt zu gestalten und mit ihren Familienaufgaben in Einklang zu bringen.",3,633285,2015,6
Dieser als Carbon Leakage bekannte Effekt besteht normalerweise in einer möglichen Verschiebung des Ausstoßes von Treibhausgasen aus einem Land in ein anderes.,3,613168,2014,6
Innovative Mobilitätskonzepte und neue Denkansätze zeigen außerdem die ABM Greiffenberger Antriebstechnik GmbH/Marktredwitz die Technische Federnfabrik Raithel & Co./Weißenstadt sowie die Weidunger GmbH/Eichenau.,0,580907,2014,6
"Spitzenforschung in den Nanowissenschaften: Sonderforschungsbereich 277 ""Grenzflächenbestimmte Materialien"" wird erneut verlängert - Erste Ergebnisse und Ausblick in die Zukunft - Der Sonderforschungsbereich 277 ""Grenzflächenbestimmte Materialien"" geht mit neun Teilprojekten zu Synthese, Charakterisierung, physikalischen Eigenschaften und Modellierung nanokristalliner Materialien in die vierte Runde.",1,73369,2003,6
"75 Prozent der befragten Frauen geben an, dass ein Mentor das berufliche Weiterkommen positiv beeinflusst, nur ein Viertel kann jedoch auf diese wertvolle Unterstützung in ihrem Unternehmen zurückgreifen.",3,333178,2009,6
Grundsätzlich sollen alle neuen und bereits vergüteten Leistungen der gesetzlichen Krankenversicherung Gegenstand von HTAs sein können.,3,470200,2012,6
Auch in den Jahren 2005 und 2006 ist in den Dienstleistungsbranchen mit leicht fallenden Innovationsaufwendungen zu rechnen.,1,148680,2006,6
"Das ExpertInnenforum soll den Grundstein legen für einen vertiefenden Erfahrungsaustausch, dessen Ergebnisse voraussichtlich Anfang 2016 der Öffentlichkeit präsentiert werden.",3,633285,2015,6
"Mehr Zeit ist kein Ersatz für zielbewusste Entscheidungsfindung Ließe sich ein derartiger Effekt auch dadurch erreichen, dass Menschen einfach mehr Zeit eingeräumt wird, um eine Entscheidung vorzubereiten?",2,637479,2015,6
"Die Wundkammer ist mit einem Schraubverschluss luftdicht und keimfrei abgeschlossen, so dass keine unerwünschte Infektion entsteht und das Tier keinen Schmerz spürt.",1,79892,2004,6
"In diesem Forschungsschwerpunkt kooperieren die geistes- und sozialwissenschaftlich orientierten Medienfächer der Johannes Gutenberg-Universität Mainz (Buchwissenschaft, Journalistik, Publizistik, Film- und Theaterwissenschaft, Neurolinguistik) mit Medienrecht, Medienpädagogik, Medienkunst sowie Medienökonomie, Informatik und Suchtprävention.",0,603888,2014,6
"Wer an sich glaubt, versetzt freiwillig Berge „Selbstwirksamkeit“ erhöht Arbeitsleistungen RUB-Sozialpsychologen plädieren für mehr Eigenverantwortung im Beruf Wer an sich glaubt und sicher ist, bestimmte Aufgaben gut bewältigen zu können, ist freiwillig bereit, mehr zu arbeiten.",2,468896,2012,6
"Eines der Probleme von Kindern mit Autismus oder Konzentrationsmangel aufgrund von Hyperaktivitaet ist eine Fehlfunktion von I-Neuronen: Ihr inhibitorisches System ist nicht wirksam bei der Unterdrueckung unerwuenschter Information, was wiederum die Entscheidungsfaehigkeit behindert.",3,17231,2000,6
"Weitere Informationen: Ulrich Greveler, André Adelsbach, Horst-Görtz-Institut für IT-Sicherheit der RUB, Lehrstuhl für Netz- und Datensicherheit, Tel.",0,92384,2004,6
"Mit Innovationserfolgen können diese neu hinzugekommenen Unternehmen allerdings noch nicht aufwarten, da ihre Aktivitäten bisher nicht zur Markteinführung neuer Produkte oder zur Implementierung neuer Prozesse geführt haben.",3,148680,2006,6
"Weitere Informationen im Internet unter http://www.bibb.de/forum/fram_fo1.htm, Abschlussbericht zum Forschungsprojekt ""Quantitative und qualitativ strukturelle Aspekte bei neuen Ausbildungsberufen für den Dienstleistungssektor"".",0,63427,2003,6
Die Wissenschaftler stehen gerne für Gespräche auch vor und nach der Veranstaltung zur Verfügung.,0,484217,2012,6
Dies trifft beispielsweise auf die von Opel mit Borussia Dortmund geschlossene Partnerschaft zu.,0,599984,2014,6
Bei Brandwunden und chronischen Wunden z.,0,79892,2004,6
"So ist auch das Volumen in Höhe von einem Prozent des Gesamtbudgets, das der gesetzlichen Krankenversicherung ab 2004 für neue Modelle integrierter Versorgung zur Verfügung steht, fast noch symbolischer Natur - und dies ist eine enorme Bremse für innovative Modelle, da die Krankenkassen nach Meinung Schmackes künftig nicht mehr bereit sein werden, Innovationsinvestitionen außerhalb der Budgets der Regelversorgung zu tätigen.",2,75882,2004,6
"Jede notwendige Bedingung enthält ein Kriterium dafür, dass in genau einer Hinsicht eine Mehrheit vorliegt.",0,635584,2015,6
"„Manche Fragestellungen kann man mit partiellen Differentialgleichungen modellieren, wie sie in den Naturwissenschaften sehr oft vorkommen“, sagt Prof. Felix Breitenecker von der TU Wien.",1,524655,2013,6
Das Buch ist besonders für Schüler geeignet.,1,332897,2009,6
"„Jede Form von Dienstleistungen ist schon jetzt mit den Themen Digitalisierung und Informatisierung konfrontiert“, betont Soziologe Andreas Boes, Vorstandsmitglied des Instituts für Sozialwissenschaftliche Forschung München (ISF).",1,615627,2014,6
"Dieser außergewöhnliche, weil orbitalabhängige Metall-Isolator-Übergang, der im Experiment beobachtet werden konnte, macht die wichtige Rolle der orbitalen Eigenschaften der Elektronen für das theoretische Verständnis der eisenbasierten Supraleiter deutlich.",2,573145,2014,6
Statt seiner sollte den kaufmännischen Qualifikationen mehr Raum gegeben werden.,1,63427,2003,6
Dazu wurden 23 Güter und Aktivitäten des täglichen Lebens abgefragt.,0,614104,2014,6
"„Dem Einstieg in die private Vorsorge als Standardsäule des Rentensystems liegt eine Illusion zugrunde“, erklärt Prof. Dr. Ingo Bode, der an der Universität Kassel das Fachgebiet Sozialpolitik leitet, „nämlich die Vorstellung, die Menschen würden vor dem Abschluss einer Police ausgiebig den Markt sondieren, Optionen vergleichen und dann eigenständig ein passendes Produkt auswählen.“ Die Wirklichkeit ist aber eine andere, wie die Ergebnisse der soeben im Campus Verlag erschienenen Untersuchung vor Augen führen.",1,608014,2014,10
"Eine weltweite Studie mit Beteiligung der Universität Göttingen hat nun gezeigt, dass Pflanzen besonders viele Früchte und Samen hervor bringen, wenn möglichst viele unterschiedliche Arten frei lebender Bestäuber vorhanden sind.",0,521372,2013,10
Die Sachverständigenkommission liefert mit ihrem Gutachten zum ersten Mal eine umfassende Bestandsaufnahme der Gleichstellung in Deutschland.,0,406196,2011,10
Einsätze aus Siliziumkarbid isolieren die Struktur vom strömenden Flüssigmetall.,0,145375,2006,10
"Das Fraunhofer-Institut für Systemtechnik und Innovationsforschung hat untersucht, wie Regulatoren vorgehen, wenn Märkte fit für den Wettbewerb gemacht oder Verbraucher vor gesundheitlichen Gefahren geschützt werden sollen.",0,84403,2004,10
Das Neue daran ist eine Top-Down-Vorgehensweise mit stufenweiser Optimierung und Entscheidungsunterstützung nach mehreren Kriterien.,0,59826,2003,10
"""Außerdem gehen wir davon aus, dass viele Beschäftigte auch die Herausforderung eines noch jungen Arbeitsbereiches schätzen.""",0,320447,2009,10
Insgesamt bewerten die Teilnehmer die Beschaffung über elektronische Marktplätze überaus positiv.,1,67258,2003,10
"Prof. Richard Fisher (Chicago), Leiter der großen amerikanischen Intergroup-Studie gratulierte der DSHNHL zu dem Durchbruch, ""an dem wir seit vielen Jahren vergeblich gearbeitet haben und den wir fast schon für nicht mehr möglich gehalten haben"".",1,24796,2000,10
"Kommunikative, soziale und integrative Kompetenzen rücken dabei ebenso in den Vordergrund wie neue Partizipationskonzepte.",0,633285,2015,10
Sie kontrolliert derzeit Gebiete im Irak und Teile des benachbarten Syriens und verfolgt das Ziel eines grenzübergreifenden islamischen Staates.,0,594334,2014,10
Die Lohnstruktur spiegelt das Qualifikationsniveau der Beschäftigten wider.,0,13456,1999,10
Mit mehr als 2.300 ausgewerteten Fragebögen entstand so eine sehr große Datenbasis – eine solch umfangreiche Befragung zu den Alltagserfahrungen mit Elektrofahrzeugen gab es in Deutschland bisher noch nicht.,1,460670,2012,10
Für die Hälfte der Anbieter stellen Angebote für Fachkräfte einen Schwerpunktbereich dar.,0,340010,2009,10
"Während im Zeitraum von 1986 bis 1991 mehr als die Hälfte der Geringverdiener die Niedriglohnschwelle überschreiten konnte, glückte dies im Zeitraum von 1996 bis 2001 nur einem Drittel.",0,104206,2005,10
Das Spektrum reicht von Moderations- und Mediationstechniken über Analyse-Matrices bis hin zu Aktions- und Arbeitsplanungen.,0,72014,2003,10
"Die politischen Konsequenzen, die mit einer ideologischen, also in diesem Falle ""faktenresistenten"" Deutung empirischer Ergebnisse einhergehen, wurden schließlich bei der Frage der Prävention diskutiert.",0,66838,2003,10
"Die dadurch entstehenden Risiken sind in der Öffentlichkeit bislang nur wenig bekannt, obwohl Medien immer wieder über Datenmissbrauch oder Datenpannen berichten.",0,648014,2016,10
"„Es besteht jedoch kein Zweifel, dass ein optimiertes und Biodiversitäts-freundliches Landschaftsmanagement das Wohlergehen von Mensch und Natur verbessern kann.“ Originalveröffentlichung: Bea Maas et al.",1,635216,2015,10
"Viele neue Leistungsangebote und digitale Services werden geschaffen und geradezu „gehyped"".",3,535875,2013,10
Im aktuellen Kombikraftwerk 2 werden reale Erneuerbare-Energien-Anlagen zentral von einer Leitwarte aus gesteuert.,0,559168,2013,10
Konzepte aus Großbritannien und den USA erweitern die Angebotspalette der Elternbildungsmaßnahmen.,0,136252,2005,10
"Wird auf dieser Ebene keine gute Personalführung vorgelebt, wird sich eine nachhaltige Führungsidentität, aller zeitgemäßen Führungsinstrumente zum Trotz, nicht etablieren können.“ Noch schlimmer wird es, wenn Führungsinstrumente vorhanden sind, sich das Top-Management in der Praxis aber nicht daran hält.",1,605580,2014,10
"Im Sonderforschungsbereich ""Matrix-Engineering"" suchen Biophysiker, Biochemiker, Chemiker, und Mediziner der Universität Leipzig gemeinsam mit Materialwissenschaftlern, Zellbiologen und Bioinformatikern der TU Dresden und verschiedenen außeruniversitären Einrichtungen nach neuen Methoden und Biomaterialien, die Knochen- und Hautverletzungen schneller heilen lassen und somit den Patienten langwierige Behandlungsprozesse ersparen sollen.",0,646560,2016,10
"Hierfür nutzen neutrophile Granulozyten ein Zytokin, das zur Tumor-Nekrose-Faktor-Superfamilie gehört.",2,502305,2012,10
"Prof. Kaderali: ""Die IT-Entwicklungen im Allgemeinen und im IT-Sicherheitsbereich im Besonderen verlaufen so rasant, dass bereits heute nur noch die Wechselbeziehungen zwischen Theorie und Praxis, also zwischen Studium und Beruf, das gerade erworbene Know how nicht zu schnell alt werden lassen.""",1,18127,2000,10
"In diesen Bereichen bieten sie ihren Kunden hochwertige Produkte und maßgeschneiderte Problemlösungen an“, erklärt Professor Dr. Friederike Welter.",1,547677,2013,10
"Einen Schlüsselmechanismus in diesem Prozess konnte ein Wissenschaftlerteam um Götz nun aufklären, indem sie nach Interaktionspartnern des Transkriptionsfaktors Pax6 suchten, der sowohl bei der Gehirnentwicklung als auch bei der adulten Neurogenese eine wichtige Rolle spielt.",0,547314,2013,10
Aber auch kleinere Unternehmen kooperieren eng mit Hochschulen und öffentlichen Forschungseinrichtungen (wie z.,0,547677,2013,10
An der Umfrage beteiligten sich rund 800 Unternehmen.,0,168604,2006,10
Multiple sclerosis is an autoimmune disease in which a person’s own immune system attacks the central nervous system.,0,387520,2010,10
"Darüber hinaus soll er genutzt werden, um besonders gut z.B. an Trockenheit angepasste Pflanzen zu erkennen und für Züchtungsprogramme auszuwählen.",0,330576,2009,10
"Schon bald wollen die Forscher nachprüfen können, ob die Vorhersagen der neuen Theorie auch für Rechner gelten, die aus in Silizium nachgebildeten künstlichen Neuronen bestehen.",0,450038,2011,10
"Gleichgewicht zwischen Knochenneubildung und Knochenabbau wiederherstellen „Fehlt dieser Rezeptor, so kommt es zu einer beschleunigten Osteoporose“, erklärt Diplom-Biologin Carina Scholtysek, die an dem Projekt maßgeblich beteiligt war.",0,526239,2013,10
"Hierzu konnte gezeigt werden, dass nicht allein die wahrgenommene Ähnlichkeit seitens des Kunden von großer Bedeutung für die Forschung ist, sondern auch die seitens der Verkäufer.",1,42136,2001,10
"Darüber hinaus werden, insbesondere bei der Besetzung oberer Führungsebenen, Führungskompetenzen deutlich seltener hinterfragt als bei nachgeordneten.",0,605580,2014,10
Deshalb ist der einzige Schutz gegen solche multiresistenten Keime eine gut funktionierende Immunabwehr des infizierten Patienten.,0,450177,2011,10
"Allein schon bei der Berücksichtigung von Mitnahmeeffekten ergeben sich ganz andere Ergebnisse: Die öffentliche Hand müsste Zusatzkosten von 10,5 Milliarden Euro tragen.",0,151995,2006,10
Außerhalb des Dienstleistungssektors halten sich die Baden-Württemberger bei der Neugründung von Unternehmen eher zurück: Die Anzahl aller neu gegründeten Firmen im Ländle blieb zwi-schen 1989 und 1997 mit etwa 37 Gründungen je 10.000 Erwerbspersonen um sieben Prozent unter dem Bundesdurchschnitt.,0,12332,1999,10
"Am Institut sollen bis zu 50 Gastwissenschaftler arbeiten, so genannte Fellows.",0,323387,2009,10
"Die aufbereiteten Daten zeigen, dass sich der Dienstleistungssektor im Ruhrgebiet in den letzten drei Jahren sehr unterschiedlich entwickelt hat: Eine traditionelle Stärke der Region - die Infrastruktur- und Transportdienstleistungen - konnte mit einem Wachstum von nur 1,5 % mit der Entwicklung in Nordrhein-Westfalen insgesamt (4,8 %) bzw. mit der in Westdeutschland (+7,1 %) nicht Schritt halten.",0,57966,2003,10
Das Ziel dieser Maßnahmen ist klar: Mit gravierenden Änderungen der Rahmenbedingungen für Hochschulfinanzierung und -management sollen die nationalen Bildungseinrichtungen zu verstärktem Wettbewerb und erhöhtem Wirtschaftlichkeitsdenken angehalten werden.,1,52237,2002,10
"Der Einsatz dieser Konzepte im Produktentwicklungsprozess lohnt sich, wie insbesondere das Beispiel des Simultaneous Engineering belegt: Betriebe mit parallelen Produktentwicklungsprozessen haben einen deutlich höheren Anteil an Produkt- und Marktneuheiten als die Konkurrenz.",0,218958,2007,10
"„Unsere Experimente im Modell haben gezeigt, dass Osteoporose auf diese Art sogar heilbar sein kann.“ *Carina Scholtysek, Julia Katzenbeisser, He Fu, Stefan Uderhardt, Natacha Ipseiz, Cornelia Stoll, Mario M Zaiss, Michael Stock, Laura Donhauser, Christina Böhm, Arnd Kleyer, Andreas Hess, Klaus Engelke, Jean-Pierre David, Farida Djouad, Jan Peter Tuckermann, Béatrice Desvergne, Georg Schett, Gerhard Krönke, Nature Medicine, doi: 10.1038/nm.3146 Informationen für die Medien: Dr. Gerhard Krönke Tel.",0,526239,2013,10
"„Eine gute Infrastruktur sowie hervorragende Verkehrsanbindungen sind hier essentiell.“ Auch kann die Politik Hemmnisse für den Erwerb von Wohneigentum abbauen, etwa die hohe Grunderwerbsteuer.",0,630227,2015,10
Bereits 1992 veröffentlichte der renommierte Managementforscher und -berater Peter Drucker im Harvard Business Manager einen Beitrag mit dem Titel „Dienstleister müssen produktiver werden“.,1,584235,2014,10
"136 Abs. 3 AEUV ausgelegt wird, gibt es – zumindest aus Perspektive des EFSF-Urteils, das insbesondere die Beteiligung des Bundestages forciert hat – keine Anhaltspunkte, die seine Ratifizierung als verfassungswidrig erscheinen lassen.“ Das Fazit der Studie: Der ESM ist nach demokratischen und rechtlichen Gesichtspunkten solide gebaut.",3,495203,2012,10
"Den Wissenschaftlerinnen und Wissenschaftlern ist es jetzt gelungen, diesen winzigen Massenunterschied direkt aus der fundamentalen Theorie, dem Standardmodell der Teilchenphysik, zu bestimmen und zu zeigen, wie er sich aus der Differenz zweier konkurrierender Effekte ergibt.",0,628280,2015,6
"Die Meldung von Schutzgebieten nach Brüssel allein reicht nicht aus, sondern muss durch ein gut geplantes und qualifiziert durchgeführtes Management vor Ort mit Leben gefüllt werden.""",3,348433,2009,6
Folgende Gründe sprechen aus Sicht des WSI für die Einführung eines gesetzlichen Mindestlohnes: *	In Deutschland besteht entgegen einer weit verbreiteten Meinung schon lange ein erhebliches Ausmaß an Niedriglohnbeziehern selbst unter den Vollzeitbeschäftigten: Allein in Westdeutschland verdienen 12 Prozent von ihnen weniger als 50 Prozent des Vollzeitdurchschnittslohns und können als arm trotz Vollzeitarbeit gelten.,1,76420,2004,6
"Gemeinsam mit seinem Team hat er eine Theorie entwickelt, die zeigt, dass auch Neurone, die mehr oder weniger zufällig Impulse, so genannte ""spikes"", an andere Neurone aussenden, sehr gezielt Berechnungen durchführen können.",3,450038,2011,6
"Sie dienen unter ande-rem der Schifffahrt und der Energiegewinnung aus Wasserkraft, ihre Auen wurden besiedelt und Auenbö-den sind landwirtschaftlich genutzt, vielfach konzentrieren sich hier Verkehrswege und Infrastruktur und sie dienen gleichzeitig einer breiten Bevölkerung als Erholungsräume.",3,462603,2012,6
Diese diffundieren durch einen winzigen Spalt zur gegenüberliegenden – postsynaptischen – Nervenzelle und bewirken dort die Öffnung von Ionenkanälen.,0,527781,2013,6
"Bei solchen Entscheidungen hängt die Qualität der Wahl eng damit zusammen, wie viele Angebote vor dem Entscheid begutachtet werden.",0,471597,2012,6
Ihre Ergebnisse ermöglichen auch neue Einblicke in die Mechanismen der epigenetischen Genregulation.,0,645149,2016,6
SchülerInnen und Studierende integriert werden.,0,58823,2003,6
"Ein Budgetierungssystem schafft Anreize, Information und Kontrolle wird über eine Kosten-Leistungsrechnung sichergestellt, die eine größere Transparenz über die Wirtschaftlichkeit einzelner Bereiche liefert als die bisher angewandten Methoden.",1,52237,2002,6
"Andererseits ermöglichen sie es, das urbane Wertschöpfungssystem effizienter zu gestalten und sich im internationalen Wettbewerb um qualifizierte Fachkräfte und Unternehmensansiedlungen von anderen Städten abzuheben.",1,636226,2015,6
"„Der Befund spricht gegen die Existenz einer speziell moralischen Hirnregion und für die Entwicklung komplexer sozialer Leistungen wie moralischen Entscheidungen aus entwicklungsgeschichtlich älteren Hirnfunktionen“, berichtet Danilo Bzdok.",3,472693,2012,6
Alle Projekte des 1989 gegründeten Instituts zeichnen sich ebenso wie das wahlstatistische Modell durch ihren Anwendungsbezug und ihre gesellschaftspolitische Relevanz aus.,0,50348,2002,6
Brain 2013; doi: 10.1093/brain/awt020.,0,526207,2013,1
"Das am 3. März 2014 publizierte Expertenstatement, das auch von Wissenschaftlern des Fraunhofer ISI unterzeichnet wurde, ruft zur differenzierten Bewertung hinsichtlich der Unterstützung der Innovationsleistung durch das EEG auf.",1,575663,2014,1
"Experimentelle Chirurgie Medizinische Fakultät Mannheim der Universität Heidelberg Theodor-Kutzer-Ufer 1-3, 68167 Mannheim Telefon: 0621 383 22 26 Die Wilhelm Sander-Stiftung fördert dieses Forschungsprojekt mit über 160.000 €.",0,228806,2007,1
"Weitere Informationen zu den ausgezeichneten Projekten, zum Wettbewerb sowie Fotos von der Veranstaltung unter www.kommunaler-klimaschutz.de.",0,318442,2009,1
"Da dies auch mit einem höheren Verbrauch von finanziellen und personellen Ressourcen einherging, wird es immer wichtiger, die verfügbaren Mittel möglichst effizient einzusetzen.",3,470200,2012,1
"Viele Fortschritte waren insgesamt für die Ergebnisse nötig: akkurate Kernkräfte, ausgeklügelte Rechenalgorithmen und moderne Hochleistungsrechner.“ Die Rechnungen wurden auf dem stärksten Supercomputer der USA, Titan am Oak Ridge National Laboratory, und am Jülich Supercomputing Center gemacht.",2,640713,2015,1
"Die sensitiven Daten wurden ungeschützt in Mitteleuropa ausgestrahlt, obwohl die Kunden wegen des SSL-geschützten Zugangs zum Webshop im Glauben waren, dass ihre Daten geschützt waren.",1,92384,2004,1
"Das Hauptaugenmerk liegt insbesondere auf praxisnahen Hinweisen zu Erfolgsfaktoren, Risikobereichen und Problemfeldern aus unterschiedlichen Handlungsbereichen.",3,341958,2009,1
"Sie werden somit auch in die Umsetzung eines bundesweiten Biotopverbundkonzeptes einzubeziehen sein, so Vogtmann weiter.",3,42737,2001,1
"Ein Frühling, der ins Wasser fiel, Fröstel-Temperaturen und Überschwemmungen in weiten Teilen des Landes – all das hat die Zuversicht der Bundesbürger nicht trüben können: 34 Prozent der Menschen sind im zweiten Quartal 2013 zuversichtlich, wenn es um die Zukunft Deutschlands geht.",1,539689,2013,1
"Ihre Forschungsergebnisse zeigen, dass fast die Hälfte der befragten Beschäftigten (49,5%) über starke oder sehr starke Belastung durch Zeitdruck und Arbeitsaufkommen klagt - im Vergleich zu knapp 30% aller hochqualifizierten Beschäftigten und gut 23% aller sozialversicherungspflichtig Beschäftigten in Deutschland.",1,337272,2009,1
Angesichts der Vielfalt der offenen Fragen kann die interdisziplinäre Zusammenarbeit innovative Antworten und Lösungsstrategien entwickeln.,0,484217,2012,1
Außerdem war ihre Selbstwahrnehmung freundlicher geworden.,0,12696,1999,1
"Die Experten sind sich jedoch einig, dass die kommende Einführung der Eurocodes durch die einzelnen Mitglieder der Europäischen Union die beste Gelegenheit für eine erste Anwendung darstellt.",1,51804,2002,1
"„Die Bundesbürger sind kritisch was die Umsetzung der Energiewende anbelangt“, sagt Prof. Dr. Brettschneider.",3,578477,2014,1
600 Millionen (Mio.) Euro Energiekosten und dabei 6 Mio. Tonnen umweltschädliches CO2 einsparen.,0,451418,2011,1
"Die Lohnpolitik war in diesen Ländern - nicht zuletzt aufgrund der zumeist nach wie vor nur schwach entwickelten tarifvertraglichen Strukturen - insgesamt nicht in der Lage, Lohnerhöhungen durchzusetzen, die der ökonomischen Leistungsfähigkeit entsprechen und einen angemessene Partizipation der Beschäftigten an der ökonomischen Entwicklungsdynamik sicherstellen.",1,84088,2004,1
"Auch im universitären Sektor nimmt Sachsen eine Vorreiterrolle ein: Die Professoren an sächsischen Universitäten werben im Ländervergleich die meisten Drittmittel ein, unter anderem auf Grund der hohen Kooperationsneigung kleiner und mittlerer Unternehmen (KMU), die auf umfassende Innovationsstrategien setzen.",1,634555,2015,1
"Die Immuntherapie macht sich das Abwehrsystem des Körpers zunutze, um die Tumorzellen zu vernichten.",0,588450,2014,1
"Frauen wollen resozialisieren, Rentner eher abschrecken Dabei fällt auf, dass z.B. Frauen (43,4 %) die Resozialisierung stärker als Männer (39,0 %) befürworten, ebenso jüngere Menschen - unter 26jährige (48,3 %) - eher als Rentner (32,3 %), Abiturienten (47,1 %) eher als Hauptschüler (36,6 %), leitende Angestellte und Beamte (49,5 %) eher als Facharbeiter und Handwerker (35,3 %).",0,14877,1999,1
"Die Weichen in der Rehabilitation werden neu gestellt: Anstelle der Fürsorge tritt eine individuelle Unterstützung, die zu mehr Selbstbestimmtheit und höherer Lebensqualität führen soll.",3,124368,2005,1
"Keine allzu rosige Zukunft sieht er hingegen für die akademischen Bildungseinrichtungen, die sich innovativen Managementkonzepten verschließen: ""Sie werden sich schon auf mittlere Sicht jeglicher Spielräume berauben und ihre Existenz gefährden.""",1,52237,2002,1
"Im Bereich von Familie und Privathaushalt liegt die Hauptverantwortung für die Betreuung von Kindern und Pflegebedürftigen immer noch überwiegend bei den Frauen, die Hauptverantwortung für das Familieneinkommen hingegen vorwiegend bei den Männern.",0,405628,2011,1
"Eine in den Proceedings of the National Academy of Sciences (PNAS) veröffentlichte Studie, die von den Berner Professoren Eric Allan und Markus Fischer geleitet wurde, zeigt nun, dass Landwirte durch Änderungen der Bewirtschaftungsintensität über die Zeit zum Schutz der biologischen Vielfalt im Grünland beitragen können.",3,567714,2013,1
"Dabei wird die vorhandene Unternehmensstruktur als Grundlage des hier präsentierten Konzepts gewählt und gezeigt, wie sie für das neue Geschäftsfeld anzupassen ist.",0,341958,2009,1
Als Innovations- und damit Wachstumsbremse erweist sich das mittelständische Finanzmanagement.,2,174296,2006,1
"Quartal 2008 sogar leicht gestiegen: Ihre persönliche Versorgung bei Krankheit und Pflegebedürftigkeit sähen 44 Prozent der Befragten zuversichtlich, die persönliche Versorgung im Alter, zum Beispiel durch eine private Rente, schätzen 28 Prozent der Menschen in Deutschland positiv ein.",3,280861,2008,1
"Das zeigen die aktuellen Ergebnisse der monatlich durchgeführten Interviews zum Allianz Zuversichtsindex, einer Studie der Allianz Deutschland AG in Zusammenarbeit mit der Universität Hohenheim.",0,263257,2008,1
"Dr. Klaus Kinkel, Vorsitzender der Telekom-Stiftung, macht deutlich: „Nach wie vor ist der Bildungsföderalismus ein großer Hemmschuh, wenn es darum geht, die Innovationsleistung zu steigern.",2,564747,2013,1
"Diese Seuchen werden in der Europäischen Union durch Tilgungsmaßnahmen, zu denen auch die Tötung von Tierbeständen zählt, bekämpft.",1,228192,2007,1
"Das Vorhaben der neuen Bundesregierung, das ärztliche Vergütungssystem neu zu ordnen, weist in die richtige Rich­tung.""",3,140777,2005,1
"Ziel des derzeit bis Ende 2006 befristeten Instruments ist es, Arbeitslose zügiger in offene Stellen zu vermitteln.",0,162574,2006,1
"Unterschiede liegen vor allem im Bereich der generellen betrieblichen Infrastruktur, d.h. der strategischen Unternehmensplanung, bei der Installation starker Personen (Promotoren), die den Innovationsprozess vorantreiben, und bei der Einbindung von externem Know-how bei der Entwicklung neuer Produkte, Dienstleistungen oder der Erschließung neuer Märkte.",1,174296,2006,1
"Dr. Rainer Frietsch, Projektleiter des Innovationsindikators am Fraunhofer ISI, betont jedoch: „Um die hohe Innovationsleistung auf Dauer zu garantieren, ist weiteres Engagement notwendig.",1,564747,2013,1
"Zur zweitägigen Fachkonferenz der Deutschen Gesellschaft für Krankenhaushygiene (<www.dgkh.de>) in Zusammenarbeit mit der Arbeitsgemeinschaft für Qualität und Sicherheit in der Chirurgie (CAQS) der Deutschen Gesellschaft für Chirurgie (<www.dgch.de>), der Deutschen Gesellschaft für Unfallchirurgie (<www.dgu-online.de>), der International Society of Skin Pharmacology and Physiology (www.isp-society.org) und der International Society for Plasma Medicine (ISPM) sind die Vertreter der Medien herzlich eingeladen.",0,322034,2009,1
"Ihr Ansprechpartner für weitere Informationen: Fraunhofer IAO Marc Opitz Nobelstraße 12, D-70569 Stuttgart Telefon: +49 (0) 7 11/9 70-51 29, Fax: +49 (0) 7 11/9 70-21 92 E-Mail: marc.opitz@iao.fraunhofer.de",0,92545,2004,1
"Die neue Mitteilung 66 aus der ISI-Erhebung ""Modernisierung der Produktion"" kann unter http://www.isi.fraunhofer.de/isi-wAssets/docs/i/de/pi-mitteilungen/PI66.pdf heruntergeladen werden.",0,603294,2014,1
"Der Nagel erfüllt in diesem Fall also gleich zwei Funktionen: Er stabilisiert den gebrochenen Knochen und er dient gleichzeitig als ""Carrier"" des Antibiotikums, das auf diese Weise unmittelbar vor Ort an die Frakturstelle gebracht und dort über einen bestimmten Zeitraum kontinuierlich in hoher Konzentration freigesetzt wird.",1,71744,2003,1
"Die Aktivierung von PPARβ/δ führt nicht zu einer simplen Hemmung des Knochenabbaus, sondern – über eine Aktivierung der Osteoblasten – zu einer Wiederherstellung des normalen Gleichgewichts aus Knochenaufbau und Knochenabbau.",0,526239,2013,1
· Die Frage nach einer verlässlichen Finanzierung der Systeme der sozialen Sicherung ist von entscheidender Bedeutung für die Stabilität und Entwicklungsfähigkeit des Sozialstaates.,1,18056,2000,1
"Wie elektronische Dokumente beweissicher aufbewahrt werden können, wurde unter wesentlicher Beteiligung der Projektgruppe verfassungsverträgliche Technikgestaltung (provet) im Forschungszentrum für Informationstechnik-Gestaltung (ITeG) der Universität Kassel unter Leitung von Prof. Roßnagel nachgewiesen.",0,141418,2005,1
"„In 11 von 14 Branchen bestehen Mindestlöhne von zum Teil weit über 8,50 Euro.",3,590336,2014,1
"In einem ersten Schritt wurde der Schreitbagger mit einem Sensorsystem ausgerüstet, das es dem Bediener ermöglicht, die Rettungsspinne sicher zu steuern, ohne sich in Gefahr zu bringen.",3,573510,2014,1
Hinweis: Die Publikation kostet 12 Euro und kann über den Buchhandel oder direkt beim Landwirtschaftsverlag in Münster bezogen werden (www.lv-h.de).,0,72014,2003,1
Die höchsten Innovationserfolge mit Prozessinnovationen erzielten im Jahr 2005 die Elektroindustrie und die EDV/Telekommunikation in Bezug auf Kosteneinsparungen sowie der Fahrzeugbau und die Instrumententechnik in Bezug auf Umsatzsteigerungen als Folge von Verbesserungen in der Produktqualität.,2,203117,2007,1
"Die gegenwärtigen in den Medien diskutierten Probleme bei VW und Gerry Weber dürften dagegen auch auf Defizite in den Aufsichtsräten zurückzuführen sein.“ Aufsichtsräte hätten eine wichtige Funktion in der Risikoerkennung, betonte Prof. Dr. Ruhwedel.",1,643021,2015,1
Die Ergebnisse dieser Arbeit können nach Meinung der Forscher zur Entwicklung neuer antibakterieller Therapien auch für immunsupprimierte Patienten beitragen.,3,502305,2012,1
"Entscheidend ist, wer künftig an der Spitze der Wertschöpfungsketten steht und wem es gelingt, sich mit neuen Geschäftsmodellen am Markt zu etablieren.",1,645155,2016,1
"In Anbetracht des zunehmenden Risikos von Schäden durch Überschwemmungen und des hohen Verlustes aktiver Auen in den vergangenen Jahrzehnten, stellt sich immer wieder die Frage, welche Hochwasserschutzmaßnahmen sinnvoll sind.",3,382914,2010,1
"Übergrößen-Models steigern das Selbstwertgefühl von Verbrauchern weniger Aktuelle Studie der Universität zu Köln, Arizona State University und Erasmus-Universität Rotterdam Eine aktuelle gemeinsame Studie der Universität zu Köln, der Arizona State University und der Erasmus-Universität in Rotterdam belegt, dass Werbung mit molligen Models bei Otto-Normal-Verbrauchern nicht unbedingt erfolgversprechender ist.",3,361714,2010,1
•	Hinsichtlich der Entwicklung des Marktes für Energiedienstleistungen besteht bei der Einsparquote das Risiko einer höheren Konzentration von Anbietern und unter Umständen in der Konsequenz sogar zu einer Verdrängung heute etablierter Energiedienstleister.,0,474849,2012,1
"In Deutschland fallen durchschnittlich 30 Millionen Tonnen Getreidestroh pro Jahr an, von denen je nach Methode 8 bis 13 Millionen Tonnen für verschiedene Bioenergiepfade und für die stoffliche Nutzung nachhaltig genutzt werden können.",0,439475,2011,1
Es erzeuge – weil vieles dem Zufall oder dem Gebaren von Finanzdienstleistern überlassen bliebe – neue Ungleichheiten.,3,608014,2014,1
"Für die Untersuchung wurde eine Vollerhebung über alle Elfmeter aus der Bundesliga von 2010 bis 2014 vorgenommen, die als Videoaufnahmen vorlagen.",0,595386,2014,1
Neben einem begrenzten positiven Beschäftigungseffekt könnten derartige Regelungen Geringverdiener vor Armut schützen.,3,151995,2006,1
In der Spieltheorie wird diese Mindestanzahl als Dimension der Abstimmungsregeln bezeichnet.,0,635584,2015,1
"Der Bau eines Demonstrators erfolgte in enger Kooperation mit dem mittelständischen Technologieunternehmen TEM Messtechnik GmbH aus Hannover, das langjährige Erfahrung in der Entwicklung von Lasersteuerungen und der Lasermesstechnik besitzt.",0,330576,2009,1
"Die Broschüre ""Roadmap zur Kundenakzeptanz – Zentrale Ergebnisse der sozialwissenschaftlichen Begleitforschung in den Modellregionen"" kann unter <www.isi.fraunhofer.de/isi-de/e/download/publikationen/roadmap_broschuere_netz.pdf> heruntergeladen werden.",0,460670,2012,1
"Stufenpläne zur Anhebung der untersten Tarifvergütungen auf mindestens 8,50 Euro gibt es mittlerweile auch in einigen Branchen, die das WSI lange Zeit zum „harten Kern“ der Niedriglohnbeschäftigung gezählt hat.",1,590336,2014,1
In der Umsetzung zeigt sich derzeit ein Schwerpunkt rund um den Komplex Vereinbarkeit von Beruf und Familie sowie Kinderbetreuung.,0,302997,2009,1
Das überzeugt: Mit über 150.000 Mitgliedern ist der VDI die mit Abstand größte Ingenieurvereinigung Deutschlands.,1,517667,2013,1
"Seien diese erst einmal identifiziert, könnten sie gleich für mehrere und viel häufigere Krankheiten wichtige Erkenntnisse zur Entstehung und Therapie liefern.",3,526207,2013,1
"Das sind die wichtigsten Empfehlungen einer neuen Studie der Akademie für Technikfolgenabschätzung in Baden-Württemberg (TA-Akademie) mit dem Titel ""Szenarien für mehr Selbstverantwortung und Wahlfreiheit im Gesundheitswesen""*.",0,57215,2002,1
"Die VANTAGE Studie (VANTAGE-Studie = Vercise Implantable Stimulator for Treating Parkinson’s Disease) hat nun eine klare klinische Verbesserung nicht nur in der Beweglichkeit unserer Patienten erbracht, sondern insbesondere auch die Lebensqualität unserer Patienten im nicht gekannten Ausmaß verbessert“, so Prof. Timmermann im Expertengespräch nach dem Vortrag in Sydney.",2,539055,2013,1
Das Institut für Qualität und Wirtschaftlichkeit im Gesundheitswesen (IQWiG) hat den Gemeinsamen Bundesausschuss (G-BA) auf neue Studienergebnisse zum möglichen Nutzen der Transplantation von Stammzellen eines nicht verwandten Spenders bei Patienten mit einer erworbenen schweren aplastischen Anämie hingewiesen.,3,247540,2008,1
"Bereits während seines Studiums an der Universität Augsburg arbeitete Grandy als Programmierer, Software-Entwickler und Netzwerk-Administrator bei Unternehmen wie Daimler Chrysler Aerospace (jetzt EADS), Fujitsu Siemens Computers oder IBM Research and Development.",1,286442,2008,1
"In Ostdeutschland – wo anteilig mehr Beschäftigte vom Mindestlohn profitiert haben dürften – war der Rückgang mit 3,4 Prozent mehr als doppelt so hoch wie im Westen.",3,637553,2015,1
"Im Gesamtjahr legte das reale Bruttoinlandsprodukt (BIP) um 1,6 Prozent gegenüber dem Jahr 2013 zu.",0,633315,2015,1
"Die Employ-RES Studie wurde durchgeführt vom Fraunhofer ISI, Germany; Ecofys, Niederlande; Energy Economics Group (EEG), Österreich, Rütter + Partner, Schweiz; Lithuanian Energy Institute (LEI), Lithuania Société Européenne d'Économie (SEURECO), Frankreich.",0,318659,2009,1
"Jedoch legte die Natur auch hier wieder einen Stolperstein auf den Erfolgsweg der Supraleitung: Die in fast allen Materialien vorhandenen mikroskopischen Defekte, die sich durch das Aufeinandertreffen einzelner, gegeneinander verdrehter Materialkörner ausbilden, wirken sich in diesen neuen Supraleitern ganz besonders negativ auf den Stromtransport aus.",1,376818,2010,1
Sie konnte ihre Leistungsfähigkeit frühzeitig auf einem anspruchsvollen Binnenmarkt unter Beweis stellen.,1,199472,2007,1
"Diese Entwicklung aufgreifend konnte die Würzburger Arbeitsgruppe jüngst ein weiterführendes Forschungsstipendium einwerben, das von der NCL-Stiftung zusammen mit der Pharmafirma AstraZeneca zur Verfügung gestellt wird.",0,526207,2013,1
"Wenn die deutsche Umweltschutzindustrie im vergangenen Jahrzehnt überhaupt gewachsen ist, dann verdankt sie dies ausschließlich der Nachfrage aus dem Ausland, denn der inländische Markt für Umweltschutzgüter ist seit Mitte der 90er Jahre nicht mehr expandiert.",3,199472,2007,1
"Dies bedeutet nicht, dass es keinen Anpassungsbedarf des EEG gibt“, so Dr. Mario Ragwitz, Stellvertretender Leiter des Competence Center Energiepolitik und Energiemärkte am Fraunhofer ISI.",0,575663,2014,1
"Dazu gehöre eine aktive Forschungsförderung, der Transfer zwischen Wissenschaft und Wirtschaft und die Integration und Unterstützung des wissenschaftlichen Nachwuchses.",1,138786,2005,1
"Bis dahin lassen Langzeit-Managementpläne, die Errichtung von Meeresschutzgebieten sowie die anstehende Reform der EU-Fischereipolitik auf eine weitere Verbesserung vieler Bestände hoffen.",3,524198,2013,1
"Es hat den Anspruch, möglichst umfassend zu sein, aber gleichzeitig einen relativ hohen Detaillierungsgrad bei der Messung der Innovationsfähigkeit eines Unternehmens zu erlauben.",1,389870,2010,1
"Die Wirkungen beider Modelle im Hinblick auf soziale Gerechtigkeit und administrativen Aufwands können erst bewertet werden, wenn konkretere Umsetzungsvorschläge vorliegen.",3,72019,2003,1
Von diesen Maßnahmen sollen die teilweise nur hier vorkommenden Tier- und Pflanzenarten profitieren und langfristig in ihren Beständen gesichert werden.,3,508530,2012,1
"Doch die Analyse von Schulten und Weinkopf, die auch wissenschaftliches Mitglied in der Mindestlohnkommission der Bundesregierung ist, zeigt: Die Unkenrufe haben sich nicht bewahrheitet.",2,637553,2015,1
"Sie entstehen, wenn ein großer Stern kollabiert, wodurch sein heißer Kern extrem verdichtet, also enorme Massen auf vergleichsweise kleinem Raum konzentriert.",0,582388,2014,1
"Das zeigen die aktuellen Ergebnisse der monatlich durchgeführten repräsentativen Befragungen zur Allianz Zuversichtsstudie, einem Gemeinschaftsprojekt der Allianz Deutschland AG in Zusammenarbeit mit der Universität Hohenheim.",0,375703,2010,1
"Nur wenn diese Elemente vorhanden sind, kann Open Innovation auch positiv zum Innovationserfolg beitragen.",3,603294,2014,1
Solche Einzelbewertungen nimmt der Internationale Rat für Meeresforschung (ICES) vor.,0,524198,2013,1
"Wissenschaftler des Deutschen GeoForschungsZentrums GFZ haben am 10. Dezember, rund sieben Wochen nach dem Start der ersten zwei Galileo-Navigationssatelliten, erstmalig Signale von einem der beiden Satelliten (GSAT101) empfangen.",0,457578,2011,1
"Ziel ist es herauszufinden, welche Prinzipien der visuellen Informationsverarbeitung das Gehirn beim Sehen anwendet, und diese Prinzipien in technischen Systemen einzusetzen.",0,16305,1999,1
"Doch die mit Intelligenz ausgestatteten und vernetzten Gegenstände werden sich nur durchsetzen, wenn den Bedenken der Nutzer, insbesondere beim Datenschutz, Rechnung getragen wird.",3,185027,2006,1
"Denn nur wer den Blick über den eigenen Tellerrand wagt, andere Blickwinkel einnimmt oder »kreative Seitensprünge« unternimmt, stößt auf Ideen, Impulse und Lösungen, die im eigenen Umfeld das Potenzial zur Schaffung von Alleinstellungsmerkmalen haben.",2,412572,2011,1
Diese diffundieren durch einen winzigen Spalt zur gegenüberliegenden – postsynaptischen – Nervenzelle und bewirken dort die Öffnung von Ionenkanälen.,0,527781,2013,1
Seine Aktivitäten sind fokussiert auf die Erarbeitung wissenschaftlicher Grundlagen für die Entwicklung von multifunktionalen polymeren Funktionsmaterialien und Polymerwerkstoffen mit neuartigen oder verbesserten Eigenschaften sowie die Kombination der Materialentwicklung mit innovativen und nachhaltigen Herstellungs- und Verarbeitungstechnologien.,1,556217,2013,1
Ihre Ergebnisse ermöglichen auch neue Einblicke in die Mechanismen der epigenetischen Genregulation.,0,645149,2016,1
"Supraleiter mit ihrer einzigartigen Eigenschaft, Elektrizitat ohne Widerstand zu leiten, konnen zur Beforderung elektrischen Stroms uber ungeheuer weite Strecken dienen und haben zahlreiche Anwendungen in der Industrie- und Leitungstechnik.",1,23317,2000,1
"Zu den aktuell laufenden, rund zwanzig Forschungsprojekten zählen unter anderem: - Diversity in der Ausbildung frühpädagogischer Fachkräfte - Mehrsprachigkeit in Kita und Schule - Bildpräferenzen, Bildkonzepte und Bildpraxis von Kindern - Neurokognitive Effekte sportlicher und musikalischer Frühförderung - Professionelle Begleitung von Lern- und Bildungsprozessen in Kindertageseinrichtungen - Differenzielle Entwicklungsverläufe kognitiver Kompetenzen im Kindergartenalter - 68 und die Pädagogik in modernisierungs- und professionsgeschichtlichen Perspektiven - Durch Bewegung Umweltphänomene erfahren - Institutional changes in early childhood education in comparison Um Anmeldung zum Festakt wird gebeten (Isa Lange, Pressesprecherin, presse[at]uni-hildesheim.de, 05121.883-102, 0177.860.5905).",0,484217,2012,1
"In diesem Zusammenhang wurde entschieden, für vier Projekte einen globalen Förderansatz, der 80 Millionen Euro nicht übersteigen dürfe, zu reservieren.",0,470419,2012,1
"Der Leistungs-Benchmark ""SPECjbb2005"" misst die Rechnerleistung für geschäftsnahe Internet-Anwendungen, die auf der Programmiersprache Java beruhen.",0,335764,2009,1
Eine Langfassung zu diesem Thema erscheint in der naechsten Ausgabe der Unizeitung PUTZ.,0,12696,1999,1
"Experteneinschätzungen sowie Patent- und Publikationsanalysen des Fraunhofer ISI zeigen, dass vor allem die starke technologische Wissensbasis mit einer gut ausdifferenzierten Forschungsinfrastruktur und gut ausgebildeten Arbeitskräften eine ausgezeichnete Basis für die internationale Wettbewerbsfähigkeit sind.",1,215062,2007,1
Dadurch werden Neutronensterne zu vielversprechenden Laboratorien der physikalischen Grundlagenforschung.,0,582388,2014,1
"Die Regierungskoalition wird nach der Modellprognose der Wissenschaftler am 22. September auf 47,9 Prozent der Zweitstimmen kommen.",3,50348,2002,1
Für den Arbeitsmarkt zeigt sich derzeit beinahe jeder Dritte zuversichtlich: 31 Prozent der Bundesbürger schätzen die Arbeitsplätze insgesamt als sicher ein.,3,552113,2013,1
Bereits mit einer geringen Sonnenbestrahlung kann eine ausreichende Vitamin-D-Produktion bei Kleinkindern sichergestellt werden.,0,103473,2005,1
Ein wissenschaftlich eindeutiger Beleg für diese These findet sich in der ZEW-Studie indessen nicht.,0,411685,2011,1
"Er nutzte ein riesiger Speicher, der sich – im Milieu dieser Story nicht ganz unplausibel – als ein von Münzen und Scheinen überquellendes, hölzernes Futtersilo präsentiert.",1,499710,2012,1
Nur die wenigsten Produkte seien heute wirklich nachhaltig produziert.,3,626912,2015,1
"Hierbei wurden die arbeits- und beschäftigungspolitische Debatte um den ""Hoffnungsträger Dienstleistungssektor"" und die ökologische Diskussion um die umweltschonenden Wirkungen einer (Öko-)Effizienzrevolution miteinander verbunden und auf Chancen, Wechselwirkungen und Umsetzungshemmnisse hin analysiert.",0,57172,2002,1
Für Rückfragen: Universität Hamburg Centrum für Globalisierung und Governance Projekt: Frauen in der Spitzenforschung Projektleitung: Prof. Dr. Anita Engels Tel: 040-4 28 38-38 32 E-Mail: <anita.engels@uni-hamburg.de>,0,302997,2009,1
Am Pilotstandort Ketzin wurde die Einspeicherung von CO2 im August 2013 nach mehr als 5 Jahren erfolgreichem Betrieb eingestellt.,0,560547,2013,1
"Woche geboren wird, ist ein „Frühgeborenes“, Kinder, die weniger als 1.500 Gramm wiegen und meist vor Beendigung der 32.",0,450177,2011,1
"Mit Hilfe der sogenannten 2-Photonen-Mikroskopie gelang es den Forschern, erstmals individuelle Killer-T-Zellen bei ihrer Arbeit in virusinfizierten Geweben im Zeitraffer zu filmen.",0,645813,2016,1
"Bei alldem wächst in der UNESCO die Erkenntnis, dass die Maßnahmen zum Schutz des kulturellen Erbes zukünftig weit stärker mit der Entwicklung der Gesamtstadt und der sie umgebenden Landschaft verbunden sein müssen.",3,425276,2011,1
"Hinzu kam die Weiterentwicklung bereits in den Niederlanden und Deutschland eingeführter, branchenspezifischer Speziallösungen, ein Checklistenmodell für die Unterstützung der Bestandsbetreuung und ein Melde- und Beratungsmodul im Salmonellenmonitoring.",0,138217,2005,1
"Probleme macht vor allem der extrem hohe Anspruch der Käufer an die Pflanzenqualität bei Zierpflanzen und auf der anderen Seite die planerische Herausforderung, bei wechselnder Gewächshausbelegung und sich ändernden klimatischen Bedingungen stets die richtigen Nützlinge in der richtigen zeitlichen Frequenz und Menge auszubringen.",2,192597,2007,1
"„Während der letzten 250 Millionen Jahre hat sich der konvergente Dipol immer im Gebiet von Asien befunden, während sich die divergenten Quadrupole immer in den Gebieten des gegenwärtigen östlichen Afrika und östlichen Pazifiks befunden haben.",0,539868,2013,1
"Dies liegt neben der generellen Kostenentwicklung im Gesundheitswesen vor allem daran, dass im Zeitablauf immer mehr Leistungsempfänger im Rentenalter sein werden und darüber hinaus diese Leistungsempfänger eine steigende Lebenserwartung aufweisen, d.h. immer mehr Leistungen empfangen (""doppelter Alterungsprozess"").",1,65139,2003,1
"Die Politik setze richtige Akzente, urteilen die Wissenschaftler.",3,303718,2009,1
Die Speicherbasis ist zugleich Grundlage für einen per Internet abrufbaren Katalog und Bestell-Shop.,0,24604,2000,1
"Die interdisziplinären Forschungsgruppen konzentrieren sich auf die Bereiche Energie, Umwelt, Produktion, neue Technologie sowie auf Regionalforschung und Innovationspolitik.",0,84403,2004,1
"Wichtig ist, dass mit der längeren Förderdauer auch ein längerer Atem für strategisches Handeln ermöglich wird.",1,645206,2016,1
"Industrielle Lasersysteme dieser Leistungsklasse eignen sich besonders gut für die Bearbeitung großer Teile, beispielsweise aus kohlefaserverstärktem Kunststoff (CFK).",1,633037,2015,1
Damit können Epidemien vollständig am Computer simuliert werden – von der epidemologischen Ausbreitung bis hin zu finanziellen Aspekten.,0,524655,2013,14
"Das Modellverfahren wurde von Prof. Dr. Helmut Norpoth, State University of New York in Stony Brook, und Dr. Thomas Gschwend, Mannheimer Zentrum für Europäische Sozialforschung (MZES), entwickelt.",0,50348,2002,14
"Jedoch war ihnen unklar, welche Bedeutung dieser Prozess für den Krankheitsverlauf hat.",3,502305,2012,14
"Allerdings ist es sehr schwer vorherzusagen, wie sich Entscheidungen im Gesundheitswesen medizinisch und wirtschaftlich auswirken.",3,524655,2013,14
„Bestäubung durch Tiere spielen eine zentrale Rolle für die Funktions- und Leistungsfähigkeit der Natur.,0,646774,2016,14
"„Die gegenwärtige Minijobstrategie muss aus Perspektive der Geschlechtergleichstellung als desaströs bezeichnet werden“, so Prof. Dr. Ute Klammer.",1,406196,2011,14
"Das wird aber auf Dauer so nicht funktionieren - der Charakter eines Produktherstellers wird für die Kunden immer entscheidender.“ Das musikalische Experiment „Dirigieren und Führen“ veranschaulichte die wichtige Rolle von Leidenschaft, Präzision, Wahrnehmungsfähigkeit und Vertrauen für die nachhaltige Führungskraft: „Nur wenn ich meinen eigenen Standpunkt kenne, kann ich meinem Team Orientierung bieten“ erläuterte der Dirigent Prof. Gernot Schulz inmitten der Dortmunder Philharmoniker.",3,626912,2015,14
Das MZES gehört international zu den Top Einrichtungen im Bereich sozial- und politikwissenschaftlicher Europa-Forschung.,1,50348,2002,14
"„Berücksichtigt man die fachspezifischen Unterschiede in der Zitationskultur, so erreicht unsere Universität immer noch einen hervorragenden Platz sechs unter den deutschen Universitäten“, so der Präsident.",3,437633,2011,14
"Dazu gehört die einzelfallbezogene Beratung in europäischen Wettbewerbsverfahren wie bei Firmenzusammenschlüssen, in Kartell- oder Beihilfeverfahren, aber auch ökonomische Untersuchungen im Rahmen regulatorischer Verfahren und Studien für nationale und internationale Organisationen zu wettbewerbspolitischen Themen.",0,406613,2011,14
"Je länger die Glasfaser ist, desto geringer ist die Leistungsdichte, ab der die Begrenzungseffekte eintreten.",0,346325,2009,14
"„Auf der Basis dieser Analyse einer weltweiten Datenbank regionaler Meeresspiegel-Rekonstruktionen können wir nun den Effekt in einer noch nie dagewesenen Robustheit aufzeigen“, sagt Rahmstorf.",2,646309,2016,14
Dadurch konnten weitere finanzielle Mittel eingeworben und praxisorientierte Testumgebungen erschlossen werden.,0,27629,2000,14
"Es gibt aber auch etliche ""Show Stopper"", die die Verbreitung und Nutzung des mobilen Internet verzögern können.",3,42739,2001,14
"Auch politische Maßnahmen, wie sie derzeit im Rahmen der Innovationsinitiative der Bundesregierung unter Mitwirkung des ISI konzipiert werden, sollten sich an diesem ganzheitlichen Innovationsbegriff orientieren.",3,82470,2004,14
"""Künftig mehr Frauen für technische Berufe zu begeistern, bedeutet einen Kulturwandel, den Gesellschaft und Unternehmen nur gemeinsam meistern können"", so Dick.",3,333178,2009,14
Moralische Werte und Entscheidungen sind für das friedliche Zusammenleben von Menschen bedeutsam.,0,472693,2012,14
"""Natürlich können auch wir die Zukunft nicht vorhersagen"", schränkt er ein, ""aber wir versuchen die möglichen Entwicklungen durch Simulationsmodelle mit hoher Bandbreite zu prognostizieren und daraus Aussagen zur Finanzkraft der Unternehmen abzuleiten"".",3,360373,2010,14
Die Forscherinnen und Forscher untersuchten im ganzen Alpenraum die Verbreitungsmuster von 893 alpinen Pflanzenarten.,0,498223,2012,14
"Neben der Forschung zur Entwicklung eines optimierten Hautäquivalentes versuchen die Forscher, mittels Gentherapie die Heilung von Problemwunden zu verbessern.",3,79892,2004,14
Erzielt wurde der Anstieg sowohl bei geförderten Forschungsprojekten (+11%) als auch im Bereich der nicht geförderten Auftragsforschung (+28%).,0,629995,2015,14
"Mit zumeist zweistelligen Steigerungsraten waren die Erhöhungen der Mindestlöhne in Mittel- und Osteuropa am stärksten (Abbildung 1, pdf-Abruf am Fuß dieser PM).",1,191962,2007,14
"Auf der Abschlussveranstaltung „Nachhaltige Nutzung landwirtschaftlicher Reststoffe zur Bioenergiebereitstellung“ am 31. August in Berlin stellte das Projektteam den Teilnehmern aus Forschung, Politik und Wirtschaft die neuesten Erkenntnisse über die Höhe und die räumliche Auflösung des nachhaltigen Strohpotenzials sowie die Ergebnisse aus der Treibhausgasbilanzierung und der ökonomischen Analyse vor.",3,439475,2011,14
"""Wichtig für einen zukunftsfähigen Wald ist dabei der Erhalt aller dieser Funktionen"", sagte Jessel.",1,306430,2009,14
"Vom Kooperationspartner C2GO, einem Spezialdienstleister im Bereich hochkomplexer elektromechanischer und elektrooptischer Verbindungs- und Montagetechnologien von Lasermodulen unterschiedlicher Leistungsklassen, werden diese vormontierten Emitter zu Stacks mit je 28 Einzellasern kombiniert.",0,621130,2015,14
"Der Medizinphysiker übt seine Tätigkeit in Kliniken, Forschungs- und Ausbildungszentren sowie in Behörden und Industriebetrieben aus.",0,277736,2008,14
Anfang des 20. Jahrhunderts schafften die Osmanen das Kalifat ab.,0,594334,2014,14
"In Prag, dessen Altstadt nach der samtenen Revolution von Investoren überrannt wurde, haben inzwischen die Denkmalschützer wirkungsvolle private Unterstützung und wieder mehr Gewicht.",3,425276,2011,14
Bei der persönlichen Zuversicht seien Männer (65%) bundesweit merklich zuversichtlicher als Frauen (55%).,0,280861,2008,14
"Ein Tumor besteht aus einer Population von unterschiedlichen Krebszellen, die untereinander um Platz und Nährstoffe konkurrieren.",0,622360,2015,14
Starke Frauen meiden Wirtschaftswissenschaften Ein weiterer bedenklicher Trend laut Studie: Frauen mit Führungspotenzial wandern ab.,1,412370,2011,14
"Die aktuellen Ergebnisse der Allianz Zuversichtsstudie sowie Trends, die sich daraus ablesen lassen, werden der Öffentlichkeit in der Regel vierteljährlich vorgestellt.",0,375703,2010,14
Sei es in Bezug auf den Wandel in der gesellschaftlichen und technologischen Entwicklung oder bezogen auf die Marktentwicklung.,0,226065,2007,14
"Demzufolge könnte ein höherer Anteil an Mathematiklehrerinnen ein positives Vorbild für Mädchen darstellen oder zu der Anwendung didaktischer Methoden durch Mathematiklehrerinnen führen, die für Mädchen besser geeignet sind.",3,411685,2011,14
"Nur wenn der gesamte Innovationsprozess von der notwendigen Grundlagenforschung bis zum Produkt gelingt, entsteht die angestrebte Wertschöpfung und neue Arbeitsplätze.",0,74604,2004,14
"Da bei der Verteilung postmortal gespendeter Lebern aktuell ausschließlich das Kriterium der medizinischen Dringlichkeit berücksichtigt werde, sehen die Wissenschaftler nicht zuletzt angesichts der bestehenden Knappheit an Spenderorganen Reformbedarf bei den Richtlinien für das Vergabeverfahren.",1,490050,2012,14
Beide Blanket-Varianten werden im Europäischen Fusionsprogramm entwickelt; Testversionen sollen in ITER untersucht werden.,0,145375,2006,14
"Wegen der großen Bedeutung, die die Fahrerlaubnis für die Betroffenen hat, wurde daher vom Verkehrsministerium des Landes Nordrhein-Westfalen in Köln eine Obergutachterstelle eingerichtet, die für alle betroffenen Bürgerinnen und Bürger des Landes Nordrhein-Westfalen zuständig ist.",0,70667,2003,14
"Dafür sprechen die Befunde aus EEG-Aufnahmen während der Gedächtnistestung der Probanden, auf die sich die Forscher in ihrer aktuellen Publikation stützen.",0,572220,2014,14
Auch die Entscheider auf Leitungs- und Einsatzebene können nun direkt auf Informationen zugreifen.,0,573510,2014,14
"Bundesweit am höchsten steht der persönliche Stimmungspegel in Bremen, Hamburg und Schleswig-Holstein (70%), wo er um 12 Prozentpunkte gestiegen ist.",2,375703,2010,14
Dies wird den meisten Befragten jedoch erst im nachhinein klar.,3,637479,2015,14
"„Es konnte in Studien aber vielfach nachgewiesen werden“, so Steinert, „dass überall dort, wo es organisiertes soziales Leben gibt, Menschen, die in der Hierarchie ,oben' stehen, besonders intensiv beobachtet werden.",2,605580,2014,14
"So tragen diese Granulozyten dazu bei, dass die von Alveolarmakrophagen bereits aufgenommenen Krankheitserreger rasch aus der Lunge eliminiert werden.",0,502305,2012,14
Sie stiegen 2004 um 3 Milliarden Euro und machten 33 Prozent der gesamten Innovationsaufwendungen aus.,0,148680,2006,14
"Friseurgewerbe: Hier steigt der im vergangenen Jahr neu vereinbarte allgemeinverbindliche Mindestlohn von anfangs 7,50/6,50 Euro (West/Ost) in zwei Stufen bis August 2015 auf einheitliche 8,50 Euro.",3,590336,2014,14
"Die Grundgedanke des Projektes ist es, möglichst natürliche, allein der eigenen Dynamik und Selbstregulation unterliegende Moore zu erhalten und wiederherzustellen sowie die von Verbrachung oder Intensivierung gefährdeten, für das Allgäu charakteristischen, artenreichen Streuwiesen dauerhaft zu sichern.",0,508530,2012,14
"Vielmehr zeigt sich ein hochsignifikanter, positiver Zusammenhang zwischen der Beurteilung des Nutzens von Beratungsprotokoll und Produktinformationsblatt und der Beratungsfrequenz, insbesondere bei denjenigen, die sich halbjährlich oder öfter in finanziellen Angelegenheiten beraten lassen.",1,623789,2015,14
Fritz Melchers wird zusammen mit renommierten Gastrednern die Zwiespältigkeit unseres Immunsystems erörtern.,0,184764,2006,14
Positiv ist: Weltmarktrelevante technologische Erfindungen im Klimaschutz haben in Deutschland besonders stark zugenommen: Das Thema Klimaschutz ist bei unternehmerischen Innovationsaktivitäten auf fruchtbaren Boden gefallen.,1,199472,2007,14
In den neuen Bundesländern fühlt sich die deutsche Zukunft noch wesentlich weniger zuversichtlich an.,1,251843,2008,14
Die 21- bis 30-Jährigen zeigen nur noch einen Wert von 65 Prozent.,0,236723,2007,14
"Die Studie hilft damit Unternehmen, ihr eigenes Beschwerdemanagement auf den Prüfstand zu stellen, indem sie den Ist-Zustand mit dem durchschnittlichen aktuellen Realisierungsgrad oder ""Best Practices"" messen und damit Stärken bzw. Ansatzpunkte zur Verbesserung entdecken.",0,59346,2003,14
"Im Spartenbereich Schadenversicherung wird künftig bei den Versicherungszweigen Haftpflichtversicherung, Rechtsschutzversicherung und Kraftfahrversicherung unterschieden zwischen den Versicherungen für Privatkunden, Gewerbekunden und Freie Berufe.",3,51451,2002,14
"Außerdem lässt er sich über vergleichsweise einfache Eingaben steuern: Der Nutzer gibt Befehle in der Programmiersprache Python oder textbasierte Gleichungen ein und der Simulator generiert hieraus den benötigten optimierten Code, um die Rechnungen auf paralleler Hardware durchzuführen.",0,641187,2015,14
Dies ergab ein Versuch mit rund 200 Bachelor- und Master-Studierenden in wirtschaftswissenschaftlichen oder wirtschaftsnahen Studiengängen.,0,637479,2015,14
Kostensenkungsmotive spielen dagegen eine untergeordnete Rolle.,3,454801,2011,14
Dies belegt ein vom Bundesamt für Naturschutz (BfN) in Auftrag gegebenes Forschungsvorhaben.,0,42737,2001,14
Sowohl die Tutorenprogramme und studentischen Arbeitsgruppen zum Studienbeginn als auch die studienvorbereitenden Orientierungswochen und die Mentoringprogramme werden als besonders nützlich angesehen.,1,632466,2015,14
"Wenn sie in workshops mit Dienstleistungsunternehmen ein ""Blueprint"" erarbeitet, muss deshalb aus jeder Funktion ein Mitarbeiter seinen Arbeitsablauf schildern, denn nur ein lückenloses Bild erlaubt auch eine zuverlässige Analyse und Bewertung der Ergebnisse.",3,21728,2000,14
"In der Vergangenheit dachten Wissenschaftler im Grunde genommen, dass I-Neuroneschlicht einen hemmenden Neurotransmitter namens GABA auf ihre Nachbarn spruehen.",0,17231,2000,14
Leistungsfähigkeit und Erfolg der Patentagenturen sind von Kienbaum sowohl qualitativ als auch quantitativ erfasst worden.,0,73437,2003,14
Männchen mit den schnellsten Spermien befruchten die am besten ausgestatteten Eier.,1,443194,2011,14
"Über das Projekt Ziel des Projekts ZuGaNG ist die Entwicklung einer neuen Generation von Galliumnitrid-basierten Hochspannungstransistoren für die Leistungselektronik, die durch ihre hohe Taktfrequenz die Verlustleistung von Spannungswandlern halbieren und auch bei hohen Spannungen und Temperaturen zuverlässig arbeiten.",0,592126,2014,14
"Das Buch basiert auf einer Dissertation an der Fakultät für Sozialwissenschaft der Ruhr-Universität Bochum, in der die Wissenschaftlerin Ergebnisse aus ihrer langjährigen Forschungsarbeit am Institut Arbeit und Technik (IAT/Gelsenkirchen) verarbeitet.",0,78869,2004,14
Bei der Aufbereitung von Medizinprodukten komme der Hygiene eine immer bedeutendere Rolle zu.,1,281949,2008,14
Viele hochqualifizierte Frauen können nach der Erziehungspause nicht mehr in Forschungstätigkeiten zurückkehren.,0,217916,2007,14
"Solche Unterschiede lassen sich mit faktischen Leistungsunterschieden allein nicht erklären, sondern legen es nahe, dass die Benotungspraxis je nach Fachgebiet sehr unterschiedlich ist.",0,593626,2014,14
"„Die Themenvielfalt belegt, dass der Naturschutz in der Gesellschaft angekommen ist und mit seinen vielfältigen Beiträgen sehr nachhaltig zur Förderung des Allgemeinwohls beiträgt“, so Jessel weiter.",3,477839,2012,14
"Als Informations-, Bildungs- und Beratungsplattform vereint die gemeinnützige Forschungsgemeinschaft Hochschulen, Forschungsinstitute, Unternehmen und Einzelpersonen, die auf dem Gebiet der Bionik arbeiten.",0,517667,2013,14
"Gut zwei Drittel der Unternehmen aus den westdeutschen Bundesländern, aber nur etwa 40 Prozent der Unternehmen aus den ostdeutschen Bundesländern beziehen Leistungen aus dem Ausland.",3,168604,2006,14
"""Wer bereits als Schüler Verantwortung und Führungsaufgaben - etwa als Klassensprecher - übernimmt und sich initiativ und experimentierlustig zeigt, der besitzt mit hoher Wahrscheinlichkeit auch das Zeug zum Unternehmer.""",1,38164,2001,14
Auch bei MDAX-Unternehmen bestehe zum Teil noch ein erheblicher Nachholbedarf bei der Professionalisierung der Gremien.,0,643021,2015,14
Der Ausbau der Gesundheitssysteme und weitere Entwicklungen haben in den letzten Jahren zu einer deutlichen Verbesserung der Gesundheitsversorgung geführt.,1,470200,2012,14
"Monika Keller interpretiert das Ergebnis so: ""In der Pubertät lösen sich junge Menschen von den Eltern und intensivieren die Beziehungen zu den gleichaltrigen Freunden und Freundinnen.",3,53001,2002,14
"Das Karlsruher Institut hat untersucht, wie verbreitet diese Konzepte sind und welche Innovationseffekte sie haben.",0,218958,2007,14
"Weitgehend einig sind sich Ärzte und Patienten jedoch darin, dass nicht jeder Bürger die gleichen Möglichkeiten einer guten medizinischen Versorgung hat (70 bzw. 77 Prozent Zustimmung).",3,148698,2006,14
"„Dieses neue Verfahren birgt ein revolutionäres Potenzial, da es absolut sicher und vertraulich genutzt werden kann, ohne die herkömmlichen, lästigen Überweisungsverfahren.”",2,631033,2015,14
Durch die höhere Kühlmitteltemperatur von rund 700 Grad kann die Fusionswärme effizienter in Strom umgewandelt werden.,3,145375,2006,14
"Archehöfe, Ökohöfe, Freilichtmuseen, Landschaftspflegebetriebe, Schäfereien und andere mehr nutzen sogar gezielt das Potential seltener Rassen und Sorten um über regionale Vermarktung der gewonnen Produkte und durch Einnahmen aus dem Tourismus naturverträglich und rentabel im ländlichen Raum zu wirtschaften.",3,227776,2007,14
Wichtig hierbei ist die gemeinsame Arbeit von Wissenschaftlern und Experten aus Politik und Verwaltung.,0,207852,2007,14
"Ein Beispiel dafür ist die interne Exzellenzinitiative, in deren Rahmen ausgewählte Forschungsarbeiten und der Aufbau von Nachwuchsgruppen aus hochschuleigenen Mitteln unterstützt werden.",0,248889,2008,14
"Der neue Ausbildungsberuf ""Automobilkaufmann/frau"" hat sich seit seinem Erlass im Jahr 1998 mit großem Erfolg in der Praxis etabliert: So konnten rund 950 bisher nicht ausbildende Betriebe bereits ein Jahr nach Ausbildungsbeginn zusätzlich für den Einstieg in die Berufsausbildung gewonnen werden - ein Ergebnis mit sehr positiven Auswirkungen auf die Entwicklung der Ausbildungsverhältnisse: 1998 wurden die ersten über 2 400 Ausbildungsverträge geschlossen, im zweiten Jahr der Ausbildung wurden insgesamt über 5 800 Ausbildungsverhältnisse gezählt, 2000 waren es mehr als 8 900 und 2001 stieg die Zahl noch einmal auf 9 597.",1,63427,2003,14
"Bei der Nutzung vieler Dienste und Angebote im Internet wie etwa beim Online-Shopping, in sozialen Netzwerken oder selbst auf den Webseiten staatlicher Behörden werden häufig personenbezogene Daten gesammelt.",0,648014,2016,14
"Eine solche Revision, zumindest aber eine Erweiterung ihres Nietzsche-Bildes war für viele der zahlreichen Zuhörer das Erlebnis des Philosophen Nietzsche als Komponist.",3,12937,1999,14
"Als Grundlage dafür ist es wichtig, den Nutzen von medizinischen Leistungen bestimmen und bewerten zu können, damit Entscheide für oder gegen bestimmte Leistungen transparent und mit fundierten Begründungen gefällt werden können.",3,470200,2012,14
"Der IAT-Report begründet deshalb eine Reihe von Vorschlägen, mit denen die Inanspruchnahme der Entgeltsicherung und des Beitragsbonus verbessert werden kann.",0,145591,2006,14
"Hierbei handelt es sich um einen Schreitbagger, der als flexibles Werkzeug für Rettungs- und Bergungsaufgaben genutzt werden kann.",0,573510,2014,14
Dadurch fließt elektrischer Strom und der Reiz wird weitergeleitet.,0,527781,2013,14
"Die ICES-Bewertungen erfolgen auf Basis einzelner Bestände, d.h. eine integrative Gesamtanalyse zum Zustand aller kommerziell genutzten Nordseefischbestände fand bisher nicht statt.",0,524198,2013,14
"Immobilien und Glück in Baden-Württemberg“ ist die erste große, systematische Studie zum Zusammenhang zwischen Wohneigentum und Glück.",0,630227,2015,14
"„Dieser Aspekt wird sich mit der demografischen Entwicklung in Deutschland und den Implikationen für den Mangel an Fach­ und Führungskräften in Zukunft noch verstärken“, sagt Fehre.",1,447042,2011,14
"Mitherausgeber Higgins betont: „Vor dem Hintergrund, dass wir die Nischenmodellierung besonders zur Abschätzung der Auswirkungen des Klimawandels auf die Tier- und Pflanzenwelt brauchen, sind die durch diese neuen Ansätze eröffneten Perspektiven dieser Methode gar nicht hoch genug einzuschätzen.“ Veröffentlichung: Journal of Biogeography, Sonderausgabe „The ecological niche as a window to biodiversity“ (Volume 39, Issue 12, Pages 2089–2302, i–ii) http://onlinelibrary.wiley.com/doi/10.1111/jbi.2012.39.issue-12/issuetoc Für weitere Informationen kontaktieren Sie bitte: Prof. Dr. Christine Römermann Juniorprofessur für Theoretische Ökologie Institut für Botanik Universität Regensburg Tel.",3,516925,2013,14
"Dass die Aufstiegsmobilität der Niedriglohnbeschäftigten in den letzten beiden Jahrzehnten deutlich zurückgegangen ist, stellt auch im internationalen Vergleich eine Besonderheit dar.",1,104206,2005,14
"Für ihre Studie „Renewable Energies“ wählen Matthias Groß und Rüdiger Mautz einen genuin soziologischen Zugang zum Thema „erneuerbare Energien“, um sowohl Interdependenzen zwischen neuen Formen der Energieerzeugung und -versorgung als auch soziale Veränderungsprozesse herausarbeiten und theoretisch genauer beschreiben zu können.",0,642491,2015,15
Diese Patienten könnten von weiteren positiven Forschungsergebnissen zu EPO profitieren.,0,180280,2006,15
Höhere Leistung und niedrigere Kosten dank Galliumnitrid Durch die Weiterentwicklung der eingesetzten Technologie wollen die Wissenschaftler sowohl eine erhebliche Steigerung der Energieeffizienz von Spannungswandlern als auch die Einsparung von bis zu 50 % der Herstellungskosten von Galliumnitrid-Leistungstransistoren erreichen.,1,592126,2014,15
"Fiberio hingegen authentifiziert die Benutzer für jeweils diejenige Interaktion, die gerade ausgeführt wird - biometrisch und sicher“, fügte Baudisch hinzu.",0,566055,2013,15
"In den untersuchten Branchen - Versicherungs-, Bekleidungs- und Parfümeriebranche - gibt es wichtige Informationsarten, sogenannte ""Schlüsselinformationen"" (z.B. bisherige Marken, Produktverwendungszweck, Beruf etc.), die bereits in frühen Stadien der Eindrucksbildung herangezogen werden.",0,42136,2001,15
"Vier Lösungen stellen Anpassungen branchenneutraler EDV-Systeme für Aufgaben im überbetrieblichen Informationsmanagement, Dokumentenmanagement, Audit-Management und Risikomanagement dar.",0,138217,2005,15
"Das Internet mit seinen verschiedenen Diensten und Nutzungsmöglichkeiten werde mittlerweile auch im Innovationsmanagement umfangreich genutzt und sei innerhalb weniger Jahre zu einer zentralen Informationsquelle im Innovationsprozess avanciert, so Prof. Josef Schmid, Projektleiter für die Universität Tübingen.",0,181170,2006,15
"Zwar nehmen jenseits der fast vollmarinen, bzw. fast limnischen Randgebiete der Ostsee die für die jeweiligen Salzgehalte typischen Bakteriengemeinschaften in ihrer Artenvielfalt ab, aber anders als bei den Tieren und Pflanzen haben sich im Reich der Bakterien in den zentralen Bereichen der Ostsee, Arten angesiedelt, die sich an das Brackwasser angepasst haben.",0,441126,2011,15
"Diese Form der Sponsoringpartnerschaften lassen sich folglich als Standortbekenntnis starker Sponsorenmarken zur Region interpretieren, deren Motivation die Förderung und Verantwortungsübernahme für den regional ansässigen Spitzensport und die Positionierung als Good Corporate Citizen („guter Bürger“) ist.",1,599984,2014,15
"Der Blick in den Jahresbericht 2014 zeigt, dass die von der CTR eingeschlagene Strategie greift: Neben der Initiierung weiterer strategischer Kooperationen wird auf den Auf- und Ausbau von Forschungsinfrastruktur und Technologie-Kompetenz gesetzt.",0,629995,2015,15
"Insbesondere zählt der Verlauf der Dosis-Wirkungs- bzw. Dosis-Risiko-Beziehung für niedrige Dosen auch nach einem Jahrhundert intensiver Erforschung der Wirkungen ionisierender Strahlung zu den wichtigen, leider noch offenen Fragen.",0,75785,2004,15
"DIVA wurde von der Europäischen Kommission, Programm für Lebenslanges Lernen, gefördert.",0,438668,2011,15
"Knapp 30 Unternehmen und Forschungseinrichtungen rund um den Chemiepark in sachsen-anhaltinischen Leuna streben mit Unterstützung des Bundesforschungsministerium, BMBF, in einem Verein als sogenannter Spitzencluster BioEconomy die Etablierung einer BioÖkonomie an.",0,554850,2013,15
Abo unter <www.oeko.de/newsletter_ein.php>,0,474849,2012,15
Auch in diesem Punkt zeigen sich die Menschen in Baden-Württemberg so optimistisch wie nirgendwo sonst.,1,552113,2013,15
"Die Ziele der IS-Anhänger Innerhalb der Anhängerschaft des IS unterscheiden die Wissenschaftler drei strategische Ziele: humanitäre, religiöse und persönliche Erfüllung.",0,642209,2015,15
"Mitnahmeeffekte vermeiden und die Kosten kontrollieren ließen sich lediglich bei befristeten und zielgruppenspezifischen Kombilohn-Modellen, bei denen die Zuschüsse von den Arbeitsagenturen als Ermessensleistung gewährt würden und somit kein genereller Rechtsanspruch auf staatliche Gelder bestehe.",0,148953,2006,15
"„Dieses stark korrelierte System, bestehend aus 48 Nukleonen, ist als quantenmechanisches Vielteilchenproblem alles andere als einfach zu lösen.",1,640713,2015,15
"Zurzeit arbeiten die Wissenschaftler daran, die neue Vorhersagemethode zu präzisieren und die Mechanismen, nach welchen sich die genannten 13 Gene und ihre Proteinprodukte während der Evolution verändert haben, besser zu verstehen.",0,239965,2007,15
"Hingegen hätte die überschießende Bildung neuer Zellen einerseits zur Erschöpfung des Stammzellpools zur Folge, die wiederum eine verfrühte Beeinträchtigung der Hippokampus-Funktion nach sich ziehen würde.",0,179539,2006,15
"So führt die Subventionierung geringfügiger, nicht sozialversicherungspflichtiger Beschäftigungsverhältnisse für verheiratete Frauen im Falle einer Scheidung nicht selten zu eklatanten Mängeln bei den späteren beruflichen Entwicklungsmöglichkeiten und in der sozialen Sicherung im Alter.",1,406196,2011,15
Alle Ergebnisse und Grafiken stehen im Internet unter <www.innovationsindikator.de> zum Herunterladen zur Verfügung.,0,564747,2013,15
"Auch Anwendungen im medizinischen Bereich gehören dazu, beispielsweise als Teilchenbeschleuniger für die Krebstherapie.",0,621130,2015,15
"Doch der Konkurrenzkampf mit dem Ausland wird härter, und zunehmend charakterisieren Technologie- und Wissensintensität, Interdisziplinarität und Regulierung den Zukunftsmarkt.",0,323164,2009,15
„Dazu gehören auch Sanktionen.,0,592767,2014,15
Die Industrie hat die Mehrheit im Aufsichtsrat.,0,74604,2004,15
"Ihre Ansprechpartnerin für weitere Informationen: Fraunhofer IAO Inka Mörschel Nobelstraße 12, 70569 Stuttgart Telefon +49 711 970-5109, Fax +49 711 970-2192 inka.moerschel@iao.fraunhofer.de",0,300921,2009,15
"Ein weißes Blatt Papier: Nicht nur bei Anfängern, sondern auch bei gestandenen Wortprofis und Malern löst es manchmal Qualen und Ängste aus.",2,597902,2014,15
"Eine weltweit einmalige Komplexität Für die Komplexität eines Abstimmungsverfahrens gibt es bei einer solchen spieltheoretischen Interpretation eine klare Definition: nämlich die Mindestanzahl der Mehrheitskriterien, die miteinander kombiniert werden müssen, damit am Ende eine gültige Ratsentscheidung herauskommt.",0,635584,2015,15
"Naturschutz / Biologische Vielfalt / Äthiopien / Wildkaffee Metu/Bonn, 8. Oktober 2007: Heute beginnt in Metu, Äthiopien, ein Workshop des Bundesamtes für Naturschutz (BfN) zur Landschaftsplanung.",0,228935,2007,15
"Die insgesamt 2.905 Interviews, die im 3.",0,280861,2008,15
"Diese Strudel sollten sich normalerweise in gleichmasigen Abstanden voneinander niederlassen, ahnlich der Anordnung von Molekulen innerhalb eines festen Kristalls.",0,23317,2000,15
Dtsch Arztebl Int 2012; 109(44): 737-45 DOI: 10.3238/arztebl.2012.0737 Kontakt: Prof. Dr. Dr. Dieter Leyk / Dr. Thomas Rüther Deutsche Sporthochschule Köln Forschungsgruppe Leistungsepidemiologie Institut für Physiologie und Anatomie Am Sportpark Müngersdorf 6 50933 Köln Telefon: 0221/4982-6163 E-Mail: Leyk@dshs-koeln.de,0,505102,2012,15
"Wesentlich seien dabei allerdings nicht nur „externe Ressourcen“ wie Einkommen, Bildung, berufliche Position oder verlässliche Freunde.",0,472891,2012,15
: +49 89 289 17334 E-Mail: wagnerst@informatik.tu-muenchen.de,0,363416,2010,15
Im Jahr 2005 haben Archäologen in der Nähe von Eulau in Sachsen-Anhalt ein steinzeitliches Gräberfeld entdeckt.,0,289453,2008,15
": 0711 459-24030, E-Mail: frank.brettschneider@uni-hohenheim.de",0,485454,2012,15
"Durch die Entwicklung attraktiver Beteili-gungsmodelle für verschiedene Nutzergruppen können die Eigentümer bei der Unterhaltung der Gebäude entlastet und die Bausubstanz damit erhalten werden - sie wird ""durch Nutzung gepflegt"".",0,360195,2010,15
"Die von ihnen betriebene exzellente Grundlagenforschung macht sich nicht nur im universitären Umfeld sehr positiv bemerkbar, sondern strahlt außerdem vorteilhaft in die Saar-Wirtschaft aus.",2,73369,2003,15
"Die Ergebnisse des Projektes CO2CARE werden hier direkt umgesetzt werden.“ Aufgrund des weltweit weiterhin steigenden Energiebedarfs insbesondere in Ländern wie China, Indien und Brasilien und des Einsatzes fossiler Energieträger, wird die CCS Technologie weiterhin eine zentrale Rolle bei der globalen Verminderung der CO2-Emissionen spielen.",1,560547,2013,15
"Immundefizienz) ist die Bedeutung des Immunsystems dagegen sehr bewusst, denn sie erkranken häufig und übermäßig stark an sonst banalen Infekten.",1,332897,2009,15
"Der Anteil der Niedriglohnbeschäftigten mit einer abgeschlossenen Berufsausbildung hat sich deutlich erhöht von 58,5 Prozent im Jahr 1995 auf 70,8 Prozent in 2007.",0,325132,2009,15
"), siffrinv@gmx.de (V.S.)",0,387520,2010,15
"Wir haben deshalb das ServLab in unsere Produktlinie ""Aufbruch Pflege"" aufgenommen.",0,232633,2007,15
Die VDI-Umfrage stand daher ganz im Zeichen von Innovationen und Aus-sichten für die Zukunft.,1,605700,2014,15
Zuversicht geht durch das Portemonnaie Zwischen den Einkommensschichten gibt es erhebliche Zuversichtslücken.,1,236723,2007,15
"Die Einstellung älterer Arbeitnehmer rechnet sich für diese Unternehmen meist ebenfalls nicht, weil sie um des einheitlichen betrieblichen Lohngefüges willen analog zu den schon lange im Unternehmen arbeitenden Beschäftigten gleichen Alters entlohnt werden.",0,418847,2011,15
Die ideale Zeit für die Dauer einer Schwangerschaft sind 40 Wochen.,0,450177,2011,15
Nicht in Geldwert auszudrücken ist die wiedererlangte gesteigerte Lebensqualität der betroffenen Patienten.,2,22117,2000,15
"Hier am Stralauer Platz direkt vor dem Berliner Ostbahnhof sollen sich vor allem Unternehmen und Organisationen der Energiebranche einmieten, die sich mit Energie-Effizienztechnologien sowie mit erneuerbaren Energietechniken und -dienstleistungen befassen.",0,71147,2003,15
"Dabei hat eine Gruppe von Architekten, Physikern, Materialforschern, Künstler und Designer einen lichtreflektierenden Beton entwickelt, der große Mengen Energie einspart.",0,467617,2012,15
Die Untersuchung wurde vom Forschungsnetzwerk Alterssicherung der Deutschen Rentenversicherung Bund gefördert.,0,608014,2014,15
"Daraus sollen landwirtschaftliche Nutzungsverfahren abgeleitet werden, die einerseits die ökologisch relativ günstige Situation im Bereich der intensiv genutzten Ackerflächen Ostdeutschlands zumindest erhalten, andererseits die biologische Vielfalt auf den Ackerflächen Westdeutschlands wieder erhöhen könnten.",0,42737,2001,15
"Beim Elfmeter benötigt der Ball nur rund 0,3 Sekunden bis zum Tor.",0,595386,2014,15
Erfolgreich in Förderrankings Die Erfolge in den Förderrankings dokumentieren eindrucksvoll die Forschungsleistung der Mainzer Profilbereiche.,1,437633,2011,15
„Der positive Blick auf die allgemeine Wirtschaftslage lässt auch die Zuversicht in die Sicherheit der Arbeitsplätze deutlich wachsen.,0,592837,2014,15
"«Aufgrund seiner herausragenden Effizienz, die durch die Empa erzielt wurde, sind wir überzeugt, dass dieses flexible, leichtgewichtige und strapazierfähige Material das Potenzial hat, die Industrie zu revolutionieren, da es flexibelste Gestaltungsmöglichkeiten bietet und die Systemkosten reduziert.» Effizienzsteigerung – idealerweise bis zur Netzparität Das Empa-Labor für Dünnfilme und Photovoltaik ist spezialisiert auf die Entwicklung hocheffizienter (und dabei erst noch kostengünstiger) Dünnschicht-Solarzellen.",2,427359,2011,15
Das zeigt eine gemeinsame Analyse des Instituts für Makroökonomie und Konjunkturforschung (IMK) und des Wirtschafts- und Sozialwissenschaftlichen Instituts (WSI) in der Hans-Böckler-Stiftung.,0,151995,2006,15
"„Von den durchgeführten Naturschutzmaß-nahmen zum Moorschutz und der Umwandlung von Äckern in extensiv genutztes Grünland profi-tieren nicht nur zahlreiche gefährdete Tier- und Pflanzenarten, sondern diese Maßnahmen tra-gen auch in erheblichem Umfang zur Minderung der Emissionen von Treibhausgasen bei.",1,483148,2012,15
"„Der Süden hat bei der Wirtschaftskraft die Nase vorn“, sagt Prof. Dr. Brettschneider.",1,552113,2013,15
"So ist es von großer Bedeutung, Kundenwissen zu nutzen und Kooperationen mit der Wissenschaft oder anderen innovativen Unternehmen einzugehen.",0,174296,2006,15
Doch welche Faktoren wirken sich besonderes auf das Angebot von »Urban Services« aus und wie sollten die Dienstleistungen und die zugrundeliegenden Geschäftsmodelle konzipiert werden?,0,636226,2015,15
"Diese Situation hat Nachteile: Es ist sehr zeitintensiv und wertvolle Erfahrungen, die letztendlich in Standards subsumiert sind, werden nicht genutzt.",0,363416,2010,15
Dafür seien jedoch neue Finanzierungs- und Förderkonzepte notwendig.,0,161084,2006,15
"Projektleiter Jürgen Wengel zieht daraus den Schluss, dass auch andere betriebliche Abteilungen neben Forschung und Entwicklung zum Innovationserfolg eines Unternehmens beitragen.",0,82470,2004,15
"Noch bedeutender ist das Ziel von DAPA, Computermodelle zu erstellen, die online oder lokal zur Verfügung stehen und es den Landwirten und ihren Geschäftspartnern ermöglichen, standortspezifische Zusammenhänge selber zu analysieren und agronomische sowie kommerzielle Managementkonsequenzen daraus abzuleiten.",1,188936,2006,15
Schon heute sind z.B. monoklonale Antikörper fester Bestandteil bei der Therapie von verschiedenen Arten von Krebs.,0,76412,2004,15
Außerdem ergab die Studie unter Behandlung mit wIRA eine deutliche Abnahme der Schmerzen und des Schmerzmittelverbrauchs (z.B. von 15 bis 0 Schmerztabletten pro Tag) und eine Normalisierung des Thermographiebildes.,0,284525,2008,15
"In den neuen Idealen einer ""subjektivierten Arbeitswelt"", wo sich jeder mit seiner Individualität selbstgesteuert einbringen soll, hat der Spaß an der Arbeit einen hohen Wert.",1,243546,2008,15
Als nächstes untersuchen die Forscher die Interaktion von Arbeitgeber-Anreizen und Arbeitnehmer-Motivationen.,0,320447,2009,15
Kontakt: Universität Konstanz Kommunikation und Marketing Telefon: 07531 88-3603 E-Mail: kum@uni-konstanz.de PD Dr. Roland Weierstall Universität Konstanz Fachbereich Psychologie Universitätsstraße 10 78464 Konstanz Telefon: 07531 88-4616 E-Mail: Roland.Weierstall@uni-konstanz.de - uni.kn,0,625208,2015,15
"Kontakt für Medien: Prof. Dr. Frank Brettschneider, Universität Hohenheim, Fachgebiet Kommunikationswissenschaft insb.",0,539689,2013,15
"Auch in den Jahren 2003 und 2004 lag die durchschnittliche Lohnentwicklung mit jeweils 4,8% deutlich über dem Niveau der alten EU.",1,84088,2004,15
"Die ersten Zwischenergebnisse des Projekts werden auf der Konferenz „Digitalisierung der Gesellschaft: Trends und Herausforderungen für die Dienstleistungen der Zukunft“ am 5. Dezember 2014, von 9.00 bis 17.00 Uhr in der Gaszählerwerkstatt in München vorgestellt.",0,615627,2014,15
"So werden ihnen nach eigenen Angaben seltener Medikamente verweigert (1,4 im Vergleich zu 8 Prozent) und häufiger alternative Heilmethoden ""auf Kran­kenschein"" verordnet (26 im Vergleich zu 8 Prozent).",0,140777,2005,15
"Die DIW-Experten halten vor allem die Weiterentwicklung bestehender Beratungsprogramme und finanzieller Anreize durch die Kreditanstalt für Wiederaufbau (KfW) für Immobilieneigentümer und eine weitere Verbesserung der Qualifikation sowie eine Zertifizierung der Handwerker für Sanierungsmaßnahmen für notwendig, um die Sanierungsrate nachhaltig zu erhöhen.",0,630597,2015,15
"Mit einer finanziellen Förderung solcher Umweltleistungen bieten sich dabei neue Wege, Umwelt- und Entwicklungspolitik in eine gemeinsame Strategie zu integrieren.",0,121504,2005,15
"Der Begriff schließt aber auch weitere Leistungen ein, die mittelbar mit dem Produkt in Verbindung stehen, wie z.",0,341958,2009,15
"Das Modell der Bürgerversicherung sieht demgegenüber prinzipiell vor, dass sich alle Bürger im Rahmen einer Grundsicherung in der gesetzlichen Krankenkasse pflichtversichern müssen.",0,72019,2003,15
"Broschüre 4: Erfolgreicher Wandel zum Anbieter produktbegleitender Dienstleistungen durch kombinierte Personal- und Organisationsentwicklung Die Broschüre gibt Informationen und Handlungsempfehlungen, um diese Neuorientierung durch eine Anpassung der organisationalen Strukturen und eine Weiterentwicklung von Mitarbeiterkompetenzen zu bewältigen.",0,341958,2009,15
"Nur so kann verhindert werden, dass der Klimawandel den Menschen ihre Lebensgrundlagen entzieht.""",0,323387,2009,15
"Neuerdings strebt die IG BAU Verhandlungen über einen einheitlichen Mindestlohntarifvertrag für die Bereiche Landwirtschaft, Forstwirtschaft und Gartenbau an, mit dem bereits vor Ende 2016 die Grenze von 8,50 € erreicht und auch überschritten werden soll.",0,590336,2014,15
Deutschland verfügt zwar über eine im internationalen Vergleich gute Datenbasis für den Boden- und Freiraumschutz.,0,244578,2008,15
"Unter der Leitung des Kölner Neurologen unterzogen sich insgesamt 40 Patienten mit Morbus Parkinson in Deutschland, England, Italien, Frankreich, Österreich und Spanien einer „Hirnschrittmacher-Operation“.",0,539055,2013,15
"Der Beitragsbonus soll Betrieben die Einstellung von Arbeitslosen ab 55 Jahren erleichtern, indem für diese Personen der Arbeitgeberanteil zur Arbeitslosenversicherung erlassen wird.",0,145591,2006,15
Der Hintergrund: Im erwachsenen Gehirn wird die Mehrzahl der Nervenzellen aus neuralen Stammzellen während der embryonalen Entwicklung bzw. kurz nach der Geburt gebildet.,0,179539,2006,15
"Ziel der Fusionsforschung ist es, die Energieproduktion der Sonne in einem Kraftwerk auf der Erde nachzuvollziehen und aus der Verschmelzung von Atomkernen Energie zu gewinnen.",0,145375,2006,15
"Das monatlich erscheinende Blatt existiert seit 1949, sein Vorgänger gar seit 1913; nur zwischen 1941 und 1949 gibt es wegen Papiermangels eine Lücke.",0,70274,2003,15
: 030 2093 1679 alexandra.spitz-oener@wiwi.hu-berlin.de,0,571692,2014,15
"Zudem werden von A bis hin zu D immer günstigere Plasmazustände erreicht: die Belastung der Wände nimmt ab, weniger elektrische Leistung muss zur Eigenversorgung in das Kraftwerk zurückgespeist werden.",0,145375,2006,15
"Ein Forschungsstipendium der Deutschen Forschungsgemeinschaft ermöglichte der Preisträgerin, in dem renommierten Labor von Prof. Dr. Marsha A. Moses an der Harvard Medical School, Boston, USA, einschlägige Untersuchungen in vitro und in vivo zur Einheilungs- und Resorptionsphase eines neuartigen, langzeitresorbierbaren elastischen Polymers, das in Weichgeweben eingesetzt wird, durchführen.",1,60163,2003,15
"Daher wurden neue Standards für Planung und Einsatz von Rettungskräften erarbeitet, die den Feuerwehren ab sofort zur Verfügung stehen.",0,632087,2015,15
"Der Vergleich zeigt, dass Vögel und Fledermäuse sehr unterschiedlich auf Landnutzung reagieren: Während Vögel, besonders Insektenfresser, mit deutlich weniger Arten in landwirtschaftlich genutzten Flächen vertreten sind, nimmt der Artenreichtum von Fledermäusen zwischen Wald und Landnutzung nicht so stark ab.",0,635216,2015,15
"""Naturschutzprojekte funktionieren oft dann besonders gut, wenn auch den verschiedenen Interessen in den Gebieten ein ausreichendes Maß an Aufmerksamkeit geschenkt wird.",0,72014,2003,15
"Auch dieser Lösungsvorschlag ist, wenn er auf sich allein gestellt bleibt, ein offenkundiger Irrweg.",1,65139,2003,15
"Das internationale Forschungsprojekt ermittelte, dass die Schutzgebiete der Erde jährlich Ökosystemdienstleistungen im Wert von 4,4 - 5,2 Bio.",0,382914,2010,15
"Durch diese Interaktion kann die Chromatinstruktur so verändert werden, dass bestimmte Zielgene, die die neuronale Differenzierung regulieren, zugänglich sind und aktiviert werden können.",0,547314,2013,15
"Allein bei den Arbeitskosten ist derzeit noch nicht ganz klar, wie stark ihr Anstieg zu Buche schlägt und ob die Kostensteigerungen durch die neue Arbeitszeitregelung vollständig auf die Preise überwälzt werden können.",0,213171,2007,15
DAPA hat sich zwei wichtige Ziele gesetzt: 1.,0,188936,2006,15
"Hier beschreibt der Statusreport, welche bestehenden rechtlichen Regelungen auf die additiven Fertigungsverfahren übertragbar sind, und wo aufgrund der höchst arbeitsteiligen Produktion, an der auch der Endverbraucher beteiligt sein kann, noch juristischer Klärungsbedarf be-steht.",0,610578,2014,15
"Das Themenspektrum reicht u.a. von größeren Biotopverbundmaßnahmen, einzelnen Arten- und Biotopschutzprojekten, über Landschaftspflegemaßnahmen mit der Land- und/oder Forstwirtschaft, den Besucherlenkungsmaßnahmen und des Schutzgebietsmanagements sowie den Naturparkplänen und dem Monitoring zur Entwicklung von Natur und Landschaft bis zur kooperativen Zusammenarbeit in den Bereichen Naturschutz und Landschaftspflege.",0,222917,2007,15
"Gleichzeitig entwickeln Tumore eigene Mechanismen, um das Immunsystem zu unterdrücken, indem sie etwa die Abwehrreaktion von T-Zellen hemmen, die sich gegen den Tumor richten.",0,588450,2014,15
"Die Anzeige war ganzseitig, die Angebotspalette beeindruckend: ""Großes Lager in Metall-, Eichen-, Tannen-, Pitch-Pine-, Versand- und Verbrennungssärgen"", hieß es da.",1,70274,2003,15
"Wertschöpfungsbeiträge der externen Anbieter, die darüber hinaus gehen, finden kaum Beachtung.",0,298383,2009,15
Vor allem bei der erfolgreichen Entwicklung von Marktneuheiten mit einem höheren Innovationsgrad spielen interne Innovationsquellen und -ideen nach wie vor eine herausragende Rolle.,1,603294,2014,15
"Dieser Umstand wurde experimentell umfassend untersucht und verschiedene Verfahren zur Verbesserung der physikalischen Eigenschaften dieser Materialien konnten erfolgreich entwickelt werden, wobei hier Pionierarbeit von Forschern der Universität Augsburg geleistet wurde.",1,376818,2010,15
"„Die Erkenntnis, dass der Rezeptor PPARβ/δ nicht nur den Knochenabbau, sondern vor allem auch die Erneuerung einer physiologischen Knochenstruktur bewirken kann, könnte einen echten Durchbruch in der Osteoporose-Therapie bedeuten,“ sagt Dr. Gerhard Krönke, Leiter der Arbeitsgruppe am Universitätsklinikum Erlangen.",2,526239,2013,15
"Durch die erfolgreiche internationale Kooperation von Wissenschaftlern sowie industriellen Produzenten und Anwendern sei ein wesentlicher Beitrag zur Wettbewerbsfähigkeit Europas in den wichtigen Sparten des Fahrzeug-, Flugzeug- und Maschinenbaus geleistet worden.",1,401466,2010,15
): Qualitätsentwicklung in der Weiterbildung.,0,56332,2002,15
"Doch die Forscher erkennen in diesen zunächst widersprüchlichen Tendenzen einen inneren Zusammenhang: ""Weiche"" Faktoren machen die Leistungsdefinitionen noch diffuser, als sie immer schon waren.",0,243546,2008,15
"Das koennte uns eines Tages ermoeglichen, den funktionellen Aspekt des Gehirns nach Abstammungskriterien von Neuronen bildlich darzustellen - ein Organisationsprinzip, das wir uns in unseren kuehnsten Traeumen nicht vorstellen konnten', sagt Markram.",2,17231,2000,15
"Dies bedeutet bei Selbständigen häufig, dass ihre wirtschaftliche Existenz bedroht ist, dass Berufskraftfahrer auf Dauer arbeitslos werden.",1,70667,2003,15
"""Weitere Lohnsenkungen"", so der WSI-Experte für Tarifpolitik in Europa, Thorsten Schulten, ""würden lediglich die zwischen blühendem Export und kränkelnder Binnennachfrage gespaltene Konjunkturlage in Deutschland weiter fortschreiben und darüber hinaus die Gefahr einer handfesten Deflation heraufbeschwören.",2,84088,2004,15
"Angeboten werden darüber hinaus innovative Lösungen zur Verbesserung der Haftfestigkeit in Werkstoffverbunden (u. a. Kunststoff-Kunststoff, Kunststoff-Metall).",0,556217,2013,15
Für Betriebe sind die bei einem grenzüberschreitenden Austausch entstehenden finanziellen Belastungen ein wesentlicher Grund für geringe oder gar keine Austauschbereitschaft.,0,50962,2002,15
Neben dem Erhalt von Mooren ist auch der Schutz des stark gefährdeten Grünlandes ein weiter Aspekt.,0,508530,2012,15
"Ziel sei vielmehr ein realistisches Bild der Gefahren und Risiken zu zeichnen, mit denen beim alltäglichen Einsatz von Ambient Intelligence zu rechnen ist.",0,185027,2006,15
"Projektleiter Prof. Dr. Hans-Günter Hloch: ""Wir konnten die Kompetenzen unserer Hochschule im Schwerpunkt Reinigungs- und Hygienemanagement in idealer Weise mit denen der medizinischen Biotechnologie und im Bereich der Simulationsverfahren verknüpfen"".",1,281949,2008,15
Mit der jetzt erfolgten Behandlung in Münster wurden bislang weltweit erst drei solcher mit einem Antibiotikum beschichteter Nägel implantiert.,0,71744,2003,15
Jedes EU-Mitgliedsland ist in diesem Gremium durch jeweils einen Vertreter repräsentiert.,0,635584,2015,15
"Insofern ist es nicht unproblematisch, wenn die Aktivitäten in der öffentlichen Wissenschaft und Forschung von einem hohen Niveau aus geschrumpft sind mit entsprechenderen Konsequenzen für die Forschungsergebnisse.",0,199472,2007,15
"Nach der Analyse partieller und vollständiger Genomsequenzen von mehreren hundert Tierarten ergab sich, dass schon die Kenntnis eines bestimmten, winzigen Teils eines jeweiligen Genoms ausreicht, um die Größenordnung der maximalen Lebensdauer einer Spezies vorherzusagen.",0,239965,2007,15
"Sie könnten daher gegen ihre Absicht zum Sieg des Gesetzentwurfs beitragen“, hebt Schoen hervor.",0,373678,2010,15
"Tel +49 (0)69 / 97 20 20 56 Fax +49 (0)69 / 172 372 m.kip@mpr-frankfurt.de Antwortcoupon per eMail an m.kip@mpr-frankfurt.de oder Fax an 069/17 23 72 Seminarreihe IT-Sicherheit des Fraunhofer SIT ( ) Bitte senden Sie mir den Pressetext per E-Mail an: ( ) Bitte senden Sie mir das Seminarprogramm vom 29.4.03 als PDF per eMail an: (online unter http://www.sit.fraunhofer.de/german/press/SIT-Seminar-WLAN.pdf) ( ) Bitte senden Sie mir die Seminar-Gesamtübersicht 2003 als PDF per eMail an: (online unter http://www.sit.fraunhofer.de/german/events/seminars/index.html) ( ) Bitte registrieren Sie meine kostenlose Teilnahme zu Zwecken der Berichterstattung am Seminar ""Wireless LAN"" am 29. April 2003 (bitte nur Anfragen von Journalisten mit Kopie der Legitimation) Absender:",0,62129,2003,15
Nicht in Deutschland.,0,485454,2012,15
"(069) 97 12 04 146, m.leuzinger-bohleber@sigmund-freud-institut.de",0,310871,2009,15
"„Wir haben neue CRISPR-Cas-Gene in mehreren Bakterien-Arten gefunden“, sagt Charpentier, die am HZI forscht und an der Medizinischen Hochschule Hannover (MHH) lehrt.",0,531381,2013,15
"Beispielhaft dafür stehen die drei Leuchtturmstädte Valladolid (Spanien), Nottingham (UK) und Tepebasi/Eskisehir (Türkei).",0,628871,2015,15
"Der Vorteil der funktionalen Seite des Perfektionismus ist, dass sich solche Elite-Athleten sehr anspruchsvolle, aber realistische Ziele setzen können und diese dann auch weiter verfolgen.",0,282648,2008,15
"Am kräftigsten ist der Zuwachs - analog zur Zuversicht hinsichtlich der Wirtschaftslage -, wenn es um die eigene finanzielle Lage geht.",0,361483,2010,15
"Die neue Methode zur Normierung der Tragwerksbemessung kann leicht in die Berechnung von neuen Bauwerken wie z.B. Häusern, Industriebauten, Brücken, Dämmen und Kraftwerken einbezogen werden.",0,51804,2002,15
"Die einzigen Kosten, die dem Nutzer entstünden, wären leicht ansteigende Stromkosten für die zusätzliche Rechenleistung.",0,631033,2015,15
Quartal 2014 wurden 1.505 Interviews geführt.,0,578477,2014,15
"Die darin vorgenommene „internationale Bestandsaufnahme“ von vergleichbaren Clusterprojekten zur Etablierung einer BioÖkonomie kommt zu dem Ergebnis, dass das Vorhaben aus der Region Mitteldeutschland weltweit einzigartig ist.",1,554850,2013,15
"Auf der Web-Oberfläche zum Maildienst und Organizer-Funktionen der Universität Tübingen – <https://webmail.uni-tuebingen.de> – gibt es nun die Möglichkeit, sich per Handy statt per Passwort einzuloggen; der Benutzer muss sich Passwort und Benutzername nicht mehr merken – das überlässt er seinem Handy.",0,423983,2011,15
"Ab Januar 2009 wird die Versicherungspflicht auch auf die potenziellen Versicherten der Privaten Krankenversicherung (PKV) ausgedehnt, etwa Selbständige und Beamte.",0,291121,2008,15
"Ich würde mich freuen, Sie bei dieser Gelegenheit wieder in der Ruhr-Universität Bochum begrüßen zu können.",0,21364,2000,15
"Vielmehr handelt es sich hier um einen Prozess soziotechnischer Transformation, bei der sich Innovation (der Durchbruch der Erneuerbaren) mit „Exnovation“ verbinden müsste: dem endgültigen Ausstieg aus technologisch veralteten und zudem nicht-nachhaltigen Formen der Energienutzung.",0,642491,2015,15
Zum anderen seien ohne entsprechende Dokumentationen „wirksame Kontrollen der Mindestlohneinhaltung schlichtweg unmöglich“.,0,637553,2015,15
"Dies spiegelt sich auch in der Berufung von Stanley Fischer als zweiten Mann der Fed wider, ebenfalls ein Zentralbanker mit höchsten akademischen Weihen und jahrzehntelanger Erfahrung in der akademischen Welt, an der Wall Street und als Chef der israelischen Zentralbank.",1,570792,2014,15
"Der Allianz-Zuversichtsindex Basis des Allianz-Zuversichtsindex, eine gemeinschaftlich durchgeführte Studie der Allianz Deutschland AG und der Universität Hohenheim, sind repräsentative monatliche Befragungen mit je 500 Interviewpartnern.",0,251843,2008,15
Mit seiner breiten Informationsgrundlage über die Verhältnisse in anderen Ländern bietet die vorliegende Studie vielfältige Vergleichsmöglichkeiten und Anregungen für die derzeitigen hochschulpolitischen Reformanstrengungen in Deutschland.,0,80753,2004,15
"Eine auf Qualität ausgerichtete Strategie der Branche, auch durch Ausbildung und Qualifizierung des Personals, kann die Basis dafür bilden, dass gute Dienstleistung ihren Preis erzielt.",0,58823,2003,15
"Zudem sollten Beschäftigte dabei unterstützt werden, ihre Mindestlohnansprüche gegenüber unwilligen Arbeitgebern durchzusetzen.",0,637553,2015,15
"Deutschland hat eine große Chance, in der industriellen weißen Biotechnologie eine Spitzenposition einzunehmen.",1,215062,2007,15
"Die Vorlage für diesen Steckbrief speichert das Bakterium in seinen eigenen Genen, und zwar in Regionen, die Wissenschaftler als CRISPR bezeichnen (englisch: „Clustered regularly interspaced small palindromic repeats“, etwa: „Regelmäßige Anordnung von kleinen, symmetrischen Wiederholungen“ in der Abfolge der DNA-Bausteine).",0,531381,2013,15
Das zeigt der aktuelle Bericht des Instituts Arbeit und Technik (IAT/Gelsenkirchen) zur Entwicklung der Dienstleistungswirtschaft an Rhein und Ruhr.,0,57966,2003,15
Ebenso wichtig ist die Verankerung einer objektivierenden Sichtweise im Service Engineering.,0,585564,2014,15
"Ausgangspunkt der Entwicklung war eine physiologische Studie, deren Ergebnisse mit dem neuen Mechanismus zum ersten Mal in einem Computermodell simuliert werden konnten.",0,16305,1999,15
Biological Reviews 2015.,0,635216,2015,15
"Ihre Forschungsergebnisse zeigen, dass fast die Hälfte der befragten Beschäftigten (49,5%) über starke oder sehr starke Belastung durch Zeitdruck und Arbeitsaufkommen klagt - im Vergleich zu knapp 30% aller hochqualifizierten Beschäftigten und gut 23% aller sozialversicherungspflichtig Beschäftigten in Deutschland.",0,337272,2009,15
"„Zum einen empfinden wir sehr symmetrische und eher durchschnittliche Gesichter als attraktiv“, erklärt er.",0,572220,2014,15
"„Die neuen Meeresspiegeldaten bestätigen erneut, wie ungewöhnlich unser Zeitalter der globalen Erwärmung durch Treibhausgas-Emissionen ist.",0,646309,2016,15
"Wegen des engen Zusammenhangs von Agrobiodiversität zur Vielfalt von Bewirtschaftungs- und Produktionsformen, sind anders als bei der biologischen Vielfalt im Allgemeinen viele Bestandteile der Agrobiodiversität auf menschliche Aktivität zwingend angewiesen.",0,227776,2007,15
"Die räumliche Trennung von Einkommensgruppen könne bei einer starken Ausprägung unerwünschte Folgen haben: „Im Ergebnis kann innerstädtische Einkommenssegregation dazu führen, dass sozioökonomisch schwächeren Bewohnern qualitativ schlechtere lokale öffentliche Ressourcen und Netzwerke zur Verfügung stehen.",0,595271,2014,15
"Auch wenn die Datenschutzgesetze schon Jahrzehnte alt sind und auf die heutigen technischen Möglichkeiten angepasst werden sollten, empfiehlt das Fraunhofer ISI der Politik dennoch, zunächst keine Regulierung des noch jungen Marktes vorzunehmen, sondern erst bei Bedarf mit Gesetzen nachzusteuern Projektwebsite: http://swami.jrc.es Kontakt: Dr. Michael Friedewald Telefon: (0721) 6809 - 146 E-Mail: michael.friedewald@isi.fraunhofer.de Die Presseinformationen des Fraunhofer ISI finden Sie auch im Internet unter <www.isi.fraunhofer.de/pr/presse.htm>.",0,185027,2006,15
"Dafür seien keine teuren Labore nötig, sondern kostengünstige Freiräume, eine offene Kultur des Experimentierens und das besondere Milieu kreativer Städte.",1,627876,2015,15
"Außerdem wird von den Studierenden gelobt, dass Dr. Neumeyer seine Vermittlungsmethoden und die Schwerpunkte seiner Veranstaltungen von den Studierenden beurteilen lässt.",0,67025,2003,15
"Ziel war herauszufinden, wie sich die Qualitätswahrnehmung nach der Finanzmarktkrise geändert hat.",0,426752,2011,15
Der Europäischen Stabilisierungsmechanismus ESM ist in seiner rechtlichen Ausgestaltung nicht verfassungswidrig.,0,495203,2012,15
Ausgerechnet auf den stark expandierenden Klimaschutzmärkten nimmt Deutschland hingegen nur eine durchschnittliche Position ein.,0,199472,2007,15
"Was dort als Fiktion erzählt wird, hat einen verblüffenden neurowissenschaftlichen Bezug: Neuronen sind im erwachsenen Gehirn von einer biologischen Matrix umgeben, die die Hirnfunktionen offenbar weit mehr mitbestimmt als bisher angenommen wurde.",1,572538,2014,15
"""Um die Qualität und Akzeptanz der Versorgungsangebote zu verbessern sollte etwa bei der Entwicklung der stationären Pflege diese in alten- und nachbarschaftsorientierte Kommunikations- und Dienstleistungszentren eingebettet werden, in denen vielfältige weitere Angebote gemacht werden können,"" schlägt Hilbert vor.",0,37752,2001,15
"Die herausgearbeiteten politischen Maßnahmen haben das Potential, sowohl die Innovationsfähigkeit regionaler Akteure als auch innovationsgetriebene regionale Entwicklungen zu stärken und können auf allen Ebenen des staatlichen Mehr-Ebenen-Systems ergriffen werden: Auf der kommunalen und interkommunalen Ebene können Regionen als Handlungsräume konstituiert werden, während auf nationalstaatlicher oder internationaler Ebene geeignete Anreize für die Bildung regionaler Handlungsräume gesetzt werden können.",0,638068,2015,15
"Wundbehandlung mit hyperbarem Sauerstoff AGA-Linde-HBO-Award 2001 Dr. Claus-Martin Muth, Klinik für Anästhesiologie (Ärztlicher Direktor: Prof. Dr. Michael Georgieff) der Universität Ulm, und Dr. Martin Koschnick (Berufsgenossenschaftliche Unfallklinik Ludwigshafen) haben den mit 5.000 DM dotierten AGA-Linde-HBO-Award 2001 erhalten, der von der AGA Linde Healthcare GmbH & Co.",0,41287,2001,15
Die Vorteile überwiegen gegenüber den Defiziten der Sozialversicherung.,0,326174,2009,15
(2012) Natu-re Medicine.,0,489963,2012,15
"Bei der Frauenerwerbstätigkeit im Ruhrgebiet (37,7 %) zeigt sich im Vergleich zum Durchschnitt der alten Bundesländer (44,1 %) ein deutlicher Nachholbedarf.",1,57966,2003,15
„Produktivitätsgewinne“ werden häufig erst in Krisensituationen durch Einschnitte im Personalbereich und Mehrarbeit der verbleibenden Mitarbeiter erzielt.,0,584235,2014,15
"„Erweiterte Kosten-Nutzen-Analysen können bei Planungen, z.",1,382914,2010,15
"Aufgrund der Besonderheiten des Dienstleistungssektors (vorwiegend kleine Unternehmen, hohe Selbstständigenquote etc.) sind nach Ansicht der Würzburger Wirtschaftsforscher folgende Aktionen empfehlenswert: * Unterstützung bei der Bildung von Netzwerken, da vor allem kleine Unternehmen zur Stärkung und Erhaltung ihrer Wettbewerbsfähigkeit zeitweise auf Kooperationen in virtuellen Unternehmen angewiesen sind.",0,49485,2002,15
"In dem Votum hieß es, die Projekte verliefen sehr zielgerichtet, anwendungsorientiert und effektiv.",0,27629,2000,15
"Ein solches System könnte wie folgt funktionieren: Jedes Mal, wenn ein Nutzer Internet-Inhalte „liked”, könnte er auch zustimmen, eine kleine Menge der ungenutzten Rechenleistung seines PCs zu spenden.",0,631033,2015,15
Im Anschluss präsentieren die Aussteller ihre Produkte und Projekte im Rahmen eines Standrundgangs.,0,580907,2014,15
Dabei wurde die sich an den Grenzflächen zwischen zwei Kristallkörnern sammelnde elektrische Ladung als Hauptursache für den reduzierten Stromtransport identifiziert.,0,376818,2010,15
"Als Kontrast und Ergänzung zu anderen Untersuchungen, die sich vorwiegend auf die Strategien weniger ""Global Player"" und Fragen von Technologie und Infrastruktur konzentrieren, analysiert die Studie konkrete Nutzungsmöglichkeiten und -szenarien mobiler Multimediadienste, etwa für Finanzdienstleistungen, Shopping, Unterhaltung, Information, Gesundheit und Wellness, Arbeit und Sicherheitsdienstleistungen.",0,42739,2001,15
Dort liegt das Arbeitsvolumen pro Person im erwerbsfähigen Alter wegen der längeren Arbeitszeiten und der höheren Erwerbsquote von Frauen um mehr als ein Drittel höher als in Deutschland - aber das bei etwa gleichem Bruttosozialprodukt pro Kopf der Bevölkerung.,0,46644,2002,15
"Die vom AMU der Universität Augsburg besorgte Präsentation solcher Ergebnisse auf der diesjährigen Hannover Messe richtete sich vor allem an Unternehmen, die kaum anderweitige Möglichkeit haben, um Zugang zur innovativen Schlüsseltechnologie der Faserverbundwerkstoffe zu finden.",0,634631,2015,15
"Im Bochumer Wundkammersystem, der sog.",0,79892,2004,15
"Die gemeinsame Frage für alle diese Politikfelder lautet, inwieweit Europa einen „Mehrwert“ schaffen und die gleiche Leistung für weniger Geld anbieten kann, als dies bislang die Nationalstaaten tun.",0,543085,2013,15
Auch das Beizen von Saatgut gegen Pilzbefall und das Sterilisieren von Lebensmitteln sowie die Aufbereitung von Abgasen aus Kohlekraftwerken mit energiereichen Elektronen wird heute bereits weltweit industriell durchgeführt.,0,160381,2006,15
"Gefragt nach der künftigen wirtschaftlichen Entwicklung Deutschlands, sind erstmals mehr als die Hälfte (53 Prozent) der Deutschen zuversichtlich oder sehr zuversichtlich.",0,592837,2014,15
"Die Deutsche Forschungsgemeinschaft (DFG) fördert hier seit Anfang 2010 eine Klinische Forschergruppe unter der Leitung von Prof. Dr. Gereon Fink, Direktor der Klinik für Neurologie, und Prof. Dr. Lars Timmermann, Leiter des Schwerpunktes Bewegungsstörungen an der Neurologischen Klinik.",0,539055,2013,15
Weitere Ergebnisse der grenzüberschreitenden Zusammenarbeit sind: Zwei Modelle zur monetären Bewertung von Maßnahmen in Qualitätsprogrammen und Unterstützung strategischer Entscheidungsebene auf der Planungsebene; ein Leitfaden für Verantwortliche an Schlachthöfen zur stufenweisen Umstellung auf eine risikoorientierte Fleischuntersuchung.,0,138217,2005,15
"»Deshalb werden zum Beispiel im Rahmen des THESEUS-Forschungsprogramms genau solche Standards, etwa die Unified Service Description Language (USDL), erarbeitet.« Die Studie »Geschäftsmodelle im Internet der Dienste – Trends und Entwicklungen auf dem deutschen IT-Markt« umfasst neben Trendaussagen zu deutschen Angeboten im Internet der Dienste detaillierte Auswertungen zur Realisierung von SaaS-Angeboten.",0,392319,2010,15
"Etwa Aktivitäten, die der Kunde durchführt, Aktivitäten, die vom Anbieter in einem für den Kunden sichtbaren Bereich bzw. in einem unsichtbaren Sektor durchgeführt werden.",0,21728,2000,15
"Als mögliche Erklärung für diese ausgeprägte Korrelation zwischen den Innovations- und Normungsaktivitäten der Unternehmen nennt Professor Blind die Normung als attraktive Plattform, offen für alle interessierten Kreise: „In der Normung treffen sich die innovativen Unternehmen und suchen gemeinsame Lösungsansätze“.",0,556064,2013,15
Die vielfältigen Funktionen von Maschinen und Elektronik können somit anschaulich vermittelt werden und die Teilnehmer können das richtige Vorgehen im Ernstfall präzise einüben und beliebig oft wiederholen.,0,33591,2001,15
In der Umsetzung zeigt sich derzeit ein Schwerpunkt rund um den Komplex Vereinbarkeit von Beruf und Familie sowie Kinderbetreuung.,0,302997,2009,15
Zu diesem Ergebnis kommt das Bundesinstitut für Berufsbildung (BIBB) nach Auswertung seiner vom Bundesministerium für Bildung und Forschung finanziell unterstützten repräsentativen Befragung bei rund 1 500 Weiterbildungsanbietern zum Stand der Qualitätsentwicklung in der Weiterbildung.,0,56332,2002,15
"Ihr Erfolgsrezept ist, in engem Austausch mit der Wirtschaft innovative Ideen in neuartige Produkte umzusetzen.",0,322484,2009,15
"Zahlreiche Neuronen seien entstanden, um Zielgenauigkeit und Wurfstärke den jeweiligen Entfernungen der Ziele anpassen zu können.",0,602027,2014,15
"Die Forscher hingegen argumentieren, dass bei einer zu starken Ausrichtung an der Vorstellung des ‚Ausbrechens’ der Blick dafür verloren geht, was Kreativität wirklich ausmacht.",0,556681,2013,15
Mit dem neuen Jahr 2010 konnten viele Bankkunden am Automaten kein Geld abheben.,0,363416,2010,15
Nach dem erfolgreichen Abschluss der planerischen Arbeit können die beiden Landkreise Ostallgäu und Oberallgäu jetzt mit der Umsetzung beginnen.,0,508530,2012,15
"Das gemeinsame Projekt macht es sich zur Aufgabe, das Bewusstsein für den Sachverhalt der sexuellen Gewalt zu schärfen, die realen Zahlen zu ermitteln und uneingeschränkt opferorientierte Aufklärungsarbeit zu leisten.",0,21364,2000,15
"Zahlreiche Studien konnten belegen, dass die Tiefe Hirnstimulation die Lebensqualität von Patienten mit Morbus Parkinson deutlich und anhaltend verbessert im Vergleich zur Fortsetzung der Therapie mit Medikamenten.",0,539055,2013,15
"In: WSI Mitteilungen 7/2009, Schwerpunktheft: ""Zukunft der Sozialversicherung - Sozialversicherung der Zukunft"".",0,326174,2009,15
"–Die Gesetzespläne der Bundesregierung– Bosch und Weinkopf werten es positiv, dass die Einführung des gesetzlichen Mindestlohns nach den Plänen der Bundesregierung in ein Maßnahmebündel zur Stärkung der Tarifautonomie eingebettet ist.",0,592767,2014,14
"Kreativität findet nicht in einem sozialen oder kulturellen Vakuum statt, so Professor Haslam.",3,556681,2013,14
"Diese neuen Anforderungen sind so weitreichend und vielschichtig, dass die VDI-Studie empfiehlt, neue Förderinstrumente zu schaffen, die sowohl in grundlagen- wie auch in anwendungsorientierten Projekten die Innovationen in diesem Feld beschleunigen können.",1,584033,2014,14
"Da die Ergebnisse der Kienbaum-Studie Grundlage für den Umfang der bis 2006 zugesagten Förderung durch den Bund sind, erbringt das gute Abschneiden Niedersachsens den Hochschulen des Landes bis Ende 2006 weitere Sonderzuweisungen.",0,73437,2003,14
"Etwas mehr als 300 000 Menschen arbeiten hier: Das sind fast 31 % aller Arbeitsplätze im Dienstleistungssektor, sogar mehr als im Bereich Handel, Finanzen und Immobilien und ""nur noch"" 47 000 Beschäftigte weniger als in Bergbau und Verarbeitendem Gewerbe.",3,57966,2003,14
"So werden von der kommunalen Wirtschaftsförderung in erster Linie die Ansiedlung von Gewerbe, eine adäquate Außendarstellung der Region Torgau und Informationen über Fördermöglichkeiten für Unternehmen erwartet.",0,15100,1999,14
Außerdem bereiten Forscher des Jefferson Labs in den USA Messungen des Neutronenradius von Kalzium-48 vor.,0,640713,2015,14
Aus diesem Grund startete 2006 das internationale Projekt »MARS – International Monitoring of Acitivities and Research in Services«.,0,585564,2014,14
Die Leistungserwartungen an die Verkaufskräfte steigen weiter.,1,58823,2003,14
Damit konnten eine deutliche Verbesserung der klinischen Ergebnisse und eine Kostensenkung erreicht werden.,1,606206,2014,14
"Die sogenannte ""Dienstleistungslücke"" ist also wesentlich geringer als oft vermutet.",0,46644,2002,14
"Im Wald sind es die starken Rückepferderassen, die erfolgreich im Rahmen einer naturverträglichen Waldwirtschaft eingesetzt werden können.",0,227776,2007,14
"Die Haut ist nicht nur der bekannte „Spiegel der Seele”, sie kann auch zum Spiegel für Krankheits- und Heilungsprozesse werden.",0,441462,2011,14
Die Zusammenarbeit zwischen der HNO-Klinik und dem ZIBMT schafft dafür die Voraussetzungen.,0,60163,2003,14
Auch muss aus früheren Fehlern bei der Markteinführung neuer Telekommunikationsdienste gelernt werden: Oft führten verfrühte oder überhöhte Versprechungen der Hersteller zu enttäuschten Erwartungen bei den Kunden.,1,42739,2001,14
"Auf Basis dieser Ergebnisse wurde eine Roadmap zur Kundenakzeptanz entwickelt, die sich an Politik, Industrie und Kommunen richtet.",0,460670,2012,14
"Da sich die Authentifizierung immer nur auf das eine Bildschirmelement beziehe, das der Benutzer gerade berühre, werde das Risiko eines unbefugten Zugriffs ausgeschlossen.",0,566055,2013,14
Die Methode stellt so eine Grundlage für signifikante volkswirtschaftliche Kosteneinsparungen dar.,1,51804,2002,14
Verhandlungen über die konkrete Ausgestaltung der Mitbestimmung müssen mit einem speziell dafür zu bildenden Besonderen Verhandlungsgremium der Arbeitnehmerseite geführt werden.,0,138871,2005,14
"Die Fallzahlen für die Nutzung beider Instrumente sind so gering, dass ihre Wirkung auf die Beschäftigungschancen Älterer nicht nachweisbar ist.",3,145591,2006,14
"Danach liegt lediglich bei einer Minderheit der erwachsenen Studienteilnehmer/innen (28,4% der Männer und 35,4% der Frauen) kein Risikofaktor vor.",0,505102,2012,14
"Das Förderprogramm Das Bundesministerium für Umwelt, Naturschutz und Reaktorsicherheit (BMU) hat im Rahmen der nationalen Klimaschutzinitiative das Programm „Förderung von Forschung und Entwicklung zur klimaeffizienten Optimierung der energetischen Biomassenutzung“ aufgelegt.",0,439475,2011,14
- Die Lieferantensuche und -entwicklung im Zielland ist für Automobilzulieferer zumeist deutlich langwieriger als gedacht.,0,221444,2007,14
Die ebenfalls projektbeteiligte Firma Bauer Maschinen aus Schrobenhausen steuerte eine Simulation der parallelisierten Steuerung einer Großbohrmaschine bei.,0,401466,2010,14
"Weiteres zu diesem Thema wurde vom Fraunhofer IAO in der neuen Ausgabe (4/2002) der Fachzeitschrift ""wissensmanagement - Das Magazin für Führungskräfte"" veröffentlicht.",0,50684,2002,14
"Die aktuellen Ergebnisse der Allianz Zuversichtsstudie sowie Trends, die sich daraus ablesen lassen, werden der Öffentlichkeit in der Regel vierteljährlich vorgestellt.",0,539689,2013,14
"Strategien und Instrumente zur Umsetzung des Leitbildes nachhaltiger Entwicklung Neuerscheinung des Band 3 der Darmstädter interdisziplinären Beiträge Unter dem Titel ""Wege zur Zukunftsbeständigkeit - Strategien und Instrumente zur Umsetzung des Leitbildes nachhaltiger Entwicklung"" ist jüngst der 3.",0,29413,2001,14
Konkret: Rund jeder Vierte schätzt die augenblickliche Situation der Bundesrepublik positiv ein.,3,251843,2008,14
"Bezüglich der Idee einer nachgelagerten, indikatorgestützten Exzellenzprämie nur für die zehn besten Universitäten zeigt sich die Deutsche Hochschulmedizin skeptisch.",3,645504,2016,14
"Kreislaufwirtschaft funktioniert für den Wissenschaftler immer dann besonders gut, wenn möglichst weit oben auf der Veredelungsskala wieder verwertet werden kann.",3,24604,2000,14
"Zudem gebe es die Möglichkeit, durch allgemeinverbindliche Tarifverträge bis Ende 2016 das Lohnniveau schrittweise anzupassen.",0,592767,2014,14
"Auch dieses Marktsegment beginnt sich, motiviert durch die wachsende Verunsicherung der Arbeitnehmer in Sachen gesetzliche Rentenversicherung, zu differenzieren.",3,16052,1999,14
"Um herauszufinden, ob diese rückblickende Fehleinschätzung tatsächlich auch eine Erklärung für den stetig wiederkehrenden Erfolg von Kunstfälschern ist, legten die drei Heidelberger Wissenschaftler rund 150 angehenden und ausgebildeten Kunsthistorikerinnen und Kunsthistorikern eine Reihe von Fälschungen und Originalen vor.",3,636056,2015,14
CREB reagiert im Zellkern mit einer Kontrollregion der DNS.,0,208186,2007,14
"Den Erfolg der Patent- und Verwertungsagentur Provendis seit ihrem Start im Jahr 2002 belegen nachfolgende Zahlen: 500 Erfindungen wurden angezeigt und auf Marktreife geprüft, 110 als wirtschaftlich hoch interessant bewertet, und 60 werden derzeit aktiv verwertet.",0,81087,2004,14
"Die Materie sei zu komplex, außerdem ließe sich die ferne Zukunft ohnehin kaum planen – dafür sei das Leben schlicht zu wechselhaft.",1,608014,2014,14
In der renommierten Fachzeitschrift „Operations Research“ stellen die beiden Wissenschaftler ihre Ergebnisse vor.,0,637479,2015,14
Das zeigt ein neues Gutachten des Oldenburger Rechtswissenschaftlers Prof. Dr. Thomas Blanke im Auftrag der Hans-Böckler-Stiftung.,0,138871,2005,14
Datenschutz-Folgeabschätzungen helfen Aufsichtsbehörden bei Wahrnehmung ihrer Aufgaben Neben den Technologieanbietern und Nutzern sind die Datenschutz-Folgeabschätzungen vor allem für Aufsichtsbehörden hilfreich: Die Durchführung standardisierter Folgenabschätzungen würde etwa eine bessere Wahrnehmung ihrer Aufsichtspflicht ermöglichen und Schwächen beim Datenschutz oder Rechtsverstöße schneller aufdecken helfen.,3,648014,2016,14
"Denn die Lohnangebote potenziell einstellungswilliger Betriebe liegen häufig niedriger als das Einkommen, das ein älterer Arbeitnehmer nach langer Betriebszugehörigkeit erhalten hat.",3,145591,2006,14
"„Mit gut gemachten Kampagnen dürften sich etliche Bürger mobilisieren oder in die eine oder die andere Richtung umstimmen lassen“, folgert daraus der Politikwissenschaftler.",1,373678,2010,14
Das zeigen aktuelle Untersuchungen aus dem Institut Arbeit und Technik zur Einführung eines gesetzlichen Mindestlohns in Deutschland.,0,183737,2006,14
"Die Mehrheit der Menschen ist zuversichtlich für die eigene Zukunft Am kräftigsten ist der Zuwachs – analog zur Zuversicht hinsichtlich der Wirtschaftslage Deutschlands –, wenn es um die Sicherheit des eigenen Arbeitsplatzes geht.",1,375703,2010,14
"""Die Deutschen vertrauen weit mehr auf ihr familiäres Umfeld als auf staatliche Sicherungssysteme wie die gesetzliche Kranken- oder Pflegeversicherung"", sagt Dr. Ulrich Rumm, Vorstandsmitglied der Allianz Deutschland AG.",1,280861,2008,14
"Der von diesem Verbund eingeschlagene und dreieinhalb Jahre lang konsequent gegangene Weg in Richtung neuer Anwendungen von ""CFK/Metall-Mischbauweisen im Maschinen- und Anlagenbau"" sei zukunftsweisend für die Faserverbundtechnologie.",1,634631,2015,14
"Diese vielfachen Interaktionen zwischen Arten untereinander und ihrem Lebensraum, die biotischen Faktoren, lassen sich ungleich schwerer in Modellierungen darstellen als die abiotischen.",0,516925,2013,14
Dabei haben die mit ArchiSig aufbewahrten Dokumente durchweg ihre Beweistauglichkeit erwiesen.,0,141418,2005,14
Die laufenden Aufwendungen - zu denen vor allem die Aufwendungen für Forschung und Entwicklung zählen - blieben dagegen konstant.,3,148680,2006,14
"Wie Tschirren zeigen kann, nimmt die mütterliche Investition pro Ei innerhalb der Legesequenz stetig ab.",3,443194,2011,14
"„Der letzte Castor-Transport, mehr Geld für Bildung und Qualifizierung im Staatshaushalt und in der Wirtschaft sowie Überschüsse bei den Krankenkassen und sinkende Kassenbeiträge hellen die Stimmung in den einzelnen Bereichen auf“, erklärt Prof. Dr. Frank Brettschneider von der Universität Hohenheim, der die Zuversichtsstudie wissenschaftlich begleitet.",3,456995,2011,14
"„Es wäre sehr riskant, sich bei der Bestäubung von Nutzpflanzen alleine auf die vom Menschen gemanagten Honigbienen zu verlassen, deren Anzahl durch Parasiten und Pestizide in jüngerer Zeit stark beeinträchtigt wurde.",1,521372,2013,14
Gut gesicherte Erkenntnisse zum menschlichen Urteilen und Entscheiden aus der Psychologie können somit auch in anderen Fächern getestet werden und zum Verständnis eines Phänomens wie dem der Geschichte der Kunstfälschung beitragen.,3,636056,2015,14
"Koordiniert wird der Bericht von einer Geschäftsstelle, die das Fraunhofer ISI an der TU Berlin betreibt.",0,217916,2007,14
Denn das Wachstum sozialer und persönlicher Dienstleistungen - wie in anderen europäischen Ländern hauptsächlich Frauenarbeit - wird in Deutschland durch die vergleichsweise geringe Frauenerwerbstätigkeit begrenzt.,0,46644,2002,14
"Der Benutzer hat auch die Möglichkeit, sich bestimmte Einrichtungen, immer ausgehend von seiner derzeitigen räumlichen Position, in der Karte anzeigen zu lassen.",0,37563,2001,14
"Die Generaldirektorin des niederländischen Landwirtschaftsministeriums, Renée Bergkamp, und der nordrhein-westfälische Landwirtschaftsminister Eckhard Uhlenberg eröffneten die öffentliche Abschlussveranstaltung.",0,138217,2005,14
Im Anschluss nahmen die Wissenschaftler die Trainingsprotokolle unter die Lupe und prüften die Auswirkung des jeweiligen Trainingsprogramms auf die Körperzusammensetzung – also Muskelmasse und -dichte und Körperfettanteil – ebenso wie auf die Muskelkraft und das Herz-Kreislauf-Risiko.,0,585542,2014,14
"Die Studie kommt zum Ergebnis, dass insbesondere der Fruchtfolgeverarmung und der zunehmenden Nivellierung der standörtlichen Bedingungen sowohl auf den Wirtschaftsflächen als auch den Begleitbiotopen (Raine, Säume, Hecken etc.) begegnet werden muss.",1,42737,2001,14
Unter den Folgen leiden die Opfer ein Leben lang.,1,21364,2000,14
Das Forschungsspektrum reicht von naturwissenschaftlicher Grundlagenforschung bis zur ingenieurmäßigen Anwendung in Hard- und Softwaresystemen.,0,16305,1999,14
So können wir uns gegen viele Infektionen impfen lassen.,0,184764,2006,14
"Hier ist die ""ordentliche Kündigung"" nach einer sehr langen Betriebszugehörigkeit entweder gar nicht oder nur mit deutlich längeren Fristen möglich.",3,60682,2003,14
"Die Wissenschaftler beschreiben sie als Teile eines schwer zu lösenden Zielkonflikts ""zwischen möglichst barrierefreiem Krankenversicherungsschutz und dem Schutz der Versichertengemeinschaft vor Missbrauch"".",1,291121,2008,14
Durch den Wettbewerb erhalten Hochschulerfindungen mit großem Vermarktungspotential eine besondere Unterstützung bei der Verwertung ihrer Erfindung.,1,81087,2004,14
"Die wichtigsten Ergebnisse: •	Die Hauptursache für Deutschlands wirtschaftlichen Erfolg is die besondere Struktur der industriellen Beziehungen, geprägt durch die Tarifautonomie, in der Verdienste und Arbeitsbedingungen nicht zentral rechtlich geregelt sind, sondern vielmehr durch Verträge und Vereinbarungen zwischen Arbeitgeberverbänden und Gewerkschaften, bzw. zwischen Unternehmensleitungen und Betriebsräten, festgelegt werden.",3,571692,2014,14
Über die Bertelsmann Stiftung: Die Bertelsmann Stiftung versteht sich als Förderin des Wandels für eine zukunftsfähige Gesellschaft.,0,166489,2006,14
"Die erste Hürde ist die Ermittlung ""Ökonomischer Folgen sexueller Gewalt"", für die die Forscher mit einer Fragebogenaktion Betroffene zur Mithilfe aufrufen.",0,21364,2000,14
"Der Fokus lag dabei auf der Frage, welche Faktoren für eine besonders erfolgreiche Verbreitung und Verwertung solcher Projekte ausschlaggebend sind.",1,438668,2011,14
"Er arbeitet wie ein »Hochleistungssportler«, der seine Ergebnisse durch ständiges Training verbessert.",1,27629,2000,14
"Seine wegweisenden Forschungsarbeiten zur Entwicklung der Stammzellen des Immunsystems und zur Charakterisierung einzelner Immunzellen legten den Grundstein für die Entwicklung von neuartigen und umfassenden Immuntherapien u.a. bei Allergien, chronischen Entzündungen, Tumorerkrankungen und Autoimmunerkrankungen.",2,184764,2006,14
"„So haben sich etwa die Arbeitsweise bei der Deutschen Bank, ThyssenKrupp oder Telekom in den vergangenen Jahren deutlich verbessert.",1,643021,2015,14
"Dieser betrifft jedoch nicht die Innovationswirkungen, sondern die internationalen Verteilungswirkungen des EEG.",3,575663,2014,14
"Mit dem Kalifat richte sich ISIS damit nicht nur an Gläubige in der Region, sondern erhebe Anspruch auf die weltweite Führung aller Muslime, so der Professor für Islamische Geschichte.",1,594334,2014,14
"Brennstoff ist ein dünnes ionisiertes Gas - ein ""Plasma"" - aus den beiden Wasserstoffsorten Deuterium und Tritium.",0,145375,2006,14
"Die Bayerische Staatsregierung schätzt ihre Innovationskraft, von der die Unternehmer im Freistaat in zahllosen Fällen profitiert haben.""",1,322484,2009,14
Die Versuchspersonen sollten beide Motive nach vorgegebenen Kategorien beurteilen.,0,636586,2015,14
Die Eigenschaften dieses Supraleiters werden von der Anzahl der sich an der Grenzschicht befindenden Elektronen bestimmt.,0,292489,2008,14
"""An die Orte der Transplantation wandern nicht nur positive Faktoren wie das Interleukin-10 und docken dort an die Zellen an, sondern auch negative, die beispielsweise Entzündungen auslösen"", erklärt Prof. Huster.",0,646560,2016,14
"Auf der Grundlage neuester Forschungsergebnisse wurden daher vier verschiedene Entwürfe für ein Fusionskraftwerk untersucht: Alle vier Modelle besitzen eine elektrische Leistung von etwa 1500 Megawatt und sind wie ITER vom Bautyp ""Tokamak"".",0,145375,2006,14
"Tropische Landschaften sind häufig nicht mehr von Regenwald bedeckt, sondern bilden ein Mosaik verschiedener Landnutzungsformen.",0,121504,2005,14
Die Technische Universität München steht dabei als Institution in Forschung und Lehre im Dienste der Gesellschaft.,0,226065,2007,14
Diese ist neben dem ebenfalls berechneten Gang der hochgenauen Atomuhren an Bord eine wesentliche Größe für die gesamte Leistungsfähigkeit des Systems und der Satelliten.,1,457578,2011,14
Neuer Zugang zum brisanten Thema Die Brisanz des Themas regte die Sozialwissenschaftler zu ihrer Suche nach neuen Herangehensweisen an - aus der Kunst kam schließlich der entscheidende Impuls zu einer ungewöhnlichen Zusammenarbeit.,3,21364,2000,14
Nur drei erfüllten beide Anforderungen gleichermaßen.,0,147560,2006,14
"Auch jeder dritte Österreicher (33%) schaut über die nächsten 12 Monate hinweg ""eher zuversichtlich bis sehr zuversichtlich"" auf die Entwicklung der Alpenrepublik.",3,263257,2008,14
"Obwohl mobile Endgeräte bei Studierenden weit verbreitet sind, werden diese, wie eine im Sommersemester 2014 bei 554 Bachelor-Studierenden am Campus Alt-Saarbrücken der htw saar durchgeführte Befragung ergab, bislang leider selten für den gezielten Wortschatzerwerb genutzt.",3,638655,2015,14
"Auf diese Weise werde in rasender Geschwindigkeit jeder über die Neuigkeit informiert, so Friedrich.",2,478424,2012,14
"Bonn, 14. Dezember 2001: Große Teile der ostdeutschen Agrarlandschaft weisen im Vergleich zu Westdeutschland immer noch eine relativ hohe Biotop- und Artenvielfalt auf.",1,42737,2001,14
"„Angesichts der Entwicklungen auf den internationalen Finanzmärkten gilt jetzt erst recht: Wir müssen in Forschung und Entwicklung investieren, um den Wirtschaftsstandort Deutschland zu sichern – und damit auch den zukünftigen Wohlstand unserer Gesellschaft“, sagte Schavan.",0,370249,2010,14
"Dabei ist es möglich, eine Bemessungsgrundlage zu bestimmen, d.h. Sicherheitsfaktoren und Lastkombinationen, so dass die Bauwerke eine optimale Sicherheit erfüllen - im Prinzip unabhängig von der Materialwahl und für alle wesentlichen Lastkombinationen Der ""Probabilistic Model Code"" ist online unter www.jcss.ethz.ch publiziert.",0,51804,2002,14
"(->Halle 2, Stand A54 – Research & Technology) Neben herausragenden wissenschaftlichen Projekten mit hohem Innovationspotenzial bieten die drei Gemeinschaftsstände der Bayern Innovativ in den Hallen Research&Technology, Energy und MobiliTec Einblicke in richtungweisende Innovationen von insgesamt 46 bayerischen Unternehmen und wissenschaftlichen Institutionen und vermitteln einen Überblick über die Netzwerke, Cluster und Drehscheiben des bayerischen Innovations- und Wissenstransfers.",2,580907,2014,14
"Die Basler Forscher haben nun dieses Modell auf das Zusammenspiel zwischen produzierenden und konsumierenden Mitgliedern einer Krebszellenpopulation angewandt, um zu untersuchen, ob es auch in biologischen Prozessen wie der Krebsentstehung eine Rolle spielen könnte.",0,622360,2015,14
Dennoch verzeichnen die beiden staatlichen Versorgungssysteme mit 22 bzw. 16 Prozent nach wie vor die niedrigsten Werte bei der gesellschaftlichen Zuversicht in Deutschland.,0,485454,2012,14
Entsprechende Trainingsprogramme werden inzwischen erfolgreich eingesetzt.,1,63072,2003,14
"Die Promotion hatte er, nach seinem Psychologiestudium an der Freien Universität Berlin, an der Universität Leipzig begonnen.",0,525101,2013,14
"Die sind klar: Eine SE kommt nur zu Stande, wenn die Mitbestimmungsfrage geklärt ist.",0,138871,2005,14
"Ein spezielles Symposium ""Biotechnology for Immune Therapy"" im Rahmen der Konferenz wird jungen Unternehmen aus der Region, Merix Germany GmbH, OncoMab GmbH, Responsif GmbH, TeGenero AG und TheraImmune GmbH die Möglichkeit bieten, den Konferenzteilnehmern ihre immuntherapeutischen Entwicklungen zu präsentieren.",0,76412,2004,14
"Dem Membranprotein Neurexin fällt dabei eine wichtige Rolle bei der Entstehung von Synapsen zu, indem es mit Bindungspartnern zu Nachbarneuronen Kontakt aufnimmt und so die Verbindung zwischen zwei Neuronen herstellt.",0,457640,2011,14
Der Nachteil dabei: die externen Impulse kommen erst bei der Detaillierung des Produktkonzepts.,0,412572,2011,14
"Und wenn ja, kann der (Teil-) Nutzen eines Gesetzes vor der Gesetzesentstehung im Hinblick auf Nachhaltigkeit beurteilt werden?",3,569759,2014,14
"„In der Psychologie wird das ‚Ich habe es doch schon immer gewusst‘-Gefühl bereits seit den 1970er Jahren unter dem Namen ‚hindsight bias‘ oder auch ‚Rückschaufehler‘ intensiv erforscht“, erklärt der Diplom-Psychologe Max Vetter, der die Untersuchung zusammen mit der angehenden Kunsthistorikerin Lena Marschall durchführte.",1,636056,2015,14
Im Wissenschaftsmagazin Science wurde im vergangenen Jahr eine ähnliche Eigenschaft bei Neutronensternen festgestellt.,0,582388,2014,14
"ANNarchy hebt sich gegenüber vergleichbaren Simulations-Projekten dadurch ab, dass er auf unterschiedlichen, herkömmlichen Hardwarestrukturen eingesetzt werden kann.",1,641187,2015,14
Die ermittelten Beschäftigungseffekte gelten in ihrer Relation über verschiedene Betriebsgrößen und Branchen.,0,82470,2004,14
Die von Prof. Kopf und Mitarbeitern sowie Studierenden des Volkswirtschaftlichen Instituts erstellte Studie hat unter anderem folgende Ergebnisse gebracht: Wertschöpfungsanteile gestiegen Der Anteil der Dienstleistungen an der gesamten Bruttowertschöpfung in Mainfranken hat sich von 60 Prozent in 1991 auf 64 Prozent im Jahr 1998 erhöht und lag im gesamten Beobachtungszeitraum deutlich über dem entsprechenden Anteil für den Regierungsbezirk Unterfranken.,1,49485,2002,14
"Das Konzept des SFB ist vielversprechend, weil erste Erfolge gerade auch in der Melanomtherapie belegen, dass dieses Behandlungskonzept dazu beitragen kann, bislang nicht heilbare Krebserkrankungen in Zukunft erfolgreich zu therapieren“, unterstreicht der Wissenschaftliche Vorstand der Universitätsmedizin Mainz, Univ.-Prof. Dr. Förstermann.",2,535317,2013,14
Alle Zellen eines Organismus enthalten dieselben Gene – trotzdem läuft etwa in Muskelzellen ein völlig anderes genetisches Programm ab als in Nervenzellen.,0,645149,2016,14
"Die europapolitische Ambition des Bundestages hat sich in den vergangenen Jahren nicht im notwendigen oder möglichen Umfang entfaltet.“ Das Rechtsgutachten der Universität Berlin ist Teil eines umfangreichen Projektes der Bertelsmann Stiftung, das die Rolle und Handlungsoptionen nationaler Parlamente innerhalb der Europäischen Union am Beispiel des Bundestages untersucht.",0,495203,2012,14
"Für alle Interessierten stehen ab sofort die Ergebnisse der Zusammenarbeit in niederländisch und deutsch im Internet zur Verfügung: Unter www.giqs.org/wissen erhält man umfangreiche Informationen zu neuen Anforderungen von Gesetzen, Normen und Standards, sowie zum Praxiseinsatz der Werkzeuge.",0,138217,2005,14
Damit war der Finanzfachmarkt das besucherstärkste Fachforum der Bank- und Finanzwirtschaft in Europa.,1,147008,2006,14
"Sie bli­cken auch skeptischer in die Zukunft: 65 Prozent der GKV-Mitglieder befürchten, dass sie im Alter nicht ausreichend medizinisch versorgt sein werden; 81 Prozent rechnen damit, dass Wartezeiten auf bestimmte Therapien oder Operationen zunehmen, und fast 90 Prozent ver­muten, dass ihre Krankenkasse künftig nicht mehr alle für sie wichtigen Leistungen über­nimmt.",1,140777,2005,14
"Als klug erweist sich die Fokussierung auf einige wenige, aber strategisch wichtige externe Impulsquellen.",1,603294,2014,14
"Zwar ist vor allem bei den Groß- und Außenhandelskaufleuten der Automobilbranche ein leichter Rückgang zu verzeichnen; insgesamt hat die Untersuchung jedoch ergeben, dass die Anzahl der neu geschaffenen Ausbildungsverhältnisse bei den Automobilkaufleuten zehnmal höher liegt als die Zahl der fortgefallenen Ausbildungsplätze.",0,63427,2003,14
Die Daten sind im Sommer diesen Jahres anhand von schriftlichen Erhebungen und Befragungen der Mitarbeiter der PVA ermittelt worden.,0,73437,2003,14
"„Mit all den bereits emittierten Treibhausgasen in der Atmosphäre können wir den Meeresspiegelanstieg zwar nicht mehr verhindern, aber durch das Beenden der Nutzung fossiler Brennstoffe noch deutlich begrenzen“, sagt Anders Levermann, Forschungsbereichsleiter für Anpassung am Potsdam-Institut für Klimafolgenforschung (PIK), Wissenschaftler an der New Yorker Columbia-Universität/Lamont-Doherty Earth Observatory und Ko-Autor der Studie zum künftigen Meeresspiegelanstieg.",1,646309,2016,14
"Die Mathematik andererseits hat viel tiefere Einsichten entwickelt in die Natur des ""Speziell-Seins"" von wesentlichen speziellen Strukturen, in dem sie deren Bausteine, Invarianten und Stabilität unter Deformationen analysiert hat.",0,90952,2004,14
Angesichts eines permanent wachsenden Niedriglohnsektors sei ohnehin kein Mangel an niedrig bezahlten Stellen für gering Qualifizierte zu erkennen.,3,151995,2006,14
"Viele Unternehmen sind darauf angewiesen, dass ihnen erfahrene Mitarbeiter lange die Treue halten.",3,418847,2011,14
"""Der Tote wurde hinter immer weiteren Hüllen versteckt"", erklärt Dr. Dagmar Hänel vom Volkskundlichen Seminar der Universität Bonn: Die Leiche verschwand im Sarg, der Sarg hinter den Blechwänden des Autos, dann hinter dicken Gebäudemauern.",0,70274,2003,14
Die Erhaltung der Biodiversität und den vorsorgenden Hochwasserschutz verbindet der Bedarf an mög-lichst großen und naturnahen Auenflächen.,1,462603,2012,14
"Erste Indizien zeigen, dass sowohl fokussierte Innovationsstrategien als auch Mischstrategien Wachstumspotenzial versprechen.",1,82470,2004,14
"Forschende der Universität Stanford, darunter zwei Neurochirurgen der Universitäten und Unispitäler Bern und Basel, haben als erste weltweit herausgefunden, dass neuronale Stammzellen das Immunsystem des Gehirns aktivieren.",1,502650,2012,14
"Zusammen mit einer langfristig ausgelegten Innovationsstrategie, einem starken Bildungssystem und einer gut ausgebauten Hochschullandschaft führte das im Gesamtindex des SIX zu Platz 4 für den Freistaat - hinter Baden-Württemberg, Bayern und Berlin.",1,634555,2015,14
"Ob und wann sich mobile Multimediadienste durchsetzen werden, hängt wesentlich von drei Faktoren ab: Wann stehen entsprechende Technologien zur Verfügung, wie nutzungsfreundlich sind sie gestaltet, und werden aus Kundensicht sinnvolle Angebote unterbreitet, die einen echten Mehrwert bieten?",0,42739,2001,14
Dadurch ist in vielen Bereichen ein Nachhol- und Ersatzbedarf entstanden.,0,622516,2015,14
"Weiterhin konnte gezeigt werden, dass bei Läufern mit Beschwerden schon nach einer 4-wöchigen Tragezeit des Air Cesium die Beschwerden deutlich reduziert werden konnten.",1,137807,2005,14
"Damit sich die Zellen in eine bestimmte Richtung bewegen, braucht es ein Signal von aussen, worauf sich die Zelle polarisiert und koordinierte mechanische Bewegungen ausführt.",0,606446,2014,14
"Mit dieser ""gedrehten"" Entlohnungsstruktur gelingt es den Betrieben, ihre Beschäftigten signifikant länger an sich zu binden als ihre Konkurrenten, weil die Beschäftigten ein großes Interesse daran haben, in die Beschäftigungsphase zu kommen, in der ihre Löhne weiter steigen auch wenn ihre Produktivität nicht im gleichen Umfang zunimmt.",1,418847,2011,14
Integrierte Service-Plattformen unterstützen die vernetzte Leistungserstellung Nach Einschätzung der Befragten ist das urbane Wertschöpfungssystem künftig zunehmend integrativ ausgerichtet.,1,636226,2015,14
So liegt die Zuversicht für die deutsche Wirtschaft ganze 26 Prozentpunkte niedriger als noch vor einem Jahr.,1,294709,2008,14
Der erfolgreiche Zuschnitt von Diensten auf die persönlichen Anforderungen des Nutzers ist von zentraler Bedeutung für die Verbreitung und Akzeptanz mobiler Multimediadienste.,1,42739,2001,14
"Durch die gesetzliche Krankenversicherung der Schweiz sollten nur nutzbringende Leistungen und, falls nach Ausschöpfung anderer Möglichkeiten Leistungseinschränkungen erforderlich werden, nur Leistungen mit einem angemessenen Kosten-Nutzen-Verhältnis vergütet werden.",0,470200,2012,14
"Wie Neuronen den Spleissprozess steuern, um die jeweils passende Neurexin-Variante herzustellen, war bislang nicht geklärt.",0,457640,2011,14
Der Name ANNarchy steht für „Artificial Neural Networks architect“.,0,641187,2015,14
"Wissenschaftler der TU Berlin konnten nachweisen, dass der Nutzen naturverträglicher Hochwasserschutzmaßnahmen die Kosten um den Faktor 3:1 überwiegt.",3,382914,2010,14
"Davon profitieren auch die Bürgerinnen und Bürger, die in Zukunft auf Basis der Folgenabschätzungen einfacher entscheiden können, welche Online-Angebote sie nutzen wollen oder nicht.",1,648014,2016,14
Dicht hinter diesen Spitzenreitern folgen der Maschinenbau und die In-strumententechnik (73 Prozent) sowie die EDV- und Telekommunikationsbranche (72 Prozent).,0,203117,2007,14
Weltweit gibt es derzeit etwa 34 Millionen HIV-infizierte Menschen.,1,553802,2013,14
"Um die vorrangigen Forschungsthemen für den Bereich der nachhaltigen Nutzung von Biodiversität zu diskutieren, traf sich Anfang Mai am Helmholtz-Zentrum für Umweltforschung (UFZ) in Leipzig die Europäische Plattform zur Biodiversitätsforschungsstrategie (EPBRS).",0,207852,2007,14
Zu diesem Ergebnis kommen Dr. Claudia Weinkopf und Dr. Thorsten Schulten.,0,637553,2015,14
Es ermöglicht die Integration von Informations- und Prozessmanagement.,0,59826,2003,14
Die immer wieder aufgeworfene Kostenfrage ist dabei nicht unerheblich.,0,22117,2000,14
Bei unbefristeten Kombilohn-Varianten müsse mit beträchtlichen Mitnahmeeffekten und hohen Kosten gerechnet werden.,1,148953,2006,14
"Die Gefahr sei umso größer, je länger die Teilnehmer in einer Maßnahme verbleiben: Der Anteil der Einarbeitungszeit an der Maßnahmedauer nehme dann ab.",1,112829,2005,14
"Die Erkenntnis, dass das Immunsystem bei vielen Krankheiten eine zentrale Rolle spielt, hat die Immunologie in den vergangenen Jahren mit anderen Disziplinen vernetzt und in den Mittelpunkt von Diagnostik und Therapie gerückt.",1,184764,2006,14
"Die Förderung legaler Beschäftigung im Haushalt zeigt gute Ansätze, tatsächlich neue Arbeitsplätze schaffen.",1,66996,2003,14
"„Sportliche und persönliche Entwicklung gehen Hand in Hand“, so Weierstall.",3,625208,2015,14
"Der Artikel beschreibt ferner das Forschungsvorhaben, Biomarker zu identifizieren, die eine Voraussage hinsichtlich der Überlebenszeit bestimmter Patientengruppen nach der Impfung mit I-MA901 treffen können.",3,489963,2012,14
Aus einem System von Leistungsanreizen wird unter den gegenwärtigen organisatorischen und ökonomischen Bedingungen der Arbeit im Einzelhandel ein System des Leistungsdrucks.,0,58823,2003,14
"„Wir konnten nun zeigen, dass Pax6 mit dem sogenannten BAF Komplex, interagiert, der die Chromatinstruktur verändern kann, – und dass diese Interaktion das Schicksal der neuronalen Vorläuferzellen bestimmt“, sagt Dr. Jovica Ninkovic, der Erstautor der Studie.",1,547314,2013,14
Dies kann den Serienstart und den Amortisationszeitraum der Auslandsinvestition empfindlich verschieben.,0,221444,2007,14
"Gerade Deutschland, dessen Zukunft von der Kreativität und dem Wissen seiner Bürger bestimmt wird, könne es sich nicht leisten, verschwenderisch mit den Begabungen der Jugend umzugehen.",1,64058,2003,14
"Supraleitung und Ferromagnetismus – die „normale“ Form des Magnetismus, wie sie etwa in Hufeisenmagneten auftritt – schließen sich normalerweise aus: Ferromagneten sind magnetisch, weil in ihrem Inneren ein starkes Magnetfeld vorliegt.",0,607636,2014,14
"Landeshauptstadt München: Bündnis ""München für Klimaschutz"" Mit dem im Jahr 2007 gegründeten Bündnis von wichtigen lokalen Akteuren aus Verwaltung, Verbänden, Wissenschaft, Politik, Wirtschaft, Institutionen und Medien ist es gelungen, ein Netzwerk aufzubauen, das neue Ideen und Umsetzungsstrategien für den Klimaschutz entwickelt und größtmögliche CO2-Reduktionspotenziale für den Großraum München wirtschaftlich effizient zu erschließen vermag.",0,318442,2009,14
"Die neue Prognose basiert auf dem Immobilienpreisindex IMX von ImmobilienScout24, der bundesweit über 10 Millionen Immobilienangebote umfasst.",0,450565,2011,14
"Etwa die Hälfte der befragten Unternehmen bestätigt dabei, dass die eigentlichen ""Big Ideas"", d.h. Ideen, die sich später als außergewöhnlich erfolgreiche Innovationen herausstellen, häufig nicht erkannt oder fälschlicherweise aussortiert werden.",1,191232,2007,14
"Die Forscher konnten zeigen, dass eine Auflösung der ECM-Struktur im Gehirn der Rennmäuse durch Injektion eines entsprechenden Enzymes direkt in die Hörrinde die für das Umlernen notwendigen Strategiewechsel verbessert – die Tiere können die neue Bedeutung lernen.",0,572538,2014,14
"Deutlich wird, dass Naturschutz sich in einer Fülle von Projekten und Programmen niederschlägt, die vom Arten- und Bio-topschutz über die Integration des Naturschutzes in die verschiedenen Landnutzungen bis zum Meeresnaturschutz und internationalen Aktivitäten reicht“, sagte Professorin Beate Jessel, BfN-Präsidentin.",0,532272,2013,14
"Die Gruppe um Prof. Zippelius konnte anhand von Mausmodellen aufzeigen, dass in solchen Fällen eine Kombination von Dolastatinen mit spezifischen Antikörper-Immuntherapien zu einer Verstärkung der Therapie führt.",1,588450,2014,14
Das Zentrum ist überregional in Deutschland und Niedersachsen aktiv und arbeitet mit anderen Forschungseinrichtungen eng zusammen.,0,484217,2012,14
Vor genau hundert Jahren beschrieb der deutsche Neuropathologe Alois Alzheimer die Symptome und typischen Gehirnveränderungen der später nach ihm benannten Alzheimer Krankheit.,0,176296,2006,14
Im vierten Quartal 2011 wurden insgesamt 1.504 Interviews durchgeführt.,0,456995,2011,14
"Der neue Höchstleistungsrechner eröffnet Wissenschaft wie Wirtschaft große Chancen, um der ökologischen Modernisierung von Wirtschaft und Gesellschaft entscheidende Impulse zu geben.“ In der offiziellen Inbetriebnahme des Supercomputers am HLRS sieht Prof. Wolfram Ressel, Rektor der Universität Stuttgart, einen erneuten Beweis, die Universität Stuttgart als eine international führende Adresse in Wissenschaft und Forschung zu bestätigen: „Mit dem neuen Petafloprechner und den baulichen Erweiterungen am HLRS auf der einen Seite und den drei neuen Forschungsgebäuden für VISUS, SimTech und das HLRS auf der anderen Seite etabliert sich die Universität Stuttgart zu einem führenden Wissenschaftszentrum für Simulationstechnologien in Deutschland und nimmt auch in Europa eine Spitzenstellung ein“, freut sich Ressel.",1,464865,2012,14
Entscheidungsprozesse in Bezug auf die Bemessung von Tragwerken werden deshalb immer mehr als Entscheidungsproblem unter Unsicherheiten erkannt - welches mit der Bayes'schen Entscheidungstheorie gelöst werden kann.,0,51804,2002,14
Quartal 2008 wurden zusätzlich auch die Zuversichtswerte in den größten Städten Deutschlands mit mindestens 500.000 Einwohnern erhoben.,0,280861,2008,14
"»Damit kann der Entwickler einzelne Konstruktionsschritte detailliert nachvollziehen und der Kunde erhält eine konkrete Vorstellung vom Endprodukt, indem er beispielsweise durch das virtuelle Modell interaktiv navigiert,« erklärt Preisträger Dr. Nico Günther.",0,33591,2001,14
"Nach der Begrüßung durch Repräsentanten der Uni Dortmund, der Nietzsche Gesellschaft und des Nietzsche-Netzwerks der Universität Aarhus als Mitveranstalter umriß Hermann Josef Schmidt in ""zehn Problem-Tableaux"" den Rahmen des Kolloquiums: die ""Selbsterfindung"" des künftigen Philosophen, der nach einer Bemerkung des 32jährigen ""als Kind Gott im Glanze gesehen"" hatte, und der sich unter dem Einfluß der griechischen Antike als Oberprimaner in Pforta zum Atheisten gewandelt hatte.",0,12937,1999,14
Und der positive Trend hält weiter an: 2002 konnten über 3 700 Neuabschlüsse verzeichnet werden.,1,63427,2003,14
Noch immer dominieren Kosten die Verlagerungsentscheidung.,1,298383,2009,14
Die Kosten für zuzahlungspflichtige medizinische Leistungen wie Brillen oder Zahnersatz vermeiden 40 Prozent der Leistungsbezieher und sechs Prozent der Nichtleistungsbezieher.,0,614104,2014,14
"„Die Stimmung in der Branche ist sehr positiv, der Arbeitsmarkt in der chemischen Industrie ist sehr gut.",1,605700,2014,14
Unerwartet auftretende Probleme müssen durch eigene Mehrarbeit kompensiert werden.,1,243546,2008,14
"Er machte abschließend deutlich, wie sich sein Unternehmen an der Projektarbeit beteiligt hat und die erzielten Ergebnisse nun konzernweit nutzen wird.",1,138217,2005,14
"Prof. Dr. Thomas Dittmar und Prof. Dr. Kurt S. Zänker vom Institut für Immunologie der Universität Witten/Herdecke (UW/H) haben ein neues Fachbuch zur Rolle der Krebsstammzellen in der Biologie, der Diagnostik und Therapie veröffentlicht.",0,521587,2013,14
Dazu brauchen wir mehr Mittel.,0,74604,2004,14
"Die Umweltschutzwirtschaft passt somit recht gut zu dem Profil, das Deutschland im internationalen Wettbewerb abverlangt wird.",3,199472,2007,14
"Dreht man nun die Bedeutung der beiden Tonsignale von einem Tag auf den anderen um, so müssen die Tiere die gelernten Assoziationen umlernen, was den Rennmäusen kaum gelang – das einmal etablierte Gedächtnis ist dem Umlernen offenbar im Weg.",3,572538,2014,14
"Forschung und Entwicklung fördern Innovationen, die wiederum zu Wachstum und Beschäftigung führen.",0,82470,2004,14
"Die interdisziplinären Forschungsgruppen konzentrieren sich auf die Bereiche neue Technologien, Produktion, Energie und Umwelt sowie auf Regionalforschung und Innovationspolitik.",0,82470,2004,14
"Ein Projekt, welches im Rahmen der ""Fraunhofer-Initiative"" die ""Hightech-Strategie für Deutschland"" des Bundesministeriums für Bildung und Forschung unterstützt und mit seinen Ergebnissen eindrucksvoll unter Beweis stellt, dass Deutschland mit seinen innovativen Dienstleistungen auf dem Weg zur Weltspitze ist.",1,232633,2007,18
"Collins: Tail Dependence and Applications Douglas Maraun, GEOMAR Kiel: Projections and Predictions of Local Precipitation Intensities.",0,603396,2014,18
"Intensiv analysieren die Autoren, Prof. Dr. Bernd Stauss sowie die wissenschaftlichen Mitarbeiter des Lehrstuhls, Marcel Jedraßczyk und Nils Löber, weitere Schwachstellen der aktuellen Umsetzung und geben im Rahmen von Managementimplikationen Empfehlungen zur Gestaltung von Business Process Outsourcing.",1,298383,2009,18
"Zu berücksichtigen ist dabei, dass sich die erhöhten Kosten für die kommunale Infrastruktur bei der Erschließung des Gewerbegebietes Torgau-Nordstraße nicht in erhöhten Grundstückspreisen niederschlugen, da das Sächsische Ministerium für Wirtschaft und Arbeit eine einmalige Zuwendung gewährte.",1,15100,1999,18
"Weitere Informationen (Lebenslauf, Forschungsschwerpunkte) finden Sie unter <http://www.gsf.de/neu/Aktuelles/Presse/2006/euryi.php>.",0,179539,2006,18
"Obwohl eine Reihe von Maßnahmen infolge wasserschutzbedingter Beschränkungen nachgewiesen wurden, konnte kein signifikanter Einfluss durch die Lage eines Gewerbegebietes in einem Trinkwasserschutzgebiet bezüglich der Grundstückspreise, der Auslastung der Gewerbegebiete, der Kostenbelastung und der Beurteilung einer Behinderung durch Wasserschutzgebiete festgestellt werden.",0,15100,1999,18
"„Es freut uns sehr, dass die DFG in den letzten Jahren unsere teilweise außergewöhnlichen Projekte unterstützt hat, mit denen wir wissenschaftliches Neuland betreten haben.",2,602027,2014,18
Fraunhofer-Institut für System- und Innovationsforschung ISI Breslauer Straße 48 76139 Karlsruhe www.isi.fraunhofer.de Öffentlichkeitsarbeit: Bernd Müller Telefon	+49 (0) 721 / 68 09 - 100 Telefax	+49 (0) 721 / 68 09 - 270 bernd.mueller@isi.fraunhofer.de,0,108943,2005,18
"Das technische Know how wird durch Expertise in den Bereichen Klima, Umwelt, Wirtschaft und Rohstoffe erweitert.",0,547666,2013,18
"„Die Kooperation mit der Medizinische Hochschule Hannover in einer Phase, als es den Patienten wirklich sehr schlecht ging und wir alle extrem unter Druck standen, war einzigartig in der damaligen Ausnahmesituation“, betont der Greifswalder Transfusionsmediziner und Gerinnungsexperte Prof. Dr. Andreas Greinacher.",2,439383,2011,18
": 0561/804-3580 E-Mail: <lantermann@uni-kassel.de> Dr. Guido Rijkhoek Universität Kassel Kommunikation, Presse- und Öffentlichkeitsarbeit Tel.",0,472891,2012,18
"Schritt zum fundamentalen Verständnis der Kernkräfte Die neuen Erkenntnisse machen neutronenreiche Atomkerne, wie sie auch am GSI Helmholtzzentrum und bei FAIR in Darmstadt entdeckt und untersucht werden können, besonders spannend im Hinblick auf das fundamentale Verständnis und auf neue Aspekte der Kernkräfte.",1,489746,2012,18
Eine wichtige Ursache für die Dynamik der Gründungen im Dienstleistungs-sektor ist nach den Ergebnissen der Studie die veränderte Arbeitsteilung zwi-schen Industrie- und Dienstleistungsbetrieben.,0,12332,1999,18
"Als Konsequenz des gesteigerten Beratungsaufwands und damit verbundener Kosten haben sich Kreditinstitute vermehrt aus der Aktienberatung und teilweise sogar gänzlich aus der Anlageberatung zurückgezogen, wie auch eine jüngst veröffentlichte Studie des Deutschen Aktieninstituts belegt.",1,623789,2015,18
"Im Fraunhofer-Verbund Verkehr FVV bündeln derzeit sechzehn Fraunhofer-Institute ihr spezifisches Know-how im Bereich Verkehrsmanagement und -systeme, Güterverkehr und Logistik, IT-Systeme für Fahrzeuge und Fahrer einschließlich Mikroelektronikkomponenten bis zu Werkstoffen und Komponenten, Diagnose, Instandhaltung und Sicherheit.",0,71843,2003,18
"Die Preisverleihung fand im Rahmen der heutigen Konferenz ""Kommunaler Klimaschutz - Ideen - Impulse - Innovationen"" statt, ausgerichtet vom Bundesumweltministerium und der ""Servicestelle: Kommunaler Klimaschutz"" beim Difu in Kooperation mit den kommunalen Spitzenverbänden.",0,318442,2009,18
"Der Prorektor für Wissenschaft der TU Ilmenau, Professor Klaus Augsburg, zeigt sich über das Spitzenresultat außerordentlich erfreut: ""Es zeigt, dass die TU Ilmenau ihre Forschungsleistung erheblich erhöhen konnte, und ich möchte allen beteiligten Fachgebieten meinen Dank und große Anerkennung aussprechen.""",1,248889,2008,18
"So befinden sich beispielsweise viele Fledermausarten, die Seehundbestände in der Nordsee, aber auch die großen Buchenwald-Lebensräume im kontinentalen Teil Deutschlands bereits im ""grünen Bereich"".",0,239399,2007,18
"Die Biophysiker haben herausgefunden, wie Interleukin-10 an bestimmte Kohlehydratketten bindet, die auf den Gewebeimplantaten angebracht werden, und welche Wechselwirkungen diese beiden Moleküle dann miteinander eingehen.",0,646560,2016,18
In ihrem aktuellen Jahresgutachten zeichnet die Expertenkommission ein durchwachsenes Bild der deutschen Hochschulmedizin.,0,574352,2014,18
"Mit dieser Modellgleichung lassen sich die Ergebnisse von Bundestagswahlen äußerst genau bestimmen: So wichen die tatsächlichen Stimmenanteile der Regierungsparteien (1953-1998) bislang im Schnitt nur um 1,5 Prozentpunkte von den Modellschätzungenwerten ab, und auch in Bezug auf Sieg oder Niederlage irrte sich die Modellstatistik kein einziges Mal.",1,51950,2002,18
Die Plasmamedizin eröffnet darüber hinaus völlig neue Möglichkeiten der Behandlung chronischer Wunden (Programm und Infos: <http://www.dgkh.de/pdfdata/wunde2009.pdf>).,0,322034,2009,18
"Das Spektrum reicht von technisch geprägten Maßnahmen wie Deichbau und -sanierung bis hin zu Naturschutz fördernden Projekten wie Deichrückverlegungen, der Wiedergewinnung natürlicher Überschwemmungsflächen und einer Revitalisierung von Auen.",0,382914,2010,18
Die große Koalition reagierte mit der Regelung auf einen problematischen Trend: Seit Mitte der 90er Jahre war die Zahl der Nichtversicherten kontinuierlich angestiegen.,1,291121,2008,18
Die Eignung einer Einsparquote wird im Gutachten für verschiedene Anwendungsbereiche unterschiedlich eingeschätzt.,0,474849,2012,18
"Im Rahmen des Naturschutzgroßvorhabens wurden außerdem hochwertige nutzungsfreie Wäl-der geschützt, Fließgewässer erfolgreich renaturiert und extensive Weidelandschaften in einer Größenordnung von 540 ha geschaffen.",1,483148,2012,18
"Mit anderen Worten: Der Sprengsatz wird zwar später gezündet, dann aber mit umso höherer Sprengkraft.",0,65139,2003,18
"Dafür spreche die deutliche Zunahme der sozialversicherungspflichtigen Stellen in Branchen wie dem Gastgewerbe, dem Handel oder den „sonstigen Dienstleistungen“.",1,637553,2015,18
Überzeugende Hinweise auf eine echte Rendite bei einer europäischen Bereitstellung lassen sich indessen für gemeinsame europäische Botschaften und Konsulate finden.,0,543085,2013,18
"Skeptiker und Gelassene halten sich in Deutschland die Waage In der gemeinsam mit der Universität Hohenheim erstellten Zuversichts-Befragung der Allianz kristallisierten sich im wesentlichen zwei ""Zuversichtstypen"" heraus: der ""Skeptiker"" (Tenor: ""Ich weiß nicht so recht"") und der ""Gelassene"" (Tenor: ""Das wird schon"").",0,236723,2007,18
"Weitere Informationen PD Dr. Hubert Dinse, Institut für Neuroinformatik, Tel.",0,63072,2003,18
"Da die Stifte als Alltagswerkzeuge keine Berührungsängste bei den Benutzerinnen und Benutzern erzeugen, sind sie unter anderem auch in Kursen für Analphabetinnen und Analphabeten im Einsatz.",0,366533,2010,18
Diese Werte erreicht aktuell keine andere Region in Deutschland.,1,578477,2014,18
"Stark in Sachen Bildung und bei der Nutzung von Förderprogrammen Dass Sachsen seit Jahren die unangefochtene Spitzenposition im Bereich Bildung einnimmt, kommt nicht von ungefähr: Sächsische Bildungsausgaben pro Schüler liegen über dem bundesweiten Durchschnitt, was unter anderem an rückläufigen Schülerzahlen liegt.",0,634555,2015,18
"Zwei zentrale Themen stehen auf der Agenda: Zum einen die demografische Entwicklung, die in den vergangenen Jahren mit sinkenden Absolventenzahlen auf dem Arbeitsmarkt und einer sinkenden Zahl abgeschlossener Ausbildungsverträge einherging.",0,634555,2015,18
"Hand in Hand haben beide Innovationsmodelle mit Vorbildcharakter erarbeitet und umgesetzt und stehen mit diesen Ergebnissen beispielhaft für ""Innovative Dienstleistungen auf dem Weg zur Weltspitze"".",1,226065,2007,18
Das Gesamtbudget der TU Ilmenau von 57 Millionen Euro Haushaltsmitteln konnte damit im Jahr 2007 auf 90 Millionen Euro erhöht sowie 300 Mitarbeiterinnen und Mitarbeiter im Rahmen von drittmittelfinanzierten Forschungsprojekten beschäftigt werden.,0,248889,2008,18
"Innovative Zukunftskonzepte: Galliumnitrid in einer CMOS-Umgebung Ein innovativer Ansatz zur Senkung der Fertigungskosten besteht in der Eingliederung der Galliumnitrid-basierten Transistoren in CMOS (Complementary metal-oxide semi-conductor)-Fertigungslinien, die eine kostengünstige Serienproduktion erlauben würde.",1,592126,2014,18
"Kommunikationstheorie, Tel.",0,592837,2014,18
"Spitzenreiter in der Physik sind unverändert das Massachusetts Institute of Technology (MIT), die Harvard University und das California Institute of Technology.",1,437633,2011,18
"»So lassen sich das Volumen der Bauteile, der Kühlungsbedarf und die benötigten Module reduzieren, wodurch die Herstellungs- und Betriebskosten sinken.« Gemeinsam mit Partnern aus Industrie und Forschung streben die Wissenschaftler des Fraunhofer IAF die Entwicklung neuartiger Konzepte für Design, Materialherstellung und Prozesstechnologie zur Fertigung der Leistungselektronik-Bauelemente an.",1,592126,2014,18
Mit Erstellung und Zertifizierung der zwei eng verwandten Schutzprofile (Common Criteria Protection Profiles) für Einzel- und Mehrbenutzersysteme hatte das BSI das Deutsche Forschungszentrum für Künstliche Intelligenz (DFKI) beauftragt (Sept.,0,55561,2002,18
Das zeigt der aktuelle Gesundheitsmonitor der Bertelsmann Stiftung.,0,140777,2005,18
Eine wiederholte Nutzung des Tools gestattet eine kontinuierliche Erfolgskontrolle von umgesetzten Maßnahmen zur Steigerung der Innovations- und Leistungsfähigkeit.,0,389870,2010,18
Im 2.,0,592837,2014,18
Zusammen mit der zunehmenden kommerziellen Bedeutung des Internets hat diese Entwicklung eine globale Debatte über Netzneutralität angeregt.,0,406613,2011,18
Für weitere Fragen stehen Ihnen zur Verfügung: IAT: Dr. Lothar Beyer Durchwahl: 0209/1707-119 E-Mail: beyer@iatge.de Dr. Hansjürgen Paul Durchwahl: 0209/1707-229 E-Mail: paul@iatge.de IZT: Britta Oertel Durchwahl: 030/803088-43 E-Mail: b.oertel@izt.de SFZ: Dr. Karlheinz Steinmüller Durchwahl: 0209/91358-12 E-Mail: steinmueller@sfz.de Pressereferentin IAT Claudia Braczko Munscheidstraße 14 45886 Gelsenkirchen Tel.,0,42739,2001,18
Teilnehmerrekord beim diesjährigen Schülerwettbewerb Anlässlich der Preisverleihung des 38.,0,64058,2003,18
"Das Gutachten und die Kurzfassung können online abgerufen werden unter www.gleichstellungsbericht.de Mitglieder der Sachverständigenkommission: 	Prof. Dr. Ute Klammer, Universität Duisburg-Essen (Vorsitz) 	Prof. Dr. Gerhard Bosch, Universität Duisburg-Essen 	Prof. Dr. Cornelia Helfferich, Evangelische Hochschule Freiburg 	Prof. Dr. Uta Meier-Gräwe, Justus-Liebig-Universität Gießen 	Prof. Dr. Paul Nolte, Freie Universität Berlin 	Prof. Dr. Margarete Schuler-Harms, Helmut-Schmidt-Universität / Universität der Bundeswehr Hamburg 	Prof. Dr. Martina Stangel-Meseke, BiTS Business and Information Technology School gGmbH Iserlohn Die »Geschäftsstelle Gleichstellungsbericht« ist in der Zentrale der Fraunhofer-Gesellschaft angesiedelt und unterstützt die eingerichtete Sachverständigenkommission administrativ und wissenschaftlich bei der Erstellung des ersten Bundesgleichstellungsberichts.",0,406196,2011,18
Kurze Beschreibungen betrieblicher Good-Practice-Beispiele erleichtern die Übertragung der vorgestellten Konzepte auf die unternehmerische Praxis und runden das Gesamtbild ab.,0,341958,2009,18
"Das Modellvorhaben wurde vom Bundesministerium für Verkehr, Bau und Stadtentwicklung von 2007 bis Ende 2011 mit rund sechs Millionen Euro gefördert.",0,467481,2012,18
Aus den im Rahmen dieses Prototyps erprobten sprachtechnologischen Innovationen sind inzwischen bereits sechs Spin-Off Firmenneugründungen mit dreihundert neuen Hightec-Arbeitsplätzen und zwanzig marktfähige Produkte (z.B FairCar zur sprachbasierten Produktsuche im Internet und FränKi zur vollautomatischen Kinoauskunft über Telephon) hervorgegangen.,0,39271,2001,18
Im Jahr 2008 gehörten die Technische Universität Chemnitz und das Fraunhofer-Institut für Werkzeugmaschinen und Umformtechnik IWU mit diesem Forschungsvorhaben zu den Siegern im sächsischen Landesexzellenzwettbewerb.,0,413554,2011,18
"Beispielsweise enthalten sie Hinweise darauf, welche Ansprüche Unternehmen in ländlichen Räumen in den Neuen Bundesländern an kommunale Verwaltungen und die kommunale Wirtschaftsförderung haben.",0,15100,1999,18
"Träger des Projekts sind die Berlin-Brandenburgische Akademie der Wissenschaften, das Ecologic Institut, das Öko-Institut und die Professur für Landespflege der Universität Freiburg.",0,533748,2013,18
"Darüber hinaus gelte es, mehr nutzerfreundliche Information und Beratungsangebote zum Prozess der Erstattung innovativer Medizintechnik durch die Gesetzliche Krankenversicherung sowie eindeutige und längerfristig gültige Kriterien für die Kosten-/Nutzenbewertung innovativer Medizinprodukte zu etablieren.",0,323164,2009,18
"„Realistischer wäre, sich auf diejenigen Ökosysteme jenseits der Wälder zu konzentrieren, die einen besonders hohen Kohlenstoffgehalt und eine hohe Artenvielfalt aufweisen“, so Lotze-Campen.",0,613168,2014,18
"Zur Überprüfung und Bewertung der Forschungsleistungen im Bereich der Erziehungswissenschaft in Niedersachsen hat die Wissenschaftliche Kommission eine zehnköpfige, z. T. international besetzte Expertengruppe unter der Leitung von Prof. Dr. Elmar Tenorth (Humboldt-Universität Berlin) eingesetzt, die im Herbst des vergangenen Jahres auch die Erziehungswissenschaftler der Universität Lüneburg unter die Lupe nahm.",0,47188,2002,18
Unternehmen können also mit relativ geringem Aufwand das Qualitätsmodell auf ihre Bedürfnisse zuschneiden; der Nutzer wird durch umfassende Hilfestellungen im Anpassungsprozess unterstützt.,0,363416,2010,18
"Statussymposium „Extremes 2014“ 6. bis 7. Oktober 2014 Tagungszentrum Schloss Herrenhausen, Hannover Medienvertreter(innen) sind herzlich eingeladen, an dem Symposium oder einzelnen Sessions teilzunehmen.",0,603396,2014,18
Rechnerexperimente werden mit zunehmender Rechner-Kapazität mehr und mehr zum Gradmesser für realistische Konzepte.,0,63215,2003,18
"Um die führende Stellung im Bereich der Bionik auch in Zukunft zu halten, müssen die Innovationspotenziale der Bionik konsequent genutzt werden.",0,517667,2013,18
"Komplette Aushärtung, Abstellung des Ausgasens und Oberflächenfunktionalisierung und -hydrophilierung infolge der Elektronenbehandlung optimieren Benetzung, Verlauf und Haftfestigkeit der Beschichtung und minimieren die derzeit noch sehr hohe Defektanfälligkeit von SMC in Beschichtungsprozessen.",0,556217,2013,18
"Die neue Studie, die im Labor von Prof. Henry Markram von der Abteilung Neurobiologie des Weizmann Instituts durchgefuehrt wurde, zeigt nun genau dies.",0,17231,2000,18
"Dann wenden Sie sich bitte an Prof. Dr. Michael Pfreundschuh, Unikliniken Homburg, Tel.",0,24796,2000,18
"""Genau so wenig lässt sich heute die zunächst durch die besonderen Besatzungsziele der Alliierten - also die Demilitarisierung, Denazifizierung und Demokratisierung Deutschlands - gerechtfertigte Beschlagnahme der so genannten Kriegs- und Nazikunst rechtfertigen, so dass solche Kunstwerke nunmehr zurückzugeben sind"", meint die Juristin.",0,102961,2005,18
"AUS DEN MEISTEN FORSCHUNGSPROJEKTEN ENTSTANDEN KOOPERATIONEN MIT DER INDUSTRIE Aus der Sicht von Ministerin Behler ist besonders erfreulich, »dass aus den meisten Forschungsprojekten Kooperationen mit der Industrie erwachsen sind.",1,27629,2000,18
"göd Publikation: Matched Pre- and Post-Synaptic Changes Underlie Synaptic Plasticity Over Long Time Scales Alex Loebel , Jean-Vincent Le Bé , Magnus JE Richardson , Henry Markram , Andreas VM Herz Journal of Neuroscience, in press (2013) doi: 10.1523/JNEUROSCI.3740-12.2013 Kontakt: Dr. Alex Loebel Faculty of Biology and Bernstein Center for Computational Neuroscience Phone: +49 (0) 89 / 2180 – 74820 E-Mail: alex.loebel@gmail.com",0,527781,2013,18
"Ziel der Allianz Zuversichtsstudie ist es, die Stimmungslage in Deutschland zu erheben.",0,443124,2011,18
"Die Publikation ""Gestaltung interner Dienstleistungen bei öffentlichen Einrichtungen"": Studie zum Stand der Modernisierung in der deutschen Verwaltung (Hrsg.",0,92545,2004,18
Die Ergebnisse könnten die Chancen für erfolgreiche Stammzelltransplantationen erhöhen.,1,502650,2012,18
"Die Studie weist zudem darauf hin, dass es in den Vereinigten Staaten zahlreiche Beispiele für wirtschaftlich erfolgreiche Regionalstrukturen in der medizinischen Versorgung gibt.",1,634721,2015,18
Gut jeder zweite sozialversicherungspflichtige Beschäftigte arbeitete im Jahre 2009 in einem mittelständischen Unternehmen – oder fand dort seit 2001 eine Anstellung.,0,534515,2013,18
Das Papier beleuchtet daher insbesondere Umsetzungsmöglichkeiten in diesen Sektoren.,0,533748,2013,18
"Das unter dem Begriff Solvency II vorbereitete Verfahren also, das nach Lage der Dinge im Jahr 2012 verbindlich werden soll.",0,360373,2010,18
"Ihr Ansprechpartner für weitere Informationen: Fraunhofer IAO Daniel Heubach Nobelstraße 12, 70569 Stuttgart Telefon: +49 (0) 7 11/9 70-20 23 54, Fax: +49 (0) 7 11/9 70-22 87 E-Mail: daniel.heubach@iao.fraunhofer.de",0,179237,2006,18
"Ein weiterer Grund für die positive Entwicklung des deutschen Mittelstands findet sich aber auch in der europaweit höchsten Innovationsorientierung: Die größten Familienunternehmen beispielsweise investierten 3,3 % ihres Jahresumsatzes im Jahre 2012 in Forschung und Entwicklung.",1,547677,2013,18
IAT-Report 2006-03 Thorsten Kalina/ Claudia Weinkopf: Mindestens sechs Millionen Niedriglohnbeschäftigte in Deutschland: Welche Rolle spielen Teilzeitbeschäftigung und Minijobs?,0,150919,2006,18
"So können beispielsweise wärmeformstabile, spannungsrissbeständige und flammfeste Kunststoffe ohne den Zusatz von häufig gesundheits- und umweltschädlicher Modifizierungshilfsmittel erzeugt werden, die den hohen Anforderungen beim Einsatzes in der Elektro- und Elektronikindustrie, im Verkehrswesen und in öffentlichen Gebäuden und Einrichtungen sehr gut genügen.",1,160381,2006,18
"„Bei der Entwicklung sozialversicherungspflichtiger Beschäftigungsverhältnisse lassen sich demnach bislang keine negativen Effekte des Mindestlohns nachweisen“, urteilen die Arbeitsmarktexperten.",0,637553,2015,18
"Die wachsende Bedeutung und Spezialisierung der Medizinischen Physik führte in der Bundesrepublik Deutschland im Jahr 1969 zur Gründung einer eigenen wissenschaftlichen Gesellschaft - der Deutschen Gesellschaft für Medizinische Physik, abgekürzt DGMP.",1,277736,2008,18
So nehmen etwa junge Frauen aus familiären Gründen oftmals Auszeiten oder kehren nach der Familienphase gar nicht mehr in den Betrieb zurück.,1,418847,2011,18
"In München sind Feldmoching-Hasenbergl, Milbertshofen-Am Hart oder Berg am Laim Stadtteile mit einem erhöhten Anteil von Niedriglohnbeziehern.",0,595271,2014,18
"Es ist ausserdem bekannt, dass das Normenkalibrierungsverfahren stark von den Interessen der Industrie beeinflusst wird, die unterschiedliche Baumaterialien bevorzugen.",0,51804,2002,18
Weitere Informationen finden sich im Internet über die unten angegebenen Links.,0,264131,2008,18
"Deutschland hat hier insbesondere für die Buchenwälder eine nationale und globale Verantwortung"", sagte die BfN-Präsidentin.",1,306430,2009,18
Bei diesem Prozess werden je nach Bedingung Varianten von Neurexin mit unterschiedlichen Bindungseigenschaften hergestellt.,0,457640,2011,18
Das zeigen neueste Auswertungen des Instituts Arbeit und Technik (IAT/Gelsenkirchen) zur Entwicklung der Niedriglohnbeschäftigung in Deutschland.,0,150919,2006,18
Ende der 90er-Jahre überstieg die Wertschöpfung des Dienstleistungssektors erstmals jene der verarbeitenden Industrie.,0,49485,2002,18
"- Die Beilegung der Konflikte erfolgt nach Angaben beider Seiten in mehr als 50 Prozent der Fälle (nach Einschätzung der Betreiber sogar in vier Fünftel aller Fälle) bilateral, also ohne die Einschaltung Dritter.",0,60791,2003,18
"Das Bundesministerium für Bildung und Forschung (BMBF) fördert Quamoco im Rahmen des Förderprogramms IKT 2020 mit 3,7 Mio Euro.",0,363416,2010,18
"Für 2005 sind sich viele Unternehmen noch unsicher: Mitte 2004 wussten rund 30 Prozent der Industrieunternehmen und mehr als 40 Prozent der Unternehmen in den unternehmensnahen Dienstleistungen noch nicht, ob sie im Jahr 2005 Innovationsprojekte durchführen werden.",1,110794,2005,18
"Mit Fiberio lassen wir das Wirklichkeit werden“, sagte HPI-Professor Patrick Baudisch, an dessen Fachgebiet „Human Computer Interaction“ die Innovation entwickelt worden ist.",1,566055,2013,18
"Und obwohl zur Zeit noch 76% dem Ansatz der Selbstevaluation den Vorzug geben, wird dieses Konzept nur von der Hälfte der befragten Einrichtungen für zukunftsfähig gehalten.",0,56332,2002,18
"Dies hat nach Auffassung der BfN-Präsidentin dazu beigetragen, dass sich seit Mitte der 1990er Jahre einige Bestände erholen konnten.",0,239399,2007,18
"„Selbst Steve Jobs brauchte eine Gruppe von Menschen, die seine Ideen ernst nahmen und entstehen ließen“, so Professor Hanslam.",0,556681,2013,18
"Durch eine biochemische Entfernung des Ab-Eiweißes aus diesen Extrakten oder eine Behandlung der Extrakte mit Ameisensäure, die Eiweiß zerstörend wirkt, verloren die Hirnextrakte die Fähigkeit, die Alzheimerpathologie zu induzieren.",0,176296,2006,18
"Mit der Jahresbilanz zeigt sich Prof. Dr. Frieder Stolzenburg, Prorektor für Forschung und Wissenstransfer der Hochschule Harz, sehr zufrieden.",0,404121,2011,18
"Befragt wurden Organisationsmitglieder, die einen stellenbezogenen Blick auf Führungsfragen haben, darunter fallen insbesondere Geschäftsführer, Vorstandsmitglieder und Personalleiter.",0,605580,2014,18
"Mit fast 92 Prozent im Jahre 2006 arbeitet die große Mehrheit der MinijobberInnen zu Stundenlöhnen, die unterhalb der Niedriglohnschwelle (9,61 € pro Stunde in Westdeutschland und 6,81 € in Ostdeutschland) liegen.",0,284575,2008,18
"Das Fraunhofer IAO wird auch auf der diesjährigen CeBIT 2006 vom 9. bis 15. März in Halle 17 wieder mit aktuellen Bankstrategietrends und neuesten Forschungsergebnissen aus dem Innovationsforum ""Bank & Zukunft"" als ""Lösungsgenerator der Finanzindustrie"" präsent sein.",1,147008,2006,18
Die erste absolvierte ein sogenanntes Einsatztraining – also lediglich ein Durchgang je Übung (bei 10 bis 12 Übungen) – und erhielt zusätzlich hochwertiges Eiweiß.,0,585542,2014,18
"""Mit diesem Programm stärken wir die Universitäten und Forschungseinrichtungen in ihrer Profilbildung, und wir unterstützen die beteiligten innovativen Unternehmen darin, technologisch bedeutsame Zukunftsmärkte zu bearbeiten.",1,315873,2009,18
"Entgegen dem europäischen Trend bleibt die Lohnentwicklung auch im Krisenjahr 2003 hinter dem Verteilungsspielraum zurück, der sich aus der Summe der Preis- und Produktivitätssteigerungen ergibt.",0,84088,2004,18
"B. die seltenen Schafrassen oder Robustrinder, die ohne große Krankheitsanfälligkeit wertvolle Dienste bei der Erhaltung der Kulturlandschaft leisten.",0,227776,2007,18
Und auch die Regeln des Volksentscheids sind einem beträchtlichen Teil der Stimmberechtigten bisher nicht bekannt.,1,373678,2010,18
Laut Einsteins berühmter Formel E=mc2 ist die Masse eines Teilchens mit seiner Energie verknüpft.,0,489746,2012,18
"Entwicklung innovativer Elektrofahrzeug-Komponenten Neben dem Elektromotor wurden für das REM 2030-Fahrzeugkonzept auch andere Bauteile wie etwa eine Hochleistungs-Lithium-Ionen-Batterie mit einer Nettokapazität von 11,8 kWh, eine Leistungselektronik-Einheit mit zugehöriger Peripherie um eine DC/DC-Wandlung, ein Thermomodul zur Deckung des Heiz- und Kühlbedarfs der Batterie und des Fahrzeuginnenraums oder ein Tank für das Methanol-Wassergemisch entwickelt.",0,633229,2015,18
"Die Forscher sind der Auffassung, dass die Faehigkeit zur Erfassung funktionell miteinander verwandter Gruppen im Gehirn, das so genannte 'Homogenitaetsprinzip', von gemeinsamen Signalmolekuelen herruehrt, welche die Zielzellen abgeben.",0,17231,2000,18
"Der Beitrag von Umweltschutzgütern zur ohnehin schon starken deutschen Exportleistung ist seit Anfang des Jahrtausends noch einmal bedeutender geworden: 6,2 % der Industriegüterexporte waren 2004 dem ""Umweltschutzsektor"" zuzurechnen, in der übrigen Welt waren es nur 4,3 %; die Ausfuhren sind fast doppelt so hoch wie die Einfuhren.",1,199472,2007,18
"""In modernen Unternehmen werden die Voraussetzungen geschaffen, dass sich Beruf und Familie bestmöglich vereinbaren lassen.",0,333178,2009,18
Bemerkenswert ist auf der anderen Seite jedoch die hohe Marktaustrittsrate neu gegründeter Unternehmen.,1,49485,2002,18
"Drei von vier Maklern glauben außerdem, dass sich die Sanierung für Verkäufer nicht lohnt, da die späteren Käufer lieber ihre eigenen Vorstellungen umsetzen wollen.",0,635265,2015,18
"Werden bestimmte Leistungsvorgaben der Unternehmenszentrale nicht erreicht, so werden Ressourcen - z.B. die Personalkapazität - angepasst.",0,58823,2003,18
"„Denn da, wo sich durch neue Werkstoffe und ihre verbesserte Werkstofftechnik die Leistungsgrenzen bestehender Produkte verschieben lassen oder neue Produktvarianten entstehen können, werden Innovationsschübe und entscheidende Wettbewerbsvorteile für unsere Unternehmen generiert.“ Etwa zwei Drittel aller technischen Innovationen hängen von den Eigenschaften der Werkstoffe ab.",0,584033,2014,18
„So mussten etwa zu Beginn des Jahres wieder vermehrt Kohlekraftwerke zur Stromgewinnung eingesetzt werden.,0,539689,2013,18
"Mitentscheidend für die Zuverlässigkeit dieser sogenannten Kantendetektion ist, daß sie nur dort Antworten liefert, wo im Bild wirklich Konturen zu finden sind - ein Kriterium, das herkömmliche Verfahren leider oft nicht erfüllen.",1,16305,1999,18
Das Konsortium will sich Anfang Mai gemeinsam bei der EU um die Vorbereitung europäischer Supercomputer-Zentren mit Rechnern an der Leistungsspitze bewerben.,2,204696,2007,18
"So schreiben die Psychologen im Fachmagazin „Neuropsychologia“, dass attraktive Gesichter – ohne besonders auffällige Merkmale – deutlich weniger ausgeprägte Eindrücke im Gedächtnis hinterlassen (DOI: 10.1016./j.neuropsychologia.2013.12.023).",0,572220,2014,18
"Und nicht nur in der Boot-Industrie könnte dieses Analyseverfahren zum Einsatz kommen, um Surfbretter in Zukunft stabiler zu bauen - auch bei der Herstellung von Auto-Karosserien oder Rumpfkonstruktionen, z.",0,117847,2005,18
Forschung und Innovation sind in diesem Sinne ein Schutzschild gegen konjunkturelle Schwankungen.,0,370249,2010,18
"Sie erhalten also mehr Lohn als es ihrer Produktivität entspricht, ohne die Phase der geringeren Einstiegslöhne im Unternehmen durchlaufen zu haben.",0,418847,2011,18
"Ein Thema, das von den beteiligten Exzellenzeinrichtungen als schwierig wahrgenommen wird, ist die Suche nach exzellenten Wissenschaftlerinnen.",0,302997,2009,18
"Prof. Dr. Werner Seeger, Ärztlicher Geschäftsführer des Universitätsklinikums in Giessen und Marburg (UKGM) und Koordinator des neu gegründeten Deutschen Zentrums für Lungenforschung (DZL), ergänzt: „Die Forschungsmittel kommen überwiegend aus der Exzellenzinitiative des Bundes für unser Exzellenzcluster Cardio-Pulmonary System (ECCPS) und von der hessischen Landes-Offensive zur Entwicklung Wissenschaftlich-ökonomischer Exzellenz (LOEWE).“ „Diese Art translationaler, also anwendungsbezogener Forschungserfolge, die direkt beim Patienten ankommen, können wir uns für die Universitätsmedizin nur wünschen“, freut sich Prof. Dr. Trinad Chakraborty, Dekan des Fachbereichs Medizin der Universität Gießen, über die aktuellen Ergebnisse.",0,545063,2013,18
"Entschlossen sich die Sponsoren in den Anfangsjahren der Fußball-Bundesliga erst nach und nach, die Bundesligisten zu unterstützen, übt mittlerweile ein Sponsoringengagement in der Fußball-Bundesliga eine besonders starke Anziehungskraft auf die Unternehmenswelt aus.",1,599984,2014,18
"Ziel ist es, die Stimmungslage in Deutschland zu erheben.",0,375703,2010,18
"WebGenesis® lässt sich sowohl als modulares Informations-, Community- und Wissensmanagementsystem nutzen, wie auch als Entwicklungs- und Erprobungsplattform für neue Konzepte und Lösungen in innovativen Anwendungsbereichen.",0,59826,2003,18
"„Blue Hospital“ – die Kombination von Qualität, Ökonomie und Effizienz in allen Bereichen des Krankenhauses mit dem Ziel der langfristigen Wirksamkeit – bietet vor diesem Hintergrund die Chance, bisher ungenutzte Einsparpotenziale auszuschöpfen, deutliche Effizienz- und Qualitätssteigerungen zu erzielen und damit den Medizintechnikstandort Deutschland zu stärken.",0,451418,2011,18
"Kontaktadresse: Prof. Dr. Jutta Geldermann Georg-August-Universität Göttingen Wirtschaftswissenschaftliche Fakultät Platz der Göttinger Sieben 3, 37073 Göttingen Telefon (0551) 39-7257, Fax (0551) 39-9343 E-Mail: geldermann@wiwi.uni-goettingen.de",0,349811,2009,18
"„Das heißt nicht, dass die Impfung nicht hilft“, sagt Niki Popper, „aber mit unserem Modell kann man sich basierend auf den Ergebnissen gemeinsam hinsetzen und bessere Strategien entwickeln.",1,524655,2013,18
"„Insbesondere der Aspekt der optimalen stofflichen Nutzung verschiedener Rohstoffe unter dem Gebot ökologischer Nachhaltigkeit lassen das Vorhaben als herausragend erscheinen“, betont der Autor Klaus Wurpts auf der Grundlage einer vergleichenden Evaluierung.",1,554850,2013,18
Laut einer OECD-Untersuchung für den Zeitraum von 1986 bis 1991 lag die Aufstiegswahrscheinlichkeit von westdeutschen Geringverdienern damals noch ungefähr im EU-Durchschnitt - und weit höher als in den USA.,0,104206,2005,18
"Unter 88 ausgewählten Gewinnern erhielten die ersten sechzehn Teilnehmer jeweils 20.000 Mark, weitere 40.000 Mark erhalten diese nach erfolgter Geschäftsgründung.",0,33591,2001,18
"[3] Da sich die Planeten des Sonnensystems schon vor mehreren Milliarden Jahren gebildet haben, können Astronomen ihren Entstehungsprozess natürlich nicht mehr direkt beobachten.",0,521115,2013,18
"Eine weitere neue Erkenntnis der von Hafner und Kollegen vorgelegten Forschungsarbeit ist, dass bei Patienten mit vielen Alterswarzen die einzelnen Tumoren trotz räumlicher Entfernung offensichtlich von der gleichen Vorläuferzelle abstammen können.",0,400214,2010,18
Die neue Studie wurde nun im Fachmagazin Cell Systems publiziert.,0,645149,2016,18
"Eine riskante Zeit, in der unter anderem gefährlichen Keimen ein echtes Einfallstor geboten wird.",1,646560,2016,18
Pressekontakt Marcus Drost Immobilien Scout GmbH Fon 030 / 24 301 - 14 18 Fax 030 / 24 301 - 11 10 E-Mail: presse@ImmobilienScout24.de http://www.immobilienscout24.de/presse Joachim Schmidt Pressestelle RWI Fon 0201 / 8149 – 292 Fax 0201 / 81 49-200 E-Mail: joachim.schmidt@rwi-essen.de http://www.rwi-essen.de/presse/,0,450565,2011,18
Zu diesem Ergebnis kommt eine neue Studie der Hochschule Osnabrück unter der Leitung von Prof. Dr. Carsten Steinert.,0,605580,2014,18
"„Innovationsförderung ist daher eine wesentliche Säule der Wirtschaftsförderung von Städten, sie unterstützen Technologieparks, Gründerzentren oder Wissenschaftscluster“, sagt IRS-Abteilungsleiter Prof. Dr. Oliver Ibert.",1,627876,2015,18
Das fertige Gebäude Das Internationale Solarzentrum ist ein Gebäudekomplex mit innovativem Niedrigenergiestandard und 22.000 qm Nutzfläche.,0,71147,2003,18
"Um jedoch für gegebene Umweltbedingungen solche Arten mit hohem Monokulturertrag verfügbar zu haben, sind wir auf eine grosse Auswahl von Arten angewiesen.",0,258558,2008,18
"Innovative Impulse in der Fördertechnik Chemnitzer Spitzentechnologiecluster ""Energieeffiziente Produkt- und Prozessinnovationen in der Produktionstechnik"" stellt energieeffizienten Gleitförderer aus Kunststoff auf der Hannover Messe vor Eine neuartige Gleitförderkette aus Kunststoff, die durch spezielle, endlosfaserverstärkte Einlegeteile in den Kettengliedern Antriebsenergie spart und gleichzeitig eine sehr lange Lebensdauer hat, stellen Chemnitzer Wissenschaftler des Spitzentechnologieclusters ""Energieeffiziente Produkt- und Prozessinnovationen in der Produktionstechnik"" (eniPROD) vom 4. bis 8. April 2011 auf der Hannover Messe vor.",1,413554,2011,18
Weltweit wird die Intensivierung der landwirtschaftlichen Nutzung als die grösste Bedrohung für die Artenvielfalt erachtet.,0,567714,2013,18
"Der Einsatz von Nützlingen in Gartenbaubetrieben kostet in der Regel nicht mehr als chemischer Pflanzenschutz, von Fall zu Fall kann er sogar günstiger sein.",0,192597,2007,18
"Der Leiter des ZDV, Prof. Thomas Walter, freut sich, dass das ZDV als weltweit erster Account-Server die neue Einlogg-Möglichkeit via Handy seinen Nutzern zur Verfügung stellen kann.",0,423983,2011,18
"Für das Jahr 2004 zeigt sich, dass Industrieunternehmen ihre Rationalisierungserfolge steigern konnten und ihre Kosten um durchschnittlich 5,6 Prozent senkten, nach 4,5 Prozent im Jahr 2003.",0,148680,2006,18
Universität Mannheim Fakultät für Betriebswirtschaftslehre Presse- und Öffentlichkeitsarbeit Tel.,0,65139,2003,18
"Die Arbeitsmarktforscher haben zudem untersucht, wo sich Hartz-IV-Empfänger aus finanziellen Gründen beim Lebensstandard einschränken.",0,614104,2014,18
"In den letzten Jahren hat sich die Belastungssituation für Beschäftigte in der IT-Wirtschaft deutlich verschärft, wie Andreas Boes, Tobias Kämpf und Katrin Trinks vom ISF München herausarbeiteten.",1,337272,2009,18
"Ob und wie gut sie trotzdem als Atemschutzmasken geeignet sind, haben wir jetzt untersucht.""",0,147560,2006,18
"Damit übertragen sich gesellschaftspolitische Aufgaben auf die Ebene der Verbände“, schlussfolgert Weierstall.",0,625208,2015,18
"Die jetzt positiv beschiedenen Projektvorschläge sind: 	""France Energies Marines"" in Brest (Bretagne) auf dem Gebiet der erneuerbaren marinen Energien (Fördersumme 34,3 Millionen Euro) 	""Green Stars"" im Bassin des Etang de Thau (Languedoc-Roussillon) auf dem Gebiet der Bio-Algen (Fördersumme 23,8 Millionen Euro) 	IFMAS in Villeneuve d' Ascq (Nord-Pas-de Calais) auf dem Gebiet der ""Grünen Chemie"" (Fördersumme 30,8 Millionen Euro) 	IPVF in Saclay (Île-de-France) auf dem Gebiet der Photovoltaik der dritten Generation (Fördersumme 18,1 Millionen Euro) 	""Supergrid"" in Villeurbanne (Rhône-Alpes) auf dem Gebiet der Hoch- und Höchstleistungsnetze zur Übertragung von Elektrizität (Fördersumme 72,6 Millionen Euro) Vorbehaltlich noch vorzunehmender Verbesserungen von zwei Projektvorschlägen der zweiten Projektausschreibung wurden diese als für eine Finanzierung in Betracht kommend eingestuft und deshalb von der Regierung mit dem Label ″Exzellenzinstitute″ ausgezeichnet.",0,470419,2012,18
"Zum anderen ist Fingolimod bei Patienten, die noch keine vollständige Therapie mit Beta-Interferon erhalten haben, aufgrund der Änderung des Anwendungsgebiets nicht mehr zugelassen.",0,646949,2016,18
"Der aktuellen Einschätzung der Experten, dass insbesondere die Preise für Lkw-Transporte deutlich anziehen werden, liegt offenbar die ungünstige Entwicklung bei wichtigen Kostenfaktoren zu Grunde.",0,213171,2007,18
"Im Hinblick auf neuartige Anwendungen erscheint diese Eigenschaft als vielversprechend um die Sensitivität eines elektronischen Bauelementes entsprechend einstellen zu können.“ Eine außergewöhnlichere Aufgabe hatte die Forschergruppe dann auch noch zu bewältigen, denn um die komplexen Vorgänge bei der Materialmodifikation besser verstehen zu können, wurde im Zuge der Veröffentlichung ein Video erstellt, welches auf der Homepage der Zeitschrift zur Verfügung steht: http://iopscience.iop.org/1367-2630/17/2/023036/",2,624936,2015,18
Im August teilten diese Einschätzung jedoch nur noch 38 Prozent und im September 35 Prozent der befragten Bundesbürger.,0,443124,2011,18
Gerade diese Potentiale aber werden deshalb entweder gar nicht gesehen oder fahrlässig unterschätzt.,1,467617,2012,18
"Denn um dies zu erreichen, müssen beide - die Lichtquellen und der Durchlassbereich - bis auf deutlich weniger als einen Nanometer zur Deckung gebracht werden.",1,446379,2011,18
Kann sich die deutsche chemische Industrie auch zukünftig im internationalen Wettbewerb behaupten?,1,605700,2014,18
"„Denn gerade aus dem Grund, dass Menschen nicht durch die Dogmen der Denkweisen Anderer gefangen sein wollten, wurde Jobs Idee des PCs zunächst als Irrsinn abgestempelt.“ Institut Ranke-Heinemann / Australisch-Neuseeländischer Hochschulverbund Pressestelle Friedrichstr.",1,556681,2013,18
"Damit stellt sich die Frage: Wovon hängt es im Einzelnen ab, dass die mit dem Leitbild Nachhaltigkeit vorgegebenen Herausforderungen in der sozialen Praxis auch aufgegriffen und vorhandene Innovationspotenziale genutzt werden?",0,68360,2003,18
"Während der anschließenden Testphase wurden ihnen wieder Gesichter gezeigt und sie mussten entscheiden, ob sie diese wiedererkennen.",0,572220,2014,18
"Dazu zählen Wildbienen, Fliegen, Käfer, Schmetterlinge, Vögel und Fledermäuse.",0,521372,2013,18
"Weitere Stationen der von der von der Handelshochschule Leipzig und dem CLIC - Center for Leading Innovation & Cooperation organisierten Veranstaltungsreihe sind übrigens unter anderem Aachen, Hamburg, Leipzig und Stuttgart.",0,226065,2007,18
"Aus den Zahlen der im Auftrag des Bundesministeriums für Familie, Senioren, Frauen und Jugend durchgeführten Studie geht allerdings hervor, dass sich der Status quo von Frauen in Vorständen und Aufsichtsräten noch nicht entscheidend verbessert hat: So stieg der Anteil der weiblichen Aufsichtsratsmitglieder im Prime Standard der Deutschen Börse von 8,8 Prozent im Jahr 2009 auf 9,1 Prozent im Jahr 2010.",1,447042,2011,18
"Rieck untersucht die Spieltheorie anhand verschiedener Situationen, wie beispielsweise des Elfmeterschusses.",0,595386,2014,18
"Am 22. Februar diesen Jahres folgte das zweite Zukunftsforum „Neue Formen der Industrialisierung“ bei der IG Metall, ebenfalls in Frankfurt.",0,531704,2013,18
"Die Studie gibt auch eine Antwort auf die Frage, welche Faktoren Hochschulabsolventen zu beruflichem Erfolg führen.",0,456020,2011,18
"· Das finanzielle Volumen der Sozialleistungen, wie es in der ""Sozialleistungsquote"" zum Ausdruck kommt, signalisiert die hohe ökonomische Bedeutung des Sozialstaats.",0,18056,2000,18
"Gleich welcher Rechtsform die Hochschulen unterliegen, die Finanzierung von Bau- und Bewirtschaftungsaufgaben erfolgt in allen Bundesländern durch das Land.",0,261638,2008,18
"Dies ist Voraussetzung für eine nachhaltige Unternehmensentwicklung.“ Entscheidend für eine funktionierende Corporate Governance sei eine „wechselseitige, kontinuierliche Kommunikation zwischen Vorstand, Aufsichtsrat und Abschlussprüfer“, so Naumann.",0,529031,2013,18
"Denn die Stadt entwickelt sich in wirtschaftlicher Hinsicht bundesweit mit am besten“, sagt Prof. Dr. Brettschneider.",1,443124,2011,18
Im Rahmen der Eröffnungsveranstaltung erläuterte zunächst Institutsdirektor Walter Ganz diese und andere Anwendungsmöglichkeiten des ServLab.,0,178542,2006,18
"Weitere Informationen erhalten Sie von: Erik Monsen Max-Planck-Institut für Ökonomik Kahlaische Straße 10 07745 Jena Telefon: +49 - 3641 - 686 736 Fax: +49 - 3641 - 686 710 e-mail: monsen@econ.mpg.de Petra Mader, Stephan Schütze Presse- und Öffentlichkeitsarbeit Max-Planck-Institut für Ökonomik Kahlaische Straße 10 07745 Jena Telefon: +49 - 3641 - 686 960, -950 Fax: +49 - 3641 - 686 710 e-mail: pr@econ.mpg.de Abdruck gestattet, Belegexemplar erbeten.",0,320447,2009,18
Diese können entweder die am Ausgang der Glasfaser verfügbare Leistung deutlich redu-zieren oder sogar zur Beschädigung der Faser beziehungsweise der Laserquelle führen.,0,346325,2009,18
Mit der Studie verdeutlicht das BfN in einem konkreten Anwendungsfall den ökonomischen Wert von Naturschutz.,0,382914,2010,18
"Damit zeigen die ersten beiden Stufen der allgemeinen Versicherungspflicht Wirkung, die zum 1. April und 1. Juli 2007 in Kraft getreten sind.",0,291121,2008,18
"Für die Jahre 2005 und 2006 planen die Industrieunternehmen ebenfalls, ihre Innovationsaufwendungen um zwei (2005) beziehungsweise drei Prozent (2006) auf dann knapp 79 Milliarden Euro zu erhöhen.",0,148680,2006,18
Kommerziell verfügbare vergleichbare Glasfasern besitzen beispielsweise Modenfelder von höchstens 300 Quadratmikrometern und sind gleichzeitig biegeempfindlicher.,0,346325,2009,18
"An der Technischen Universität Darmstadt wurden beispielsweise zuletzt 63 Prozent der Promotionen in der Biologie mit der Bestnote prämiert, während es bei den Fachkollegen an der Universität Hamburg nur ein Prozent war (2010 bis 2012).",1,593626,2014,18
"Um den Anstieg abschätzen zu können, nutzen sie prozessbasierte Computersimulationen, die den Beitrag schmelzender Gletscher, den Masseverlust der Eisschilde und die thermische Expansion des Meerwassers errechnen – wärmeres Wasser nimmt gemäß den physikalischen Gesetzen mehr Platz ein.",0,646309,2016,18
"„Ihr Gesicht vereint viele Faktoren, die ein Gesicht attraktiv machen“, sagt der Psychologe, der sich in seiner Forschungsarbeit vor allem mit der Wahrnehmung von Gesichtern befasst.",0,572220,2014,18
"*	Auswirkungen der Umweltqualität auf die Standortwahl von Unternehmen Im Gegensatz zu einer häufig geäußerten Meinung lassen die Ergebnisse der Unternehmensbefragung darauf schließen, dass eine hohe Umweltqualität ein wichtiger Standortfaktor ist.",1,15100,1999,18
Auf dieser Grundlage passte er ein Handlungsmodell aus der Motivationspsychologie an die spezifische Elfmetersituation an und leitete daraus Hypothesen über den Zusammenhang von Persönlichkeitseigenschaften und Leistungsstabilität in Drucksituationen ab.,0,525101,2013,18
"Die Stadterneuerungsstrategie konzentriert sich auf die Bürgerinnen und Bürger, denn sie sind der Schlüssel für die Entwicklung einer „Smart City“, und sie sind es, die in erster Linie von den Verbesserungen profitieren werden.",0,628871,2015,18
"Auf der Basis der empirischen Daten werden die Verantwortlichen somit in die Lage versetzt, den wachsenden Herausforderungen an ein effizientes und kundenorientiertes Beschwerdemanagement gerecht zu werden.",0,59346,2003,18
"Dabei haben wir nicht nur die Großindustrie im Auge, sondern gerade auch mittelständische Unternehmen, für die Rechenressourcen der höchsten Leistungskategorien zur effizienten Produktentwicklung zusehends unumgänglich werden.",0,464865,2012,18
"Weniger verschwenderisch zu arbeiten, wäre mehr.",0,584235,2014,18
"In der vorliegenden Untersuchung, die in der Juliausgabe der Zeitschrift Nature erscheint, gelang es dem Doktoranden Alexander Soibel sowie den Forschungsassistenten Yuri Myasoedov und Michael Rappaport, den Ubergang dieser bestimmten Temperaturschwankungen ausgesetzten magnetischen Strudel von ihrem festen in den flussigen Zustand und umgekehrt sichtbar zu machen.",1,23317,2000,18
"Hier handelt es sich oft um anspruchsvolle und qualifizierte Arbeitsplätze“, so Julika Weiß.",0,612616,2014,18
Er identifizierte zwei Spielertypen mit bestimmten Strategien und leitete aus den Ergebnissen praktische Konsequenzen für das Training ab.,0,525101,2013,18
In die ersten Eier werden von der Mutter noch sehr viele Nährstoffe und Hormone eingelagert – diese Eier sind auch grösser als die des restlichen Geleges.,0,443194,2011,18
"Das ist nur ein Ergebnis, das Lore Funk und Wenka Wentzel vom Kompetenzzentrum Technik-Diversity-Chancengleichheit in ihrer neuesten Publikation „Mädchen auf dem Weg ins Erwerbsleben: Wünsche, Werte, Berufsbilder – Forschungsergebnisse zum Girls’Day – Mädchen-Zukunftstag 2013“ präsentieren.",1,600863,2014,18
"Daten, die nach einer Impfaktion in den USA erhoben wurden, bestätigten dieses Modell.",0,524655,2013,18
"Werden dabei Moleküle gefunden, die noch völlig unbekannt sind, kann man außerdem so ihre Struktur bestimmen.",1,25284,2000,18
"Und immer wieder gelingt es Bakterien, den Aufbau ihrer Zellwände, die Struktur ihrer Rezeptoren und Enzyme so zu verändern, dass diese neuen Antibiotika unwirksam werden, und diese Eigenschaften auf benachbarte Keime und auch auf die nächsten Generationen weiterzugeben.",1,450177,2011,18
"""Die Festlegung einer nationalen sicherheitspolitischen Position erfolgte hierzulande nie wirklich unabhängig, sondern immer auch unter Berücksichtigung der Erwartungshaltung, die EU- und NATO-Partner an Deutschland stellten.""",0,141817,2006,18
Die bereits erwähnten betriebswirtschaftlichen und verfahrenstechnischen Nachteile der bisher üblichen Praxis können dadurch deutlich reduziert werden.,1,160381,2006,18
"Konkret heißt das: Seit dem Jahr 2005 hat die Bundesregierung die jährlichen Investitionen in FuE um rund drei Milliarden Euro erhöht, von neun Milliarden auf mittlerweile zwölf Milliarden Euro in 2009.",0,303718,2009,18
"o	Obwohl nach europäischem Recht neuartige Markerimpfstoffe eingesetzt werden könnten, und so geimpfte von infizierten Tieren unterschieden werden könnten, und obwohl die Produkte dieser Tiere unter bestimmten Bedingungen europaweit handelbar wären, besteht hinsichtlich der Akzeptanz dieser Produkte bei europäischen und insbesondere außereuropäischen Handelspartnern eine große Skepsis.",3,228192,2007,9
"Entgegen aller vorherrschenden Aussagen der Meinungsforschungsinstitute prognostiziert ein Forscherteam von Politikwissenschaftlern der State University New York in Stony Brook und der Universität Mannheim, dass die rot-grüne Koalition bei der kommenden Bundestagswahl erneut stärkste Kraft im Bundestag wird.",3,50348,2002,9
"Es erweist es sich jedoch als deutlich effektiver, mehr Aufwand in die Entwicklung von Alternativen zu investieren.“ Die Vergegenwärtigung von Zielen – ein Schlüssel für die Entdeckung vorteilhafter Handlungsmöglichkeiten Was aber können Menschen im Vorfeld einer Entscheidung tun, damit ihnen ein größeres Spektrum möglicher Alternativen vor Augen steht – insbesondere solche Handlungsmöglichkeiten, die in ihrem wohlverstandenen Interesse liegen?",0,637479,2015,9
Auch die Perspektiven für den Schienentransport werden viel günstiger eingeschätzt als in früheren Umfragen.,1,213171,2007,9
"Seit 1993 summieren sich die Verluste auf 87 000 Einwohner oder 1,6 % bei einem Bevölkerungsgewinn im übrigen NRW von 2,7 %.",0,57966,2003,9
"Im Rahmen des Projekts „Wirkungen des Ausbaus Erneuerbarer Energien (ImpRES)“ geht das Fraunhofer ISI zusammen mit dem Deutschen Institut für Wirtschaftsforschung (DIW), der Gesellschaft für Wirtschaftliche Strukturforschung (GWS) sowie dem Institut für ZukunftsEnergieSysteme (IZES) nun dieser Frage nach und hat die Studie „Verteilungswirkungen der Marktförderung des EEG in den Bereichen Photovoltaik und Windenergie (onshore)“ durchgeführt.",0,597650,2014,9
Freie Neutronen sind hingegen nicht stabil.,3,628280,2015,9
"Das Buch gibt eine kompetente und orientierende Übersicht für experimentelle und klinische Onkologen, für Biologen, Pharmakologen und Entwicklungsbiologen, wie die Rolle von Tumorstammzellen derzeit in den anerkannten Modellen zu verstehen ist.",1,521587,2013,9
Durch ständige Online-Leistungsmessungen und eine exakte Wetterprognose können die zu erwartenden Leistungen in den kommenden Minuten und Stunden sehr genau abgeschätzt und so noch entsprechende Reserven für die Bereitstellung von Regelenergie beim Fahrplan einkalkuliert werden.,1,559168,2013,9
"Noch deutlicher ist der Vorsprung bei der virtuellen Produktentwicklung und Simulation (Virtual Reality): Diese nutzen bereits 58 Prozent der Betriebe, im gesamten Verarbeitenden Gewerbe sind es nur 35 Prozent.",1,218958,2007,9
"„Bei allem Engagement des Naturschutzes können nachhaltige Erfolge nur erreicht werden, wenn eine Integration in andere Politikbereiche stattfindet.",3,477839,2012,9
"""Die Satzungsleistungen sind Angebote, die sich je nach Krankenkasse unterscheiden können und von den Versicherten der jeweiligen Kasse solidarisch finanziert werden.",0,57215,2002,9
"Auf der vom 30. September bis 1. Oktober 2004 gemeinsam mit dem Bundesministerium für Bildung und Forschung und dem Forschungsinstitut Betriebliche Bildung veranstalteten Fachtagung ""Betriebliche Veränderungen wissenschaftlich unterstützen"" stellt das BIBB die Potentiale und Leistungen von Modellversuchen zur Diskussion.",0,86502,2004,9
"Die Studie verglich ein REDD-Szenario mit einem Szenario ohne Waldschutz-Maßnahmen, und mit Simulationen mit internationalen Schutzmaßnahmen, die auch andere Landtypen und Ökosysteme umfassen.",3,613168,2014,9
"Dabei zeigt sich, dass Dienstleistungstätigkeiten inzwischen fast die Hälfte (48 Prozent) des produzierenden Gewerbes ausmachen, in den USA sind es nur etwa 37 Prozent.",1,46644,2002,9
Im Jahr 2014 hat sich die deutsche Volkswirtschaft trotz eines widrigen weltwirtschaftlichen Umfelds als erstaunlich robust erweisen.,1,633315,2015,9
"Erste Demonstratoren sollen schon bald die Leistungsfähigkeit der Spannungswandler beim Einsatz in Heiz-, Fertigungs- und Haushaltstechnik, in der Elektromobilität sowie bei der Gewinnung regenerativer Energien nachweisen.",1,592126,2014,9
"Wissenschaftler der Universität Tübingen und der Tübinger Firma immatics biotechnologies GmbH, einer Ausgründung der Abteilung Immunologie an der Universität Tübingen, haben in der aktuellen Ausgabe der renommierten Fachzeitschrift Nature Medicine die Ergebnisse zweier klinischer Studien mit dem Nierenkrebsimpfstoff IMA901 veröffentlicht.",0,489963,2012,9
Später sollen Übersetzungen in andere europäische Sprachen folgen.,0,332897,2009,9
Wie alle Befragungen zum Allianz Zuversichtsindex innerhalb der letzten 12 Monate zeigen auch die aktuellen Ergebnisse einen deutlichen Unterschied zwischen der Einschätzung der Lage des Landes und der persönlichen Situation: das Vertrauen in die eigene Zukunft ist sehr viel größer als in die Zukunft der Republik.,3,294709,2008,9
"Dieser Bereich weist nach einer Studie des Zentrums für Europäische Wirt-schaftsforschung (ZEW) in Mannheim und der Akademie für Technikfolgen-abschätzung (Stuttgart) eine erhebliche Gründungsdynamik auf: Machten noch 1989 unternehmensnahe Dienstleister nur gut 18 Pro-zent aller Firmenneugründungen in Baden-Württemberg aus, so waren es 1997 schon fast 23 Prozent.",1,12332,1999,9
"–Wirkungen von Mindestlöhnen theoretisch unbestimmt– In der ökonomischen Theorie lasse sich kein strikter Zusammenhang zwischen Mindestlöhnen und Beschäftigung ableiten, betonen Weinkopf und Bosch.",3,592767,2014,9
"Viele vertrauen zudem der angegebenen Reichweite nicht voll – sie sind sich unsicher, wie weit sie noch mit ihrem Fahrzeug fahren können.",3,460670,2012,9
Dabei besteht ein interdisziplinäres Kooperationsprojekt zwischen der Klinik und dem Zentralinstitut für Biomedizinische Technik (ZIBMT).,0,60163,2003,9
"Sie können entweder die ""Bleibeprämien"" senken und parallel dazu die Einkommen junger Mitarbeiter für alle Beschäftigten oder gezielt für die bisher bei Einstellungen benachteiligten Beschäftigtengruppen erhöhen.",3,418847,2011,9
"Umgekehrt konnte gezeigt werden, dass eine medikamentöse Aktivierung des identifizierten Rezeptors eine Osteoporose im Experiment vollständig heilen kann.",3,526239,2013,9
Damit liegt dieser Zuversichtswert um 9 Prozentpunkte höher als im Vergleichszeitraum des Vorjahres.,0,375703,2010,9
"Es reicht nicht aus, allein die Anzahl von Patentanmeldungen auszuwerten, welche ausschließlich künftige technische Innovationen abbilden.",3,575663,2014,9
"Besonders innovativ wird dieser Ansatzes dadurch, dass Schneider die Möglichkeiten umweltpolitischer Interventionen (Ökosteuern, Quoten- oder Zertifikatsmodelle) gleichberechtigt in die Untersuchungen einbezieht und damit das Spektrum möglicher Entscheidungen erweitert.",1,21218,2000,9
"""Allerdings räumt das Völkerrecht bestimmten Arten von Kulturgütern den Status von nicht substitutionsfähigen Kulturgütern ein und schützt sie daher auch im Rahmen einer Substitution gegen Wegnahme.""",3,102961,2005,9
"In der Betrachtung von Sponsoringpartnerschaften wie zwischen Wiesenhof und Werder Bremen oder Gazprom und dem FC Schalke 04, erweist es sich als kritisch, dass diese über die niedrigsten Sponsor-Fit-Werte aller in der Sponsoringstudie analysierten Sponsoringengagements verfügen.",1,599984,2014,9
"Die Entwicklung einer solchen Seniorenwirtschaft ist jedoch kein Selbstläufer, sondern braucht zumindest in Teilbereichen eine dienstleistungspolitische Flankierung.",3,78869,2004,9
Insgesamt gelte: „Jedes Corporate Governance System – monistisch wie dualistisch – muss dem Ziel einer nachhaltigen Unternehmensführung dienen.“ Ansprechpartner in der Hans-Böckler-Stiftung Rainer Jung Leiter Pressestelle Tel.,1,529031,2013,9
Gerade Selbstständige müssen sehr flexibel reagieren und können ihre kreativen Ideen und Projekte auch in der Freizeit nicht einfach im Büro lassen.,1,535875,2013,9
Dagegen sank der Anteil des verarbeitenden Gewerbes.,3,12332,1999,9
"Produkte und Leistungen müssen immer mehr innovative Differenzierungsmerkmale aufweisen, um die Wettbewerbsfähigkeit von Unternehmen zu sichern.",1,50684,2002,9
"Die zentrale Erkenntnis der Untersuchung, die auf Unternehmensdaten von rund 1600 Betrieben aus dem deutschen Verarbeitenden Gewerbe beruht, lässt sich wie folgt zusammenfassen: Open Innovation kann sich für Unternehmen durchaus lohnen – die einfache Formel „je mehr externe Innovationsimpulse, desto größer der Innovationserfolg“ ist aber nicht zutreffend.",3,603294,2014,9
"„Für den Aufbau einer positiven Führungskultur wäre aber gerade das von großer symbolischer Bedeutung“, weiß Steinert.",1,605580,2014,9
"Im Jahr 2005 wurden vier Mehrfachbestattungen in Eulau, Sachsen-Anhalt, entdeckt und ausgegraben.",0,289453,2008,9
"Die entscheidende Triebkraft des Wandels zur Dienstleistungswirtschaft ist allerdings nicht die Lohnhöhe, sondern die Entwicklung der Erwerbstätigkeit von Frauen und die Qualität von Dienstleistungen, stellt Bosch fest: ""Ob in Zukunft Dienstleistungstätigkeiten zumeist prekäre Jobs sein werden, was im übrigen die Professionalisierung hemmen würde, hängt primär von den Möglichkeiten ab, berufliche und persönliche - insbesondere familiäre - Erfordernisse in Einklang zu bringen"".",1,46644,2002,9
"Alles in allem fällt auf, dass sich die Regionen stimmungsmäßig näher kommen: Noch nie seit Beginn der Untersuchungen zur Allianz Zuversichtsstudie lagen die regionalen Ergebnisse für die Gesamtsituation in Deutschland so nah beieinander wie im Sommer 2012.",2,485454,2012,9
So liegen die Preise für Dieselkraftstoff momentan wieder nahe bei ihrem langjährigen Höchststand und die Lkw-Maut wird voraussichtlich noch im laufenden Jahr angehoben werden.,1,213171,2007,9
"Von der Verwaltung werden primär Flexibilität, Bürgernähe, unbürokratisches Handeln und eine Verkürzung von Bearbeitungszeiten erwartet.",0,15100,1999,9
"Wichtig ist dabei, dass bei der Entwicklung »grüner« Dienstleistungen frühzeitig und gezielt Wirtschaftlichkeitsfaktoren adressiert werden und eine gründliche Analyse von Markt- und Unternehmensanforderungen sowie Nachhaltigkeitskriterien vorgeschaltet wird.",1,469787,2012,9
Am meisten aber hebt die Aussicht auf das anstehende Turnier derzeit die Stimmung in der Türkei (38%).,1,263257,2008,9
Dadurch können Fragestellungen und Anforderungen an neuartige und verbesserte Polymermaterialien bis zur Überführung in ein wirtschaftlich genutztes Produkt begleitet werden.,0,556217,2013,9
Die Studie beruht auf dem Panel „Arbeitsmarkt und soziale Sicherung (PASS)“.,0,614104,2014,9
Zudem sei der Schutz des Waldes von entscheidender Bedeutung für das Klima und die Luftreinhaltung sowie den Wasserhaushalt.,1,306430,2009,9
"Häuslebauer wussten es schon immer, doch nun ist es wissenschaftlich belegt: Die eigenen vier Wände machen glücklich.",2,630227,2015,9
Dazu absolvierten 122 Studenten des Studiengangs Diplom-Sportwissenschaft an der MLU nach dem Ausfüllen eines Perfektionismus-Fragebogens mehrere Serien eines im Training oder Spiel so nicht durchgeführten Wurfs auf einen Basketballkorb.,3,282648,2008,9
"In dem Bericht wird anlässlich des 30-jährigen Bestehens der EG-Vogelschutzrichtlinie eingehend analysiert, wie sich die Bestandssituation der Vogelwelt in Deutschland verändert hat und welche Defizite noch bestehen.",1,348433,2009,9
67 Prozent der mehr als 1.200 befragten Arbeitnehmervertretungen sehen ihre Zusammenarbeit mit der Geschäftsleitung als gut bis sehr gut.,0,150120,2006,9
"Die Entwicklung der Wohnungspreise läuft dabei weitgehend stabil, während die Hauspreise geringfügig sinken werden.",1,450565,2011,9
"Rund 60% sehen Defizite bei der Informationsgewinnung und Marktaufklärung, und von 42% wird beanstandet, dass die Chancen einer Innovation eher unter-, die Risiken aber tendenziell überbewertet werden.",1,191232,2007,9
"Die Psychologen fanden, dass ältere Erwachsene früher ein Angebot annahmen und insgesamt mehr für die Produkte zahlten als jüngere.",1,471597,2012,9
"„Aus Sicht des Naturschutzes bieten Kurzumtriebsplantagen aus Pappeln oder Weiden gute Chancen, da sie hochwertiger und umweltverträglicher einzuschätzen sind als intensiv genutzte Ackerkulturen“, sagte NABU-Präsident Olaf Tschimpke.",3,470823,2012,9
"Nimmt man den ""Probabilistic Model Code"" als Grundlage, können alle Unsicherheiten, welche einen Einfluss auf die Sicherheit des Tragwerks haben, in die Berechnung eingehen.",0,51804,2002,9
Ähnlich verhält es sich beim Arbeitsmarkt: Mehr als ein Viertel der Menschen in Deutschland (29 Prozent) sind beim Blick auf die Sicherheit der Arbeitsplätze positiv gestimmt.,1,539689,2013,9
"Ziele der IS-Führung Die IS-Führung verfolgt strategische Ziele, die einerseits stärker religiös, andererseits stärker militärisch ausgerichtet sind.",3,642209,2015,9
"Der Leitfaden unter dem Titel ""Projektmanagement im Naturschutz - Leitfaden für kooperative Naturschutzprojekte"" bietet Projektmanagern im staatlichen und nicht-staatlichen Naturschutz das notwendige Handwerkszeug für ein erfolgreiches Projekt- und Prozessmanagement.",1,72014,2003,9
Der FVEE repräsentiert rund 80% der außeruniversitären Forschungskapazität für Erneuerbare in Deutschland und ist das größte koordinierte Forschungsnetzwerk für erneuerbare Energien in Europa.,0,540213,2013,1
"Zu diesem Ergebnis kamen Wissenschaftler gleich mehrerer Teilprojekte des Verbundprojekts ""Nützlinge"", dessen Abschlussveranstaltung am 9. und 10. Januar in Bonn stattgefunden hat.",0,192597,2007,1
"Der Schlüssel zum Erfolg liegt laut Fraunhofer ISI vielmehr darin, dass die deutschen Maschinenbauer ihre Ressourcen für Forschung und Entwicklung in besonderer Weise mit dem Einsatz neuer Konzepte der Produktentwicklung wie Simultaneous Engineering, Virtual Reality oder Entwicklungskooperationen mit externen Forschungseinrichtungen oder anderen Unternehmen verknüpfen.",2,218958,2007,1
"Unstrittig ist, dass Mindestlöhne alleine nicht automatisch zu einer eigenständigen Existenzsicherung von Frauen führen: Selbst 7,50 oder 8 Euro reichen bei Teilzeit oder im Minijob dafür nicht aus.",0,284575,2008,1
"Dieser Entscheidungsprozess koennte es jedem Neuron im Gehirn erlauben, auf potenziell einzigartige Weise gehemmt zu werden.",3,17231,2000,1
"Die TU Wien ist Teil des EU-Projekts PLEEC (Planning for Energy Efficient Cities), das im Mai 2013 gestartet wurde.",0,547666,2013,1
"* Erteilung von Zertifikaten für qualifizierte Dienstleister als Gütesiegel bzw. Bonitätsnachweis (""IHK-zertifiziertes Dienstleistungsunternehmen"").",0,49485,2002,1
Die Versicherungspflicht bindet Bürger sowie Versicherer gleichermaßen: Alle Einwohner der Bundesrepublik müssen laut Gesetz eine Krankenversicherung abschließen.,1,291121,2008,1
"Für ihre Studie verglichen Professor Dr. Rainer Höger und seine Mitarbeiterin Anne Lange die Reaktionen der Betrachter auf 16 bekannte Marken wie Coca Cola, Rolex, Porsche oder Apple und auf 18 computergenerierte Gesichter.",0,636586,2015,1
"Aber es wäre falsch, die Reform voreilig abzuschreiben.",1,634721,2015,1
Außerdem sollen zukunftsweisende Klimaschutztechnologien und innovative Ideen durch Modellprojekte unterstützt und verbreitet werden.,1,318442,2009,9
"Alternative zum Bankkredit: Sanierung aus den Energieeinsparungen refinanzieren Diese Risiken könnten ganz oder teilweise von Dritten übernommen werden, wobei die Rückzahlung beziehungsweise Vergütung allein aus den Energieeinsparungen bedient wird.",1,630597,2015,9
"In Frankreich, Irland, Griechenland, Luxemburg, Malta, Belgien und den Niederlande liegt die Relation aus Mindestlohn und Durchschnittslohn bei 46% und mehr, in Frankreich mit mehr als 60% deutlich an der Spitze.",1,183737,2006,9
Diese hohe Bedeutung gilt für alle Branchen und in besonderem Maße für kleine Unternehmen.,2,110794,2005,9
"Prof. Eli Zeldov von der Abteilung fur Physik der Kondensierter Materie am Weizmann-Institut hatte bereits fruher bewiesen, das dieser feste ""Kristall"" unter bestimmten Bedingungen zum Schmelzen gebracht werden kann, wodurch sich die Strudel auflosen und in einen der flussigen Materialstruktur verwandten Zustand ubergehen.",1,23317,2000,9
Diese strategische Relevanz wurde jedoch in der Vergangenheit immer wieder unterschätzt.,1,512738,2012,9
"Die jetzt von Wissenschaftlern neu entwickelte Formel berücksichtigt daher nicht nur, welche neuronale Aktivität etwas über die Entscheidung aussagt, sondern lässt auch Informationen über die Kommunikation der Zellen untereinander einfließen.",3,514924,2013,9
"Dabei wird oft die Frage gestellt, ob bestimmte Regionen oder Akteure vom Ausbau Erneuerbarer Energien mehr profitieren als andere.",0,597650,2014,9
"Damit wäre er auch näher am Gesetzestext des Transplantationsgesetzes, wonach die Organvergabe nach „Erfolgsaussicht und Dringlichkeit“ zu erfolgen hat.",0,490050,2012,9
Auf diese Weise würde reguläre Beschäftigung verdrängt werden.,1,112829,2005,9
In Naturschutzprojekten geht es oftmals um Änderungen in der Nutzung von Flächen.,0,72014,2003,1
"Zugleich sollte gewährleistet sein, dass diejenigen Regierungen, die einem neuen Vorschlag zur Mehrheit verhelfen, eine große Mehrheit der in der EU lebenden Bevölkerung hinter sich haben.",3,635584,2015,1
"Solche Anwendungen sind für die tägliche Praxis in Unternehmen, in der Finanzwirtschaft und für Datenbank-Anwendungen sehr wichtig.",1,335764,2009,1
"Die beiden Experten werden über den aktuellen Stand der Saarbrücker Nano-Forschung im Rahmen des SFB 277 berichten und Einblicke in die faszinierende Welt der grenzflächenbestimmten, nanokristallinen Materialien geben: Magnetische Flüssigkeiten, transparente UV-Absorber, Farben ohne Farbstoffe, Chamäleon-artige Hydrogele, elektrisch leitfähige Kunststoffe, Aluminium so hart wie Stahl, Oberflächen mit eingebauter Hygiene, ""quantum size""-Effekte in Halbleitern - das klingt wie aus dem Zauberkasten.",2,73369,2003,1
"„Dabei legten wir für alle Bestände mit guter Datenlage als Bewertungsmaßstab das Prinzip der maximalen nachhaltigen Nutzung an, für alle anderen Bestände mit eingeschränkter Datenlage galt ein Verschlechterungsverbot“.",0,524198,2013,1
Es wird durch das Bundesministerium für Bildung und Forschung (BMBF) gefördert und im Rahmen der Förderinitiative „Innovation mit Dienstleistungen“ in enger Zusammenarbeit mit dem Projektträger im DLR durchgeführt (Laufzeit: Dezember 2013 bis November 2016).,0,615627,2014,1
"Damit Anwender zukünftig erkennen können, auf welche MNS-Produkte dies zutrifft, will das BGIA eine Liste positiv geprüfter Masken veröffentlichen.",0,147560,2006,1
"Weitere Informationen gibt Dr. Norbert Schwarzer, wissenschaftlicher Mitarbeiter der Professur Physik fester Körper, Telefon (03 71) 531 32 10, Mobil (01 73) 366 73 59, E-Mail n.schwarzer@physik.tu-chemnitz.de .",0,117847,2005,1
"„Dass Abu Bakr al-Baghdadi, der jetzt den Kalifentitel beansprucht, selbst islamische Theologie studiert hat, mag diesen Anspruch bei vielen seiner Anhänger noch bestärken.“ Auf diese Weise nähmen die Extremisten bewusst Bezug auf islamische Traditionen.",1,594334,2014,1
Mit ihm und der TU München - gekürt zur Spitzenuniversität in der Exzellenzinitiative des Bundes und der Länder - hat Bayern gleich zwei Innovationsmotoren von beeindruckender Dynamik und Wirkung vorzuweisen.,2,226065,2007,1
"Derzeitig profitieren vor allem Patienten mit ausgeprägtem Zittern (Tremor) und Patienten, die trotz Medikamenten zwischen guter und schlechter Beweglichkeit hin und her schwanken.",3,539055,2013,9
"Dies kann aber schlechtere Entscheidungen zur Folge haben, etwa dann, wenn bei einer Wahl eine intensive Informationssuche notwendig ist.",1,471597,2012,9
"""Künftig mehr Frauen für technische Berufe zu begeistern, bedeutet einen Kulturwandel, den Gesellschaft und Unternehmen nur gemeinsam meistern können"", so Dick.",1,333178,2009,9
"An die junge Generation gewandt appellierte Manfred Kremer, sich in der Phase der Berufsorientierung umfassend zu informieren, möglichst viele praktische Erfahrungen zu sammeln und Alternativen zum ""Traumberuf"" im Blick zu haben.",1,315033,2009,9
"Bedenklich sei die großflächige Mitbestimmungslücke aktuell auch vor dem Hintergrund der Bemühungen, die Teilhabe von Frauen an Führungspositionen der Wirtschaft zu verbessern.",1,636446,2015,9
"Dr. Inga Buchmann erhielt für ihre Arbeiten, die von der Deutschen Krebshilfe und der Josè-Carreras-Stiftung unterstützt werden, den Preis für das beste klinische Poster anläßlich der 38.",0,20032,2000,9
"„Diese Spanne ermöglicht uns eine Risikoabschätzung“, sagt Ben Marzeion von der Universität Bremen.",0,646309,2016,9
Als Grund dafür nennt die Studie unter anderem die Hightech-Strategie der Bundesregierung.,3,564747,2013,9
"Automobilkaufleute sind vielseitig qualifiziert und arbeiten in allen Betrieben der Kfz-Branche, vorwiegend jedoch in Autohäusern, bei Kfz-Herstellern und -Importeuren.",3,63427,2003,9
Neben den Kliniken hat in Greifswald das Zentrum für Innovationskompetenz für die Erforschung durch Antikörper verursachten Herz-Kreislauf Erkrankungen (ZIK-HIKE) zu diesem Fortschritt beigetragen.,3,439383,2011,9
"„Deswegen ist auf dem Weg in eine digitale Ökonomie der gesellschaftliche Diskurs über ihre Gestaltung unerlässlich“, erklärt Boes.",0,615627,2014,1
"Sie zeigen, dass sich in den letzten Jahren beeindruckende Möglichkeiten für die Umsetzung von Dienstleistungsideen ergeben haben.",3,236917,2007,1
Das Programm festigt als Teil der Hightech-Strategie der Bundesregierung die notwendige Verbindung von Wissenschaft und Wirtschaft.,3,315873,2009,1
Innovative Unternehmen weisen jeweils ein deutlich höheres Interesse an einer kostenpflichtigen Priorisierung auf als nicht-innovative Unternehmen (siehe Abbildung 4).,0,540117,2013,1
"Anlass zur Sorge würden die meisten Hai- und Rochenarten bereiten, aber auch wichtige kommerzielle Bestände der Nordsee wie Kabeljau, Flunder und Seezunge seien entweder überfischt, zu klein oder wiesen eine schlechte Größenstruktur auf.",3,524198,2013,1
"Bezug: Print-Einzelexemplare können kostenfrei über das Bundesamt für Naturschutz, Abt.",0,532272,2013,1
Ein ruinöser Preisverfall wäre die Folge.,1,228192,2007,1
Die Gewichtung variiert jedoch regional: Den Menschen in den Regierungsbezirken Stuttgart und Karlsruhe sind eine gute Infrastruktur und eine gute Verkehrsanbindung signifikant wichtiger als in Freiburg und Tübingen.,1,630227,2015,1
"Der Clou des Switching-Moduls liegt in der Kompaktheit sowie in der Einfachheit, mit der selbst komplexe Netze auf dem Labortisch zusammengeschaltet werden können.",1,17284,2000,1
"Einige europäische Länder wie Frankreich, Großbritannien und Italien haben solche Systeme schon vor einigen Jahren eingeführt.",0,474849,2012,1
"Somit bietet es auch Ansätze für neue, meist digitale, Geschäftsmodelle und Innovationen.",0,585564,2014,9
"Nutzeneinschätzung umso höher, je besser die finanzielle Allgemeinbildung Obwohl die Bereitstellung zusätzlicher Informationen also offenbar von einer großen Mehrheit positiv beurteilt wird, zeigt sich, dass dies besonders auf diejenigen zutrifft, die ihre eigene finanzielle Allgemeinbildung ohnehin als (sehr) gut einschätzen.",1,623789,2015,9
"Ziel des Projektes ist die Entwicklung und Untersuchung von zellbasierten Modellen der JNCL Erkrankung mittels dreidimensionaler humaner Retina, sogenannter Retinaorganoide, aus induzierten pluripotenten Stammzellen.",0,629788,2015,9
"Schon 150 Millisekunden nach Präsentation eines Duftes konnten die Forscher aufgrund der Nervenzell-Aktivitäten sagen, ob es der mit zuckerbelohnte Duft war oder nicht.",1,411024,2011,9
"""Erstmals werden auf dem Symposium zudem Ergebnisse zur medizinischen Anwendung physikalischer Plasmen mit der Zielsetzung der Behandlung chronischer Wunden und Hautpilzerkrankungen vorgestellt"", kündigte Professor Axel Kramer, Präsident der Deutschen Gesellschaft für Krankenhaushygiene an.",2,322034,2009,9
"Somit erscheint die Lösung, einfach den Anteil der Lehrerinnen an allen Lehrkräften für Mathematik zu erhöhen, um den Leistungsrückstand der Mädchen zu verringern, als wenig Erfolg versprechend.",3,411685,2011,9
"Dr. Neumeyer sei jemand, der seine Veranstaltungen sehr aufwendig und sorgfältig konzipiere, zu jeder Veranstaltung einen sinnvoll gegliederten Veranstaltungsplan erstelle, der den Studierenden den Ablauf und die Lehrabsicht transparent mache, und er besitze herausragende rhetorische Fähigkeiten, wird im studentischen Votum unterstrichen.",2,67025,2003,9
"Auf Basis der Erfahrungen aus dem Wohnheim starten sie nun mit ""Trägerübergreifendes Persönliches Budget"" ein weitaus umfangreicheres Projekt - in 14 Modellregionen wird das Persönliche Budget erprobt und die Dortmunder führen gemeinsam mit Kollegen aus Tübingen und Reutlingen die wissenschaftliche Begleitforschung durch.",1,124368,2005,9
"Nur wenn der gesamte Innovationsprozess von der notwendigen Grundlagenforschung bis zum Produkt gelingt, entsteht die angestrebte Wertschöpfung und neue Arbeitsplätze.",3,74604,2004,9
"Die größten Unterschiede betreffen technische Komponenten des Kraftwerks, zum Beispiel das so genannte ""Blanket"": In dieser inneren Verkleidung des Plasmagefäßes werden die bei der Fusion entstehenden schnellen Neutronen abgebremst.",1,145375,2006,9
"Das heutige Gesundheitssystem wird von den Interessen der Ärzteschaft, der Krankenversicherungen, der Krankenhäuser und der Pharmaindustrie bestimmt - der einzelne Patient hat kaum Chancen, seine Interessen selbstverantwortlich wahrzunehmen.",1,57215,2002,9
"Vorbilder schaffen Ziel von ""MINT Role Models"" ist es, junge Frauen für naturwissenschaftliche und technische Studiengänge zu begeistern sowie Hochschulabsolventinnen für Ingenieurkarrieren in Wirtschaft und Wissenschaft zu gewinnen.",1,333178,2009,9
"Positive Stimmung, aber gedämpfte Erwartungen Der diesjährige wbmonitor Klimaindex liegt mit 33 Punkten unter dem Vorjahresniveau von 42, steht aber immer noch für eine positive wirtschaftliche Stimmung in der Weiterbildungsbranche.",1,340010,2009,9
"Tiere, bei denen diese 13 Proteine chemisch besonders stabil aufgebaut waren, lebten nun deutlich länger als solche Tiere, bei denen sie leichter oxidierbar und somit instabiler waren.",0,239965,2007,1
"Exportnetzwerk für Forschung und Wirtschaft Mit Unterstützung des Bundesministeriums für Wirtschaft und Arbeit organisiert das Fraunhofer-Institut SIT die Initiative ""IT Security made in Germany"".",0,127875,2005,1
"Das Projekt ist darüber hinaus ein gutes Beispiel für eine gelungene Kooperation zwischen den Kommunen der Region und engagierten Bürgern, die sich zum Erhalt dieser bemerkenswerten Landschaft im Naturschutzverein Obere Treenelandschaft zusammen¬geschlossen haben.",1,483148,2012,1
"Die Erhebung ""Innovationen in der Produktion"" des Fraunhofer ISI ändert das und macht unter anderem sichtbar, wo alte Technologien zugunsten von neuen verschwinden.",3,182370,2006,1
"Die Universitätsmedizin Mainz verfügt über einen etablierten Schwerpunkt in der Immunologie mit Erfahrung in der Immuntherapie sowie ein neu eingerichtetes Zentrum für translationale Onkologie (TRON) in Kombination mit Firmenausgründungen wie GANYMED, die Antikörper gegen Tumore zur Verfügung stellen können.",0,535317,2013,1
Die Förderprogramme des BMBF haben dabei Dienstleistungsexzellenz in Wissenschaft und Wirtschaft hervorgebracht.,1,226065,2007,1
Das Projekt GlobePro wird im Rahmen des Förderprogramms „Innovationen mit Dienstleistungen“ aus Mitteln des Bundesministeriums für Bildung und Forschung und des Europäischen Sozialfonds der Europäischen Union gefördert.,0,531704,2013,1
Andere Projekte wiederum richten den Blick auf den sozialen Alltag der Ungleichstellung.,3,405628,2011,1
Der deutsche Vertreter in PACE ist das Gauss Centre for Supercomputing.,0,204696,2007,1
"Wie genau diese Kooperation zwischen Tumorzellen funktioniert, ist bisher noch unklar und erschwert medizinische Behandlungen, die versuchen, das Tumorwachstum zu bremsen.",0,622360,2015,1
"Die Studie zeigt, dass bei Nierenkrebspatienten mit nachweisbaren T-Zell-Reaktionen gegen zwei oder mehr tumor-assoziierte Peptide (TUMAPs) Immunreaktion und klinischer Verlauf eindeutig miteinander in Zusammenhang stehen.",1,489963,2012,1
Weitere Informationen finden sich unter: www.co2care.org.,0,560547,2013,1
Psych.,0,12696,1999,1
Dies soll durch das Verfahren der Kundenorientierten Qualitätstestierung unterstützt werden.“ Mit dem aktuellen Leitfaden für die Praxis für die Kundenorientierte Qualitätstestierung Sozialer Dienstleistungsorganisationen liegt nun die zweite überarbeitete Modellversion von KQS vor.,0,628258,2015,1
Im zweiten Abschnitt des Forschungsprojektes fördert das BMELV die Erprobung dieser Anwendungen in praxisnahen Feldversuchen.,0,330576,2009,1
"Kontrolle ueber Neuronenpopulationen Das Forschungsteam fand neue Typen von I-Neuronen und zeigte dabei, dass diese kleine Gruppe erheblich mehr Vielfalt aufweist als bisher angenommen.",1,17231,2000,1
"Obwohl diese Befunde mit weiteren Untersuchungen, vor allem durch eine direkte Messung der Ergebnisqualität (z.B. mit Instrumenten wie RAI) erhärtet werden müssten, kann bereits heute gesagt werden, dass auch in internationalen Forschungen vor allem größere Pflegeeinrichtungen überwiegend mit einer eher schlechteren Pflegequalität assoziiert werden.",3,58602,2003,1
Fast sieben Jahre hat es bis zum Erfolg des Projektes gedauert.,0,296984,2009,1
"Dazu eine detaillierte Zeichnung des Top-Modells, stimmungsvoll dekoriert mit mehrarmigen Kerzenleuchtern.",1,70274,2003,1
"Die Aussichten auf ein gutes Jahr 2012 werden durch das flaue Gefühl angesichts der allgemeinen Wirtschaftslage deutlich getrübt.“ Zuversicht für Deutschland sinkt, während sie fürs eigene Leben wächst Anders als die Zukunft des Landes sehen die Bundesbürger ihr persönliches Leben im kommenden Jahr durchweg optimistischer als Ende letzten Jahres (plus vier Prozentpunkte).",1,456995,2011,9
Bei der Behandlung von Krebserkrankungen hat die Immuntherapie in den letzten Jahren an Bedeutung gewonnen.,1,588450,2014,9
"Workflows, Hightech-Modernisierung, Gebäudetechnik im Fokus Um die Chance „Blue Hospital“ zu nutzen, müssen dem VDE zufolge vor allem drei Aufgaben angegangen werden: die Optimierung der Betriebsabläufe bzw. Netzwerke und der Kapazitätsauslastung (Workflow), die Erneuerung und Modernisierung der Medizinprodukte sowie der informations- und kommunikationstechnischen Systeme sowie die Verbesserung der Energieeffizienz in Gebäuden (Facility Management).",0,451418,2011,9
"Kürzere Pulse ermöglichen zum einen eine höhere Präzision und zum anderen völlig neue Bearbeitungsprozesse, zum Beispiel durch Mehrphotonen-Absorption oder Filament-Bildung in Glas.",1,633037,2015,9
"So schuf die Firma Honeywell International aus Tschechien eine autonome Steuerungsanwendung, die bereits parallel zu den Entwicklungsarbeiten am MERASA-Prozessor auf ihm ausgeführt werden konnte.",0,401466,2010,9
Für mehr als 60 Prozent der Befragten hat das Thema „Führungskultur und Führungsverhalten“ eine „hohe“ bis „sehr hohe Bedeutung“.,1,605580,2014,9
"Dagegen ermöglicht der neue von den Forschern entdeckte Weg eine bisher nicht geahnte starke Proliferation der T Zellen, die dann auch bereits lange bestehende chronische Infektionen eliminieren können.",3,528341,2013,9
Bis zum Jahr 2020 soll ein Anteil von 20% des in den EU-Staaten benötigten Endenergiebedarfs aus erneuerbaren Quellen abgedeckt werden.,0,522990,2013,9
Das Projektteam von Quamoco hat bereits ein erstes Qualitätsmodell erarbeitet; es wird zurzeit von den Industriepartnern des Projektes in Bezug auf die unterschiedlichen Domänen erprobt.,0,363416,2010,1
Hier kann man von erfolgreichen Unternehmen viel über modernes und schlankes Management lernen.,3,74604,2004,1
Auch die Anstrengungen zum Schutz des Ortolans in einigen Gebieten Niedersachsens zeigen Erfolg.,0,348433,2009,1
: 0761/270-35590 oder 0761/270 63460203 E-Mail: tobias.huber@uniklinik-freiburg.de,0,428265,2011,1
Zu den Hauptproblemen der Befragten bei der Beschaffung über elektronische Marktplätze zählt insbesondere der mangelnde Zugang zu bzw. die mangelnde Kenntnis von entsprechenden (weiteren) Marktplätzen.,1,67258,2003,1
"Die Vereinbarkeit von Schutz und Nutzung ist das zentrale Anliegen der Konvention zur Biologischen Vielfalt (CBD), deren nächste Vertragsstaatenkonferenz im Mai 2008 in Deutschland unter Eisbär-Maskottchen Knut stattfinden wird.",0,207852,2007,1
Auch in Mainfranken ist die wirtschaftliche Bedeutung dieses Sektors deutlich gewachsen.,0,49485,2002,1
Kapitel 3 widmet sich der Binnenperspektive unternehmerischen Handelns.,0,68360,2003,1
Die Wissenschaftlerinnen sollen mit den bereitgestellten Mitteln eine selbstständige Forschergruppe leiten und ihre wissenschaftlichen Fähigkeiten weiter ausbauen.,0,272947,2008,1
"Darüber hinaus könnte Riociguat aber auch breitenmedizinisch relevant werden, da Studien bei Patienten mit Lungenhochdruck bei Herzinsuffizienz, chronisch obstruktiver Lungenerkrankung und Lungenfibrose in Planung sind.",3,545063,2013,1
"Dieser Befund ist besonders deshalb bemerkenswert, weil sich Alterswarzen trotz dieser Mutationen nicht zu bösartigem Hautkrebs entwickeln.",2,400214,2010,9
"Der Ruf nach immer neuen Normen und Standards provoziert häufig kontroverse Debatten, dennoch sind die damit verbundenen Vorteile nicht von der Hand zu weisen: Ohne CE-Kennzeichnung, DIN-Normen oder ähnliche Vereinbarungen wäre ein funktionierender internationaler Handel kaum vorstellbar.",1,300921,2009,9
Die Trendstudie wurde im Rahmen des Netzwerks Kreativwirtschaft zusammen mit der MFG Innovationsagentur durchgeführt und vom Ministerium für Finanzen und Wirtschaft des Landes Baden-Württemberg im Rahmen des EFRE-Programms gefördert.,0,535875,2013,9
Zudem gibt der Statusreport einen Überblick über den weltweiten F&E-Stand.,3,610578,2014,9
"Um die eigene »Innovations-Pipeline« stetig zu füllen, sollten Unternehmen nicht nur die eingetretenen Wege im Innovationsprozess beschreiten, sondern öfter mal versuchen, über Abwege zum Ziel zu gelangen.",1,412572,2011,9
"Wer sich mit dem Erbmolekül DNS auskennt, kann mehr als Gene verändern: Forscher um Günter von Kiedrowski vom Lehrstuhl für Bioorganische Chemie der Ruhr-Uni-versität Bo-chum nutzen diese Doppelschraubenmoleküle zum Beispiel, um daraus mikroskopisch kleine, geometrische Objekte aufzubauen.",0,15766,1999,9
Investitionen in neue Technologien sind daher ein Kernelement der Politik der Bundesregierung.“ Der Bundesbericht Forschung und Innovation ist das Standardwerk zur Forschungs- und Innovationspolitik Deutschlands.,0,370249,2010,9
Zudem erweisen sich nicht wenige Ausbildungsgänge und -stufen als unterschiedlich attraktiv für junge Männer und Frauen.,1,405628,2011,9
"„Die Milliarden-Überschüsse bei den gesetzlichen Krankenkassen schüren die Hoffnung, dass auch für den einzelnen Beitragszahler am Ende mehr übrig bleibt“, erklärt Prof. Dr. Frank Brettschneider von der Universität Hohenheim, der die Allianz Zuversichtsstudie wissenschaftlich begleitet.",1,469049,2012,1
Dazu erklären das Bundesumweltministerium und das Bundesamt für Naturschutz (BfN): Moore haben eine große Bedeutung für die biologische Vielfalt und den Klimaschutz.,3,508530,2012,1
Beim Blick auf die untersuchten gesellschaftlichen Bereiche zeigt sich die Stimmung hinsichtlich der Wirtschaft und des Arbeitsmarkts im Vergleich zum Vorjahreszeitraum leicht eingetrübt.,1,485454,2012,1
"Die Einführung genereller Kombilohn-Modelle oder einer negativen Einkommensteuer nach dem Vorbild der USA hätte zur Folge, dass Millionen bereits bestehender Arbeitsplätze gefördert werden müssten.",3,142462,2006,1
"Tarifliche Mindestlöhne über Allgemeinverbindlichkeit und Entsendegesetz sind nach Einschätzung der Arbeitsmarktforscherin keine Alternative, weil sie insbesondere in typischen Frauenbranchen häufig nicht zustande kommen.",3,284575,2008,1
"In den einzigen Wirtschaftszweigen mit Arbeitsplatzverlusten – Finanzdienstleistungen, öffentliche Verwaltung und Energiewirtschaft – spielen Niedriglöhne dagegen kaum eine Rolle.",3,637553,2015,1
Die zahlreichen branchenübergreifenden Kooperationen und innovationsfördernden Möglichkeiten des Erfahrungsaustauschs im Rahmen der Initiative von ProcessNet leisten dazu einen wichtigen Beitrag im Sinne der Innovati-onsförderung.,1,605700,2014,1
"- Öffentlich zugängliche Informationsquellen im Internet: Transkriptionen von 12 Reden der prominentesten IS-Führungspersonen; Experteninterviews und Artikel mit Bezug zum IS, die in US-amerikanischen oder in deutschen Medien veröffentlicht wurden.",0,642209,2015,1
"Staatsminister Dulig sagte dazu: „Unser aktuelles und künftiges Ziel ist es, KMU mittels Maßnahmen wie der InnoPrämie und dem Innovationsassistenten-Programm zu motivieren und das Wachstum der FuE-Gesamtaufwendungen anzukurbeln.“ Insgesamt scheint der Freistaat laut ifo Konjunkturprognose 2014/2015 auf einem guten Kurs zu sein: Das prognostizierte Wirtschaftswachstum liegt mit 1,8 Prozent über dem deutschen Durchschnitt von 1,5 Prozent.",2,634555,2015,1
Deutschland wird damit auch in Zukunft eine führende Rolle bei Höchstleistungsrechnern einnehmen und weiter an Attraktivität für exzellente Wissenschaftlerinnen und Wissenschaftler aus aller Welt gewinnen.“ „Baden-Württemberg zählt zu den wirtschaftsstärksten und wettbewerbsfähigsten Regionen Europas.,1,464865,2012,1
"I-Neurone 'selektieren' Gruppen von Zielneuronen, um denselben Typ von 'wenn-dann'-Schranken zu konstruieren, was den I-Neuronen moeglicherweise erlaubt, Neuronengruppen kollektiv zu steuern.",0,17231,2000,1
Die Studie widmet sich auch den Ursachen für die Mängel.,0,58602,2003,1
"Dieser Bereich weist nach einer Studie des Zentrums für Europäische Wirt-schaftsforschung (ZEW) in Mannheim und der Akademie für Technikfolgen-abschätzung (Stuttgart) eine erhebliche Gründungsdynamik auf: Machten noch 1989 unternehmensnahe Dienstleister nur gut 18 Pro-zent aller Firmenneugründungen in Baden-Württemberg aus, so waren es 1997 schon fast 23 Prozent.",0,12332,1999,1
"Dies ist für den Hightech-Standort Deutschland von zukunftsweisender Bedeutung"".",1,226065,2007,1
"Bestimmte Mikroorganismen im ausgereiften bakteriellen Zahnbelag verstoffwechseln niedermolekulare Kohlenhydrate zu organischen Säuren, welche die Zahnoberfläche entmineralisieren - es entsteht Initialkaries.",0,396586,2010,1
Ferner müssen die neuen und bestehenden Schutzgebiete besser vernetzt werden.,3,498223,2012,1
"Ziel und Auftrag ist es, neueste Produkte und Prozesse basierend auf integrierten Sensoren, Mikro- und Nanosystemen zu entwickeln.",1,629995,2015,1
B. mit 61 % doppelt soviele Studierende mit der Betreuung durch die Lehrenden zufrieden (traditionelle Studiengänge: 31 %).,0,246423,2008,1
"„Der Ausblick für die Konjunktur ist heute besser als vor einem Jahr“, sagt Dr. Michael Heise, Chefvolkswirt der Allianz.",3,578477,2014,1
"Wie alle großflächig an-gebauten Monokulturen könnten Energieholzplantagen jedoch auch dazu beitragen, dass Landschaften eintönig sowie arten- und strukturarm werden.",3,470823,2012,1
Aus diesen Erkenntnissen versprechen sich die Forscher Anknüpfungspunkte für innovative Wege zur Prävention und Behandlung von Schmerzerkrankungen.,3,272947,2008,1
Unsere Expertise liegt in der fundierten wissenschaftlichen Kompetenz sowie einem interdisziplinären und systemischen Forschungsansatz.,1,564747,2013,9
-25. Juni 2015 zeigen Experten des Fraunhofer ILT auf dem Fraunhofer-Gemeinschaftsstand A3.121 unter anderem das Modul zur Pulsverkürzung für UKP-Lasersysteme sowie das Testsystem für einstellbare Infrarot-Laser mit hoher Leistung.,0,633037,2015,9
Das Vorkommnis von Beschwerden von Pflegebedürftigen oder Angehörigen über ihren Pflegedienst bestätigen 57% der Pflegekräfte.,0,58602,2003,9
Männchen mit den schnellsten Spermien befruchten die am besten ausgestatteten Eier.,2,443194,2011,9
Ein potenzielles Werkzeug zur Kartografierung des Gehirns Im weiteren Verlauf entdeckten die Forscher eine beachtliche Faehigkeit der I-Neurone.,2,17231,2000,9
"Der einzigartige Ansatz der Studie liegt darin, dass zwei etablierte, unabhängige makro-ökonomischen Modelle parallel von einander eingesetzt und die jeweiligen Ergebnisse miteinander verglichen werden, um die zukünftigen ökonomischen Einflüsse zu berechnen und größtmögliche Zuverlässigkeit zu erreichen.",1,318659,2009,9
"„Das Netzwerk aus Gitterzellen funktioniert wie das Dezimalsystem“, erklärt Martin Stemmler, der Leiter der Studie.",0,487435,2012,9
"Und es gelingt uns noch kaum, die Benutzung der ""beiden Klingen"" zu kontrollieren, um bessere Impfstoffe entwickeln zu können oder Angriffe gegen den eigenen Körper unterdrücken zu lernen.",1,184764,2006,9
"Insgesamt flossen mehr als 6,3 Mio. € an Bundesmitteln und fast 1,3 Mio. € an Landesmitteln in das 2.141 Hektar große Projektgebiet in der Nähe von Flensburg.",1,483148,2012,9
"Die Kinder und Jugendlichen wurden zunächst befragt, ob und warum diese Situation problematisch ist.",3,53001,2002,9
"Sie greifen dabei auf umfangreiche empirische Erhebungen in der Elektroindustrie, der ITK-Industrie und der Bankenwirtschaft zurück.",1,485958,2012,9
Auf der Webseite des Unternehmertags des Fraunhofer ISI können weitere Informationen zu Programm und Ablauf der Veranstaltung eingeholt und Anmeldungen (bis zum 30. September 2014) vorgenommen werden.,0,603294,2014,9
Andere Qualitätsmerkmale des Internets sind der ZEW-Umfrage zufolge deutlich weniger wichtig.,1,540117,2013,9
"Denn die Forscher um Prof. Dr. Harald Schoen, den Inhaber des Lehrstuhls für Politische Soziologie an der Universität Bamberg, untersuchen die Meinungsbildung und das Abstimmungsverhalten der Bürger.",0,373678,2010,9
"Dabei verfolgt der Schütze einen genauen Plan und schießt in eine bestimmte Torregion – der Erfolg hängt hauptsächlich von der Schussgenauigkeit ab, die trainiert werden muss.",1,525101,2013,9
Kein Standort gleicht dem anderen.,3,188936,2006,9
"Um die rein elektrische Reichweite von 80 Kilometer auf über 200 auszuweiten, kommt eine Methanol-Brennstoffzelle als Reichweitenverlängerer zum Einsatz.",0,633229,2015,9
"Allerdings sei „die Diskrepanz zwischen Anspruch und Wirklichkeit in vielen Unternehmen noch sehr groß“, attestiert Steinert.",3,605580,2014,9
"Während in Westdeutschland drei Viertel der Dienstleister aus den berücksichtigten Branchen ihre Leistungen im Ausland absetzen, tut dies nur gut die Hälfte der ostdeutschen Unternehmen.",3,168604,2006,9
Die Therapie der Kariesfolgen ist mit hohen Kosten von erheblicher volkswirtschaftlicher Bedeutung verbunden.,2,396586,2010,9
"Seine Studie »Der Aktuar in der Lebensversicherung« beantwortet eine Reihe bisher ungeklärter Rechtsfragen, die mit der Einführung eines für die Berechnung der Prämien und Deckungsrückstellungen verantwortlichen Mathematikers im Versicherungsunternehmen, des »Verantwortlichen Aktuars«, verbunden sind, u.a. die nach dessen Rechtsposition gegenüber dem Lebensversicherer, nach seinen Kontrollbefugnissen und nach der zivilrechtlichen Haftung.",0,16052,1999,9
Eine unterschiedliche Qualität der einzelnen Ärzte nehmen 52 Prozent der Mediziner und 65 Prozent der Versicherten wahr.,0,148698,2006,9
"Die Medizin entwickelt sich weiter, und unser Gesundheitssystem entwickelt sich mit.",0,524655,2013,9
"Neuromodulatoren sind körpereigene Substanzen, welche die Erregungsbereitschaft von Nervenzellen beeinflussen können.",0,301565,2009,9
"Als einziger kurzfristiger Faktor, der sich bis Ende Juli noch ändern kann, geht die Popularität des amtierenden Bundeskanzlers in die Berechnung ein.",1,50348,2002,9
"Ihnen gelang es mittels modernster Laborausstattung im Reinraumlabor das Wellenlängenmultiplex-Verfahren, welches Zeitgleich mehrere Kanäle über eine physikalischen Lichtwellenleiter überträgt, zu nutzen und damit 8,26 Gbit/s zu übertragen.",1,608398,2014,9
Und der Boom des mobilen Telefonierens war nur der Anfang.,2,42773,2001,9
"Um zu erfahren, was den Unternehmen, die sich Qualitätsverbesserungen beim Internetzugang wünschen, diese wert wären, wurden sie vom ZEW nach ihrer Zahlungsbereitschaft gefragt.",0,540117,2013,9
"Der Staat mit seinen öffentlichen Einrichtungen sollte dabei eine positive Vorreiterrolle spielen.""",1,71147,2003,9
"Sie passen sich aufgrund von Erfolg oder Misserfolg einer Entscheidung an, um so das nächste Mal in der gleichen oder einer ähnlichen Situation die Chancen auf richtiges Verhalten zu erhöhen.",3,301565,2009,9
Auch die Qualitätsanforderungen wurden den aktuellen Anforderungen an moderne soziale Dienstleistungsorganisationen angepasst.,0,628258,2015,9
"Befragt wurden bundesweit Innovationsverantwortliche in 5000 Unternehmen aus den Branchen Chemie, Maschinenbau, Informations- und Kommunikationstechnologie (IKT) und Umwelttechnik zur Nutzung von Internet und Softwaretools im Innovationsmanagement.",0,181170,2006,9
Das Spektrum der Technologien und Maßnahmen reichen dabei von klassischen Energiesparkonzepten über die Emissionsminderung bis hin zu integrierten Lösungen für den umfassenden nachhaltigen und verantwortungsvollen Umgang mit wertvollen Ressourcen.,1,451418,2011,9
"Letztlich gehe es darum, Schritt für Schritt nachhaltiger zu werden.",1,626912,2015,9
Damit betrachtet jeder Zweite den eigenen Job als sicher.,0,375703,2010,9
"Die Präsentationen aus dem Projekt runden zwei Fachbeiträge zur Nutzungsgeschichte und Identifikation mit der Kulturlandschaft (Prof. Konold, Universität Freiburg) und zu den agrarpolitischen Rahmenbedingungen der Bewirtschaftung ertragsschwacher Standorte (Prof. Isermeyer, Bundesforschungsanstalt für Landwirtschaft in Braunschweig) ab.",0,81586,2004,9
"Gingen im Frühjahr des vergangenen Jahres noch 34 Prozent der Bundesbürger davon aus, dass die Arbeitsplätze sicher sind, teilen ein Jahr später noch 29 Prozent der Befragten diese Ansicht.",0,469049,2012,9
"Die Konvektionsmuster im Erdmantel erweisen sich als sehr stabil: „Gegenwärtig stimmen die konvergenten Pole gut mit großräumigen Abwärtsströmungen im Mantel überein, und die divergenten Pole mit Aufwärtsströmungen“, erläutert GFZ-Forscher Steinberger.",0,539868,2013,9
"Gefragt war daher ein Kurzfilm, der anschaulich und unterhaltsam eine Geschichte erzählt, die den Zuschauer anregt, sich über das Thema Immunität Gedanken zu machen.",1,332897,2009,9
Im Vergleich zum Frühjahr 2013 zeigt sich sogar ein leichter Stimmungsaufschwung.,3,539689,2013,9
Noch stärker antizyklisch wirken Lohnersatzleistungen wie das Kurzarbeiter- und das Arbeitslosengeld.,1,326174,2009,9
"Wenn ein T-Lymphozyt durch einen Lymphknoten wandert, ist er auf der Suche - auf der Suche nach genau dem einen Fremdstoff, Antigen genannt, den er erkennen kann und gegen den er reagieren soll.",1,203532,2007,9
"Eine Fehlfunktion der I-Neurone spielt auch bei Gedaechtnisstoerungen (wie zum Beispiel bei Alzheimer), neuronalem Trauma und Abhaengigkeiten eine Rolle.",0,17231,2000,9
"Die sogenannte ""Dienstleistungslücke"" ist also wesentlich geringer als oft vermutet.",2,46644,2002,9
"Das beobachtete Helligkeitssignal könnte anstatt von einem Planeten auch von einem Hintergrundobjekt des HD 100546-Systems stammen, auch wenn dies sehr unwahrscheinlich ist.",1,521115,2013,9
"Stimmungsaufschwung in Deutschland: „Im dritten Quartal 2013 ist die Zuversicht hinsichtlich der Zukunftschancen der Nation um zehn Prozentpunkte gegenüber dem Vorjahreszeitraum gestiegen“, sagt Prof. Dr. Frank Brettschneider von der Universität Hohenheim, der die Allianz Zuversichtsstudie wissenschaftlich begleitet.",0,552113,2013,9
"Mit einem multidisziplinären Ansatz haben Wissenschaftler der Johannes Gutenberg-Universität Mainz, der University of Adelaide und der University of Bristol in Kooperation mit dem Landesamt für Denkmalpflege und Archäologie und dem Landesmuseum für Vorgeschichte in Halle die genetischen Verwandtschaftsverhältnisse analysiert.",0,289453,2008,9
Atypische Arbeitsverhältnisse sind in der Kreativwirtschaft üblich und lassen die Grenzen zwischen den Sphären verschwimmen.,1,535875,2013,9
"Die Idee ist dabei immer die gleiche: Implantate wie Schrauben, Platten oder Nägel mit bestimmten Substanzen zu beschichten, die den Heilungsprozess fördern beziehungsweise Komplikationen vorbeugen.",0,71744,2003,9
"Nach diesen Ereignissen wird immer der Ruf laut, endlich Maßnahmen für einen effi-zienten Auen- und Hochwasserschutz zu ergreifen.",2,462603,2012,9
Zu den Kriterien für die Auszeichnung zählten neben der wissenschaftlichen Qualität vor allem der Anwendungsnutzen und der Innovationsgehalt der Arbeit.,1,603888,2014,9
"„Erst, wenn Wissenschaftlerinnen und Wissenschaftler unterschiedlichster Disziplinen dieses Thema gemeinsam angehen, können die zahlreichen biotischen Faktoren, die das Verbreitungsgebiet von Arten bestimmen, zu einer neuen statistischen Agenda zusammengeführt werden.“ Künftig präzisere Voraussagen über das Vorkommen von Arten Die für die Definition der Nische einer Art entscheidenden Prozesse sind auf das Komplizierteste miteinander gekoppelt und beeinflussen sich gegenseitig.",1,516925,2013,9
Ein FAU-Forscherteam um Dr. Gerhard Krönke an der Medizinischen Klinik 3 – Rheumatologie und Immunologie des Universitätsklinikums Erlangen (Direktor Prof. Dr. Georg Schett) hat mit dem Rezeptor PPARβ/δ einen wichtigen Ansatzpunkt für eine neue Art der Therapie identifiziert: Der Rezeptor ist sowohl an der Steuerung von Knochenabbau als auch von Knochenaufbau beteiligt und ist damit einer der Schlüsselfaktoren für die Behandlung von unterschiedlichen Skeletterkrankungen.,1,526239,2013,9
"Dass bei allen drei Konzepten noch erhebliches Potenzial schlummert, zeigt die Tatsache, dass viele Betriebe in den kommenden zwei Jahren solche Verfahren einführen wollen.",1,218958,2007,9
"Die Autoren haben auf diese Weise verschiedenartige Quellen analysiert: - Interviews mit 59 Experten aus den folgenden Gebieten: Islamistischer Terror und Dschihad-Bewegungen; Nahostpolitik und internationale Beziehungen; Geschichte, Anthropologie und Soziologie sowie Psychologie des Terrorismus.",0,642209,2015,9
"Die aktuellen Ergebnisse der Allianz Zuversichtsstudie sowie Trends, die sich daraus ablesen lassen, werden der Öffentlichkeit in der Regel vierteljährlich vorgestellt.",0,456995,2011,9
"Die neue Regelung, die 2014 inkraft trat, berücksichtigt die sehr unterschiedliche Bevölkerungsstärke der EU-Mitgliedsländer.",0,635584,2015,9
"Der besondere Vorteil der hier gewählten Bestrahlungsart mit 188Rhenium besteht in der weitgehenden Schonung der übrigen Gewebe des Körpers, die bei konventioneller Bestrahlung erheblich in Mitleidenschaft gezogen werden.",1,20032,2000,9
Das Spektrum der Gründungsideen der jungen Visionäre reichte diesmal von mobilen Internetanwendungen über nutzerfreundliche Visualisierungs- und Audiodarstellungen im Internet bis hin zu einer elektronischen »Kreidetafel«.,0,33591,2001,9
"Die Untersuchung führt aber gleichzeitig zur Erkenntnis, dass die Elektromobilität noch mit Akzeptanzproblemen zu kämpfen hat und die befragten Personen nicht per se davon überzeugt waren, dass elektrisch betriebene Fahrzeuge umweltfreundlicher sind als konventionelle.",0,633229,2015,9
"Bei dieser Gruppe von Erkrankungen kommt es zu einer krankhaften Engstellung der Blutgefäße in der Lunge, es fließen weniger rote Blutkörperchen an den sauerstoffreichen Lungenbläschen vorbei, Sauerstoffarmut ist die Folge.",0,545063,2013,9
"Ziel war es, die Elektromobilität im öffentlichen Raum zu verankern.",1,460670,2012,9
"Landwirtschaft hängt von vielen Leistungen der Natur ab, die keinen direkten Marktwert haben: von Zersetzungsprozessen im Boden, Wasserreinigung, natürlicher Schädlingskontrolle und der Bestäubung von Nutzpflanzen durch frei lebende Bestäuber.",0,521372,2013,9
"Die bislang durchgeführten Studien ergaben, dass der entwickelte Sensor sehr gut für die Untersuchung von gestressten Pflanzen geeignet ist.",3,330576,2009,9
Die deutsche Metall- und Elektroindustrie interessiert sich wieder mehr für neue Fertigungstechnologien.,0,182370,2006,9
"Allein in diesen drei Bereichen, in denen traditionell Minijobs weit verbreitet sind, entstanden zwischen April 2014 und April 2015 rund 170.000 zusätzliche sozialversicherungspflichtige Stellen.",1,637553,2015,9
"Elektromobilität, Energiespardienstleistungen und »Green IT« stellen aber nur einen Ausschnitt konkreter Anwendungsbeispiele des weitreichenden Themenfelds Nachhaltigkeit dar.",0,413104,2011,9
"Für Deutschland ist sie insbesondere auch eine Option zur Vermeidung sogenannter prozessbedingter Emissionen aus der Stahl-, Zement- und chemischen Industrie.",1,560547,2013,9
"„Der Schutz von Wäldern ist wichtig, aber er allein genügt nicht, um die Treibhausgase aus Landnutzungsänderungen wirklich stark zu verringern“, sagt Alexander Popp vom Potsdam-Institut für Klimafolgenforschung (PIK), Leit-Autor der in Nature Climate Change veröffentlichten Untersuchung.",0,613168,2014,9
"Eine interdisziplinäre, vom Psychologen Dr. Bernd Figner geleitete Studie eines Teams aus Psychologen, Neurowissenschaftlern und Ökonomen untersucht die neurobiologischen Grundlagen des Belohnungsaufschubs, das heisst der Fähigkeit, auf eine unmittelbare Belohnung zu verzichten, um eine grössere, in der Zukunft liegende Belohnung zu erhalten.",0,362174,2010,9
"Der Ansatz über den Zerfall von Gadolinium-152 Informationen über die Masse der Neutrinos zu erhalten, ist komplementär zu anderen Experimentaufbauten in der Helmholtz-Gemeinschaft wie Katrin am KIT in Karlsruhe.",0,408124,2011,9
"Kreislaufwirtschaft funktioniert für den Wissenschaftler immer dann besonders gut, wenn möglichst weit oben auf der Veredelungsskala wieder verwertet werden kann.",1,24604,2000,9
Eine solche Methode führt im Unterschied zu bisherigen Osteoporose-Therapien zur Erneuerung einer physiologischen Knochenstruktur.,3,526239,2013,9
"2009 hatte der Anteil 2,5 Prozent betragen.",0,447042,2011,9
"Dieses neue Verständnis öffnet Spielräume für Karriereunterbrechungen, späte Karrieren und individuelle, an den eigenen Arbeits- und Lebensweg angepasste Karrierekonzepte.",1,633285,2015,9
"Neben den innovationsintensiven Branchen konnten auch einige andere hohe Rationalisierungserfolge mit Prozessinnovationen realisieren, so die Metallindustrie, der Bergbau, die Gummi- und Kunststoffverarbeitung, die Banken/Versicherungen und die Unternehmensdienste, die jeweils mehr als vier Prozent ihrer Stückkosten mit Hilfe neuer Verfahren einsparen konnten.",1,203117,2007,9
"Anders als beim klassischen Bankenkredit wäre damit also die Kreditvergabe weder an die Bonität des Kreditnehmers noch an den Wert der Immobilie gebunden, sondern an die Erträge der Investition.",1,630597,2015,11
"Erste Untersuchungsergebnisse und verschiedene Einschätzungen zum Thema sind soeben als Heft 62 der Reihe ""Wissenschaftliche Diskussionspapiere"" im BIBB erschienen: Christel Balli, Elisabeth M. Krekel, Edgar Sauter (Hrsg.",0,56332,2002,11
"Die Überlegenheit der Multikernfaser beruht darauf, dass das Laserlicht nicht in einem einzelnen Kern geführt, sondern über 19 kleinere, miteinander gekoppelte Kerne verteilt wird.",1,346325,2009,11
"Weiterhin steigen im ökonomischen Modell durch höhere Löhne die Motivation, die Leistung sowie die Betriebsbindung der Beschäftigten.",0,592767,2014,11
Seine Antwort: Der Wettbewerb zwischen den gesetzlichen Krankenkassen ist nicht von vornherein abzulehnen.,0,75882,2004,11
"Im Auftrag der Ruhr- Universität befragte das Zentrum für Sozialforschung, Halle, die Geschäftsleitungen von 3.254 Betrieben und die Arbeitnehmervertreter von 1.410 Betrieben.",0,150120,2006,11
"Sehr geehrte Damen und Herren, die meisten deutschen Unternehmen spüren die Auswirkungen Wirtschaftskrise.",1,356316,2010,11
"Der Vorschlag, die kollektiven Sicherungssysteme zugunsten privater Vorsorge zurückzufahren, führt lediglich zu einem Absenken des solidarisch ausgestalteten Sicherungsniveaus, während die privat finanzierte Zusatzsicherung nur sozial selektiv oder gar polarisierend wirksam wird.",1,18056,2000,11
„Wir brauchen eine faktenbasierte und der Komplexität der Sachlage gerecht werdende Beurteilung.,1,575663,2014,11
Sie erfahren das Wichtigste über die Verfahren der Antragstellung und der Partner suche im Ausland.,0,35231,2001,11
"Im Vorfeld der UN-Naturschutzkonferenz führt das Bundesministerium für Umwelt, Naturschutz und Reaktorsicherheit eine Kampagne zur biologischen Vielfalt durch, um die Öffentlichkeit auf den Wert und den Nutzen der biologischen Vielfalt aufmerksam zu machen.",0,239399,2007,11
__________________________________ Ansprechpartner Peter Wendler E.ON Bayern AG Telefon 089/5208-3115 peter.wendler@eon-bayern.com http://www.eon.com Dr. Holger Grandy Institut für Informatik Universität Augsburg Telefon 0821/598-2122 holger.grandy@informatik.uni-augsburg.de http://www.informatik.uni-augsburg.de/de/lehrstuehle/swt/se/staff/grandy/,0,286442,2008,11
"Wir wollen aufzeigen, dass sich durch die Entwicklung in den letzten Jahren beeindruckende Chancen für die Umsetzung von Dienstleistungsideen ergeben haben"", so Reichwald.",1,226065,2007,11
* Weiterbildungsinitiativen im Dienstleistungsbereich zur Qualifizierung der Beschäftigten.,0,49485,2002,11
; Tierphysiologie: Mäuse stehen Modell für neurodegenerative Erkrankungen sowie sechs Forschungsprojekte aus der International Graduate School for Neuroscience (IGSN).,0,63215,2003,11
Projektarbeit verlagert Arbeitszeit-Risiken auf Mitarbeiter/innen.,0,36025,2001,11
"In den letzten Jahrzehnten hat die Forschung in Psychologie, Ökonomie und Zoologie gezeigt, dass die Fähigkeit zum Belohnungsaufschub ein zentraler Mechanismus ist, der es Menschen - und Tieren - erlaubt, Entscheidungen zu treffen, die längerfristig optimaler sind, als nur den unmittelbaren Nutzen zu maximieren.",0,362174,2010,11
"„Beispielsweise kann ein schärferer Wettbewerb unter den Anbietern zu einer Leistungsoptimierung führen, geeignetere IT-Systeme in Krankenhäuser führen zu einer besseren Performance.",1,606206,2014,11
"Die Mechanismen, die dem immunologischen Gedächtnis zugrunde liegen, sind jedoch noch nicht vollständig bekannt.",3,597487,2014,11
Die andere Hälfte könnte - entsprechende Techniken vorausgesetzt - rezykliert und in neuen Kraftwerken wieder verwendet werden: Eine Endlagerung wäre dann nicht nötig.,3,145375,2006,2
"""Hierzu werden modernste genetische, molekularbiologische und zellbiologische Ansätze verfolgt"".",1,179539,2006,2
"Zum einen dürften höhere Löhne im unteren Einkommensbereich erhebliche Nachfrageeffekte auslösen, da die betroffenen Gruppen zusätzliches Einkommen weitgehend konsumieren.",0,592767,2014,2
"""Interessant dabei ist, dass die Aufgaben des Trainingsprogramms sich völlig unterscheiden von denen des fluiden Intelligenztests"", meint Walter Perrig.",1,257608,2008,2
"Wir können heute feststellen, dass die schlimmsten Schäden an der Natur in Deutschland bis in die 80er Jahre hinein stattgefunden haben, aber nicht mehr seit Inkrafttreten der FFH-Richtlinie im Jahr 1994.",1,239399,2007,2
"Der IAT-Arbeitsmarktexperte Thorsten Kalina hat für Stundenlöhne zwischen 5,00 und 7,50 Euro Modellrechnungen vorgenommen und daraus Anhaltspunkte zur Bestimmung eines möglichen Mindestlohns in Deutschland abgeleitet.",0,183737,2006,2
"Ein live übertragener Feldtest, bei dem mehrere Windparks, Biogas- und Photovoltaikanlagen mit einer Gesamtleistung von über 80 MW zu einem Kombikraftwerk zusammengeschlossen wurden, demonstrierte, wie ein Verbund aus Erneuerbare-Energien-Anlagen schon heute Regelleistung bereitstellen und so einen wichtigen Beitrag zur Stabilität der Stromversorgung liefern können.",1,559168,2013,2
Dieser neue Zustand der Materie wird als spontane Vortex-Phase bezeichnet.,0,607636,2014,2
Auch in einzelnen Bereichen des gesellschaftlichen Lebens zeigt sich die Zuversicht belastbar: So bleibt die Stimmung für die allgemeine Wirtschaftslage mit einem leichten Rückgang von zwei Prozentpunkten im Vergleich zum Vorjahreszeitraum weitgehend stabil (39 Prozent).,0,539689,2013,2
Damit liegt die Zuversicht für die deutsche Wirtschaft aktuell deutlich über dem Tiefststand von zehn Prozent im März 2009 und weit unter dem Höchststand von 56 Prozent im Juli 2011.,1,469049,2012,2
"Auffällig sind Unterschiede in der gegenseitigen Wahrnehmung von Auftraggebern und Dienstleistern: ""Kundenunternehmen sehen die Dienstleister zwar durchaus als wichtige strategische Partner an, die eine entscheidende Rolle spielen.",1,298383,2009,2
"Ihre Debatte zu Gleichstellungsfragen dokumentiert das Junge Akademie Magazin unter dem Titel ""Das verändert die Welt"".",0,299845,2009,2
Zentrales Forschungsziel Punkt war die Entwicklung einer Methodik zur Nutzenmessung auf der Grundlage eines „Standardnutzen-Modells“.,0,569759,2014,2
"Rund um das Thema »Produktivität von Dienstleistungen« gibt es viele Fragen, auf die Wirtschaft und Wissenschaft noch Antworten suchen.",0,531188,2013,2
"Von den sieben Hauptautoren der neuen Studie forschen vier an deutschen Universitäten: Professor Michal Kucera vom Institut für Geowissenschaften an der Universität Tübingen, Dr. André Paul vom Zentrum für Marine Umweltwissenschaften an der Universität Bremen sowie Professor Ralph Schneider und PD Dr. Mara Weinelt vom Institut für Paläoozeanographie und Marine Paläoklimaforschung an der Universität Kiel.",0,296984,2009,2
Michael Kuchenbecker ist hier für die Koordination der Anfragen zuständig.,0,71843,2003,2
Als Partner der internationalen Business School ESMT European School of Management and Technology in Berlin arbeitet Competition Analysis mit ESMT-Professoren und -Professionals an Spitzenforschung in den Bereichen Industrieökonomie und quantitative Methoden eng zusammen.,2,406613,2011,2
"Welches der vielen Neurone liefert aber das relevante Signal an die höheren Hirnbereiche, die letztendlich entscheiden, dass es tatsächlich der Freund ist und wir winken und „Hallo“ rufen?",0,514924,2013,2
"Viel genauer als Santa’s Flugbahn muss allerdings die Bahn der Navigationssatelliten bestimmt werden, wenn man präzise Positionsbestimmungen am Boden braucht.",0,457578,2011,2
"Im Jahr 2010 wurden 1,62 Mio. Euro Drittmittel verausgabt.",0,404121,2011,2
"Andreas Koch hat nun versucht, den tatsächlichen Einfluß eines einzelnen Versicherungsvertrages auf die interne Rechungslegung mathematisch darzustellen.",3,16052,1999,2
Auffällig ist dabei die Universalität der Struktur der gekrümmten Raumzeit.,1,582388,2014,2
"Vor allem dort, wo alle vier Faktoren nahezu ungebremst auf die Beschäftigten einwirken und sich gegenseitig aufschaukeln, wirkt sich dies massiv auf die Gesundheit aus: In diesen Fällen berichten mehr als 50% der Befragten, dass sie sich immer wieder an der Grenze ihrer Belastbarkeit erleben oder diese Grenze schon in Form eines gesundheitlichen Zusammenbruchs am eigenen Leib erfahren haben.",1,337272,2009,2
"„Die Bachelorarbeit von Dominique Facciorusso zeugt von enormer Sachkenntnis eines sehr komplexen Themenfelds, das sie aus interdisziplinärer Perspektive hervorragend bearbeitet hat“, erklärt Univ.-Prof. Dr. Birgit Stark, Leiterin des Instituts für Publizistik der JGU.",2,603888,2014,2
"Dies sind Ergebnisse aus zwei Befragungen zum Thema ""Grenzüberschreitender Austausch von Auszubildenden und jungen Fachkräften"", die vom Bundesinstitut für Berufsbildung (BIBB) bzw. von Infratest Sozialforschung München im Auftrag des Bundesministeriums für Bildung und Forschung (BMBF) durchgeführt wurden.",0,50962,2002,2
Vertrag und Rechtssicherheit - Wahl und Prüfung der vertraglichen Grundlagen müssen für alle Projektpartner bereits bei der Planung des Projekts eine herausragende Rolle spielen.,2,360195,2010,2
Hierzu habe die diesjährige Dienstleistungstagung des BMBF im Rahmen des Wissenschaftsjahrs 2014 „Die digitale Gesellschaft“ einen wichtigen Beitrag geleistet.,1,615627,2014,2
"Es ist somit das geeignete Isotop, um in zukünftigen Neutrino-Experimentaufbauten wie zum Beispiel in Gran Sasso untersucht zu werden mit dem Ziel, bei dessen Zerfall erstmalig die Vernichtung zweier Neutrinos nachzuweisen.",0,408124,2011,2
"Neuer Standort sichert Spitzenforschung Ein Grundstein für weiteres Wachstum erfolgte 2014 mit der Erweiterung des Technologieparks zum High Tech Campus Villach: Im ersten Bauabschnitt, der im Herbst 2015 fertiggestellt werden soll, steht für die CTR eine Fläche von ca.",1,629995,2015,2
"In 25 laufenden Naturschutzgroßvorhaben werden u. a. die Fachplanung, Flächenerwerb, Maßnahmen des Na-turschutzes und das Projektmanagement finanziert.",1,483148,2012,2
"Eröffnet wurde das Innovationsforum vom Projektleiter der Veranstaltungsreihe Prof. Dr. Ralf Reichwald, von der TU München.",0,226065,2007,2
"Mit sechs Plenumssitzungen, einem zweitägigen Strategieworkshop, Fortbildungsveranstaltungen für die Aufsichtsratsmitglieder sowie insgesamt 57 Ausschusssitzungen besteht ein engmaschiges Überwachungsnetz.",1,643021,2015,2
"„Ob man sich Anhänger der CSU, der Grünen, der SPD oder aber Personen ohne Parteibindung ansieht, sie wollen mehrheitlich für den Gesetzentwurf stimmen,“ so der Bamberger Politikwissenschaftler.",1,373678,2010,2
"Erste Anwendung fand er im von der Europäischen Union geförderten Projekt „Spatial Cognition“, in dem die Chemnitzer Informatiker gemeinsam mit Wissenschaftlern aus England, Frankreich und den Niederlanden erforschen, wie sich der Mensch im Raum orientiert.",0,641187,2015,2
"„Mit den heute vorgelegten Empfehlungen der Imboden-Kommission bin ich zuversichtlich, dass Bund und Länder bis zum Sommer 2016 die nötigen Entscheidungen über die Fortsetzung der Exzellenzförderung unter Dach und Fach haben“, sagte Wissenschaftsministerin Theresia Bauer am Freitag im Anschluss an die Bekanntgabe.",1,645206,2016,2
"Das Gehirn hat im Erwachsenenalter daher eine Schutzstrategie entwickelt: Im Gegensatz zur Gehirnentwicklung, während der sich Stammzellen massiv teilen, um eine Vielzahl neuer Gehirnzellen zu bilden, befinden sich Stammzellen im Erwachsenenalter im Ruhezustand.",0,179539,2006,2
"Vor allem aber die anspruchsvollen medizinischen Leistungsangebote der Hochschulen - Bochum, Essen, Witten-Herdecke - können dazu beitragen, die Attraktivität des Standortes in diesem Bereich zu verbessern und überregionale Nachfrage nach Gesundheitsdienstleistungen aus dem Revier zu mobilisieren.",1,37752,2001,2
"Bonn, 8. Februar 2012: Das letzte Rheinhochwasser ist erst ein paar Wochen her und vor fast genau einem Jahr erreichten die Wasserstände an der Elbe zum dritten Mal in neun Jahren Re-kordwerte.",2,462603,2012,2
"Außerdem stellt Fraunhofer IAO zusammen mit Projektpartnern den Zwischenstand der Forschungsarbeiten in den Themenschwerpunkten ""Innovative Geschäftsmodelle im Vertrieb"", ""IT-Anforderungen und Lösungen für den Beraterarbeitsplatz"" und ""Industrialisierung der Finanzbranche"" vor.",0,147008,2006,2
Das zeigt eine Zwischenbilanz des Instituts Arbeit und Technik (IAT/Gelsenkirchen) zu den neuen Förderkonzepten haushaltsbezogener Dienstleistungen.,0,66996,2003,2
Die genannten 13 Gene werden interessanterweise ausschließlich über die Mutter eines jeden Individuums vererbt.,1,239965,2007,2
Die gute klinische Wirkung von wIRA auf Wunden und Wundinfektionen lässt sich über die Verbesserung sowohl der Energiebereitstellung pro Zeit (Zunahme des Stoffwechsels) als auch der Sauerstoffversorgung erklären.,1,284525,2008,2
In Niedersachsen belegen die Wirtschaftswissenschaftler der Universität Hannover den Spitzenplatz.,2,42599,2001,2
Bei der weiteren Entwicklung des Moduls sollen deutlich höhere Pulsenergien erreicht werden.,1,633037,2015,2
"Ebenfalls zeigten sie in einem Netzwerk visueller, limbischer und präfrontaler Hirnregionen eine ähnliche neuronale Antwort auf männliche und weibliche Gesichter.",0,142310,2006,2
"Da sich nach 1990 für die ostdeutschen Landwirtschaftsbetriebe die Möglichkeit einer umfassenden Modernisierung unter Einsatz der leistungsfähigeren westdeutschen Betriebsmittel (beispielsweise bessere materiell-technische Ausstattung der Betriebe, Zahl der verfügbaren Pflanzenschutzmittel bzw. einsetzbaren Wirkstoffe) ergab, war davon auszugehen, dass sich hiermit auch der ökologische Zustand der Ackerlandschaften entsprechend verändern würde.",0,42737,2001,2
Selbst B und C wären jedoch mit Stromgestehungskosten von 5 bis 10 Cent pro Kilowattstunde wettbewerbsfähig.,1,145375,2006,2
"Alterswarzen sind gutartige Hauttumoren, die vor allem in der zweiten Lebenshälfte in großer Zahl auftreten können.",0,400214,2010,2
"Und wohl niemand erledigt seinen Job so präzise und elegant wie die zytotoxischen T-Lymphozyten (Killer-T-Zellen), die Virus-infizierte Körperzellen erkennen und gezielt abtöten.",1,645813,2016,2
"In der ersten vierjährigen Periode werden Spezialisten der Geometrischen Analysis und der Differentialgeometrie, der Stringtheorie und der Kosmologie in zehn Projekten gemeinsam nachdenken.",1,90952,2004,2
"Traditioneller Ernährerlohn reicht nicht mehr Die Ergebnisse des von der Hans-Böckler Stiftung finanzierten Projektes, veröffentlicht in einem Schwerpunktheft der WSI-Mitteilungen (3/2013), zeigen, dass der traditionelle Ernährerlohn nur noch von knapp einem Viertel der männlichen und weiblichen Normalarbeitnehmer erreicht wird.",0,537182,2013,2
"Ausgehend von der Frage, wie sich die Alterung der Gesellschaft auf das Wachstum des Dienstleistungssektors in Deutschland auswirkt, werden die wesentlichen dienstleistungstheoretischen Ansätze zu diesem Thema sowie die Entwicklungstrends der Seniorenwirtschaft dargestellt.",0,78869,2004,2
"Ebenso wurden eigene Sicherheitswerkzeuge entwickelt, die die Gesamtsicherheit der über die Plattform angebotenen Dienste überwachen können.",1,594324,2014,2
"Zu dieser Plattform, die den Experten aus aller Welt zum Erfahrungsaustausch und der Vorstellung der neuesten Forschungsergebnisse dient, lädt die Deutsche Gesellschaft für Wundheilung und Wundbehandlung e.V.",2,22117,2000,2
Für die Hälfte der Anbieter stellen Angebote für Fachkräfte einen Schwerpunktbereich dar.,0,340010,2009,2
"Der Name des Projektes: ""New business opportunities in hygiene for health"" zeigt die Zielrichtung: durch die kostengünstigere Verlagerung der Aufbereitung medizinischer Instrumente - wie etwa flexibler Endoskope - aus Kliniken und Praxen hin zu professionellen Dienstleistern ergeben sich weitere Marktchancen, die bestehende Arbeitsplätze sichern helfen und neue Arbeitsplätze schaffen.",1,281949,2008,2
Grundlage dafür bilden die Richtlinien der Bundesärztekammer zur Verteilung postmortal gespendeter Lebern.,0,490050,2012,2
"Eine kuerzlich vollendete Studie am Weizmann Institut, die in der Zeitschrift Science, Ausgabe Januar 2000, erscheint, enthuellt die wichtigsten Prinzipien, die dem Aufbau und der Funktion dieses inhibitorischen Systems zu Grunde liegen.",2,17231,2000,2
Im vierten Quartal 2008 ist der Durchschnittswert des Allianz Zuversichtsindex im Vergleich zum dritten Quartal 2008 leicht gesunken.,0,294709,2008,2
„Die anhaltende Diskussion um die Europäische Schuldenkrise beunruhigt die Menschen – zumal die Situation für den Einzelnen schwer einschätzbar ist.,0,469049,2012,2
Sie wollen belastbare Vorhersagen und verlässliche Hilfsmittel für diese komplexen Systeme generieren.,1,603396,2014,2
"Empirische Ergebnisse zeigen sehr deutlich die große Bedeutung, die der Formulierung von glaubwürdigen mittel- und langfristigen Zielen für erneuerbare Energien im Sinne einer missionsorientierten Innovationspolitik zukommt.",1,575663,2014,2
"So können Projektverantwortliche mit Hilfe von Checklisten prüfen, wo Stärken und Schwächen in ihrer Arbeit bzw. ihrer Vorbereitung bestehen.",0,72014,2003,2
"Bettina Banaj: „In kleinen und mittelständischen Unternehmen sind Doppelspitzen bereits vermehrt anzutreffen, aber auch Großunternehmen oder Parteien stehen ihnen zunehmend offen gegenüber.“ Schließlich könnten „Defizite und Schwächen ausgeglichen werden, ob sie nun in der Persönlichkeit oder in den Kompetenzen der Führungspersonen liegen.“ Männer sind verbindlich, Frauen kundenorientiert – Klischee oder Realität?",0,594154,2014,2
"Da Terahertz-Wellen von Wasser relativ stark absorbiert werden, eignen sich Terahertz-Sensorsysteme hervorragend, um mit einer Ortsauflösung von etwa einem Millimeter die Wasserverteilung innerhalb eines Blattes in einer Durchleuchtungsgeometrie zu bestimmen.",1,330576,2009,2
"""In Deutschland ist das Lohnspektrum in einem Ausmaß nach unten ausgefranst, das in anderen Ländern aufgrund von Mindestlöhnen nicht möglich wäre"", kritisiert Dr. Claudia Weinkopf, Stellvertretende Geschäftsführende Direktorin des IAQ.",1,325132,2009,2
"Hat diese Idee heute einen ähnlichen Stellenwert wie die traditionellen Werte der Moderne ""Freiheit"", Gleichheit"" oder ""Demokratie""?",1,206192,2007,2
"Die Bewertungen der Beschäftigten ihrer Dienste hinsichtlich der Einsatzplanung, Pflegeplanung und -dokumentation korrelieren zudem am stärksten mit der Bejahung der Existenz von Beschwerden der Kunden über ihren Pflegedienst.",0,58602,2003,2
Weitere Information unter <www.naturallianz.de>.,0,239399,2007,2
"Zu diesem Ergebnis kommt die deutsche Innovationserhebung des Jahres 2004, die das Zentrum für Europäische Wirtschaftsforschung (ZEW), Mannheim, im Auftrag des Bundesministeriums für Bildung und Forschung durchgeführt hat.",0,110794,2005,2
Unterschiede fanden die Forscher auch im innovationsbezogenen Planungs- und Entscheidungsverhalten der Unternehmer und bei der Nutzung des kreativen Potenzials der Mitarbeiter.,0,174296,2006,2
"So konnten Simon Eickhoff und Danilo Bzdok die bei moralischen, rationalen und gefühlsbasierten Entscheidungen genutzten Hirnregionen quantitativ und objektiv miteinander vergleichen.",0,472693,2012,2
"„Die Studienergebnisse zeigen, dass Krisen häufig als Weckruf für Aufsichtsräte wirken“, erklärt der Corporate Governance Experte.",3,643021,2015,2
"Die DGG setzt sich für die Verbesserung der Rechtssetzung in Bund, Ländern und Gemeinden ein und vergibt einmal jährlich mit finanzieller Unterstützung der Stiftung Apfelbaum den Preis für gute Gesetzgebung.",1,569759,2014,2
"""Seit dem Inkrafttreten der FFH-Richtlinie 1994 sind die in Deutschland vorkommenden und bis dato stark gefährdeten Arten und Lebensraumtypen der Anhänge in den benannten FFH-Gebieten und teilweise auch darüber hinaus besonders geschützt.",1,239399,2007,2
"Wenn die deutsche Umweltschutzindustrie im vergangenen Jahrzehnt überhaupt gewachsen ist, dann verdankt sie dies ausschließlich der Nachfrage aus dem Ausland, denn der inländische Markt für Umweltschutzgüter ist seit Mitte der 90er Jahre nicht mehr expandiert.",1,199472,2007,2
Am Freitag den 29. Juni 2001 findet in der Innovationsfabrik Heilbronn ein Informationstag zu den Forschungsprogrammen der Europäischen Kommission statt.,0,35231,2001,2
Ein solcher Technologiewechsel bahnt sich bei den Lasertechnologien an: Rund 16 Prozent der Betriebe haben den Umstieg vollzogen oder planen ihn.,1,182370,2006,2
"Zielgruppenbezogenes Marketing, Kooperationen und Vernetzung sowie die Konzentration auf Kernarbeitsfelder sind die am häufigsten von den Anbietern eingesetzten Strategien, um sich am Markt zu behaupten.",0,340010,2009,2
"Hintergrundinformationen Das Projekt „Obere Treenelandschaft“ gehört zu 76 Vorhaben, die der Bund als „gesamtstaatlich repräsen-tative Naturschutzgroßprojekte“ im Rahmen des Förderprogramms „Chance.natur“ bereits finanziert hat bzw. noch fördert.",1,483148,2012,2
Seit Beginn der Erhebungen im Jahr 2007 wurden mittlerweile insgesamt mehr als 43.000 Menschen befragt.,0,552113,2013,2
"Mit Hilfe eines statistischen Modells wird der Unterschied im Hinblick auf das BIP-Wachstum und die (erwartete) Inflation ermittelt zwischen einem Zentralbanker, der die Bestnote erhält und einem Nicht-Superstar, der aber in jeder anderen Hinsicht (institutionelle Rahmenbedingungen, konjunkturelle Situationen und persönliche Eigenschaften) nahezu identisch ist.",0,570792,2014,2
"Parallel entwickeln die Quamoco-Projektmitglieder Methoden für die Anpassbarkeit für den unternehmenseigenen Zuschnitt, für die Qualitätsbewertung und das Anforderungsmanagement.",0,363416,2010,2
"Weitere Informationen zum Programm ""Spitzenforschung und Innovation in den Neuen Ländern"" finden Sie im Internet unter www.unternehmen-region.de.",0,315873,2009,2
"Mit diesem innovativen Verbund aus einer Wissenschaftsakademie, einer Universität und zwei politikberatenden Instituten hat das Projekt zum Ziel, gleichermaßen wissenschaftliche Erkenntnisse zu gewinnen sowie praxisorientierte Lösungsansätze im Spannungsfeld von Landnutzung, Naturschutz und Klimaschutz zu entwickeln.",1,533748,2013,2
"In der Diskussion über die Leistungslücke von Mädchen in Mathematik ist immer wieder die These zu hören, dass Schüler eine bessere Leistung erbringen, wenn sie von Lehrkräften des gleichen Geschlechts unterrichtet werden.",0,411685,2011,2
"Es wurde ein völlig neues Produkt entwickelt, „weil sich die Beteiligten jenseits eingetretener Pfade und ihrer eigentlichen Fachdisziplinen bewegt haben“, erklärt Martin Tröndle.",1,467617,2012,2
"Die Stabilität gewöhnlicher Materie und die Existenz chemischer Elemente, wie wir sie kennen, beruht auf dem kleinen Massenunterschied zweier Elementarteilchen, aus denen sich Atomkerne zusammensetzen: dem Proton und dem Neutron.",1,628280,2015,2
"Für den Fall, dass Vorreitermärkte für diese Technologien erfolgreich etabliert werden, kann die Europäische Union einen höheren Weltmarktanteil bei erneuerbaren Energien erreichen und positive Netto-Effekte bei Beschäftigung und Bruttoinlandsprodukt langfristig aufrechterhalten"".",1,318659,2009,2
"Die Befragung ergab, dass die Unternehmen insbesondere der Zusammenarbeit mit kommunalen Verwaltungen und den Aktivitäten der kommunalen Wirtschaftsförderung eine relativ hohe Bedeutung beimessen und das diesbezüglich Verbesserungsmöglich-keiten bestehen.",3,15100,1999,2
"Es reicht nicht aus, allein die Anzahl von Patentanmeldungen auszuwerten, welche ausschließlich künftige technische Innovationen abbilden.",0,575663,2014,2
Begrenzt durch die bisher eingesetzten Pumpmodule lag die Wiederholrate dieser Lasersysteme mit Impulsenergien im Joule-Bereich vorher bei nur 10 Hz.,0,621130,2015,2
Das sind zwei Prozentpunkte mehr als noch 2003.,0,148680,2006,2
Im Vergleich zum ansonsten notwendigen Aufbau eines Netzes mit Originalbauteilen ergibt sich eine Kostenersparnis bis zu 90 Prozent bei gleichzeitig stark verbessertem Bedienkomfort.,2,17284,2000,2
"Nach seinen Worten löst die Innovation das Problem bestehender Systeme, dass sich Unberechtigte Zugang zu Daten verschaffen konnten, indem sie sich in einem unbeobachteten Moment des Geräts bemächtigten.",3,566055,2013,2
Die Ergebnisse geben einen fundierten Aufschluss über die Optimierung zukünftiger Strategien zur Adressierung junger Frauen.,1,600863,2014,2
"Im Jahr 2005 wurden vier Mehrfachbestattungen in Eulau, Sachsen-Anhalt, entdeckt und ausgegraben.",0,289453,2008,2
"Das Heft ist kostenlos zu beziehen beim Bundesinstitut für Berufsbildung, A 1.2 / Veröffentlichungen, Friedrich-Ebert-Alle 38, 53113 Bonn Tel.",0,56332,2002,2
Das neue Impfprinzip bekämpft erfolgreich chronische Infektionen Die Wissenschaftler um Prof. Knolle von der Universität Bonn haben mit ihren Kollegen von der TU München/dem Helmholtz Zentrum München sowie weiteren nationalen und internationalen Instituten nun in Tiermodellen eine vielversprechende Entdeckung gemacht.,2,528341,2013,2
"Diese originären Innovationen - im Gegensatz zu Nachahmerprodukten, die zwar aus Unternehmenssicht neu, jedoch nicht neu für die Branche sind - machten im Jahr 2004 7,5 Prozent des Umsatzes bei wissensintensiven Dienstleistungen aus, nach 6,6 Prozent im Vorjahr.",1,148680,2006,2
Die zur Durchführung von Einsparmaßnahmen verpflichteten Unternehmen legen die dabei anfallenden Kosten vielmehr auf ihre Kunden um.,0,474849,2012,2
Die Patienten stuften bei gezielter Befragung die Behandlung ausnahmslos als schonend und deutlich angenehmer denn die konventionelle Therapie ein.,2,20032,2000,2
Unter den durch Abriss und Verfall bedrohten Gebäuden finden sich eine Reihe historisch wertvoller Baudenkmäler und für die Stadtstruktur prägende Gebäude.,1,360195,2010,2
"Nutzerinnen und Nutzer können sich dieser Praxis bislang nur entziehen, wenn sie bestimmte Angebote ausdrücklich nicht nutzen – oder sich mit der Datensammlung einverstanden zeigen.",0,648014,2016,2
"„Dieser Effekt der Selbstüberschätzung sollte, wie der Fall Beltracchi gezeigt hat, gerade bei kunstwissenschaftlichen Expertisen zu verstärkter Vorsicht den eigenen Fähigkeiten gegenüber mahnen“, erklärt Henry Keazor.",1,636056,2015,2
"Dazu sind unterschiedliche Finanzierungsinstrumente geeignet, die von kostenloser steuerfinanzierter Bereitstellung (z.B. Schulen) über Versicherungslösungen (Kranken- Renten, Pflegeversicherung), Arbeitgeberumlagen (Unfallschutz), bis hin zu einkommensabhängigen Stipendien (z.B. Studienförderung), Gebühren (Kindergärten) oder Gutscheinen (Weiterbildung) reichen.",1,55874,2002,2
"Weiterhin zielen Sie darauf ab, Forschung und technologische Entwicklung von und für die Unternehmen zu unterstützen, spezifische technische Probleme zu lösen und internationale Partnerschaften aufzubauen.",1,35231,2001,2
"Nach den Analysen der Wissenschaftler, die sich auf langjährige Forschungserfahrung in der IT-Industrie stützen können, handelt es sich hier nicht nur um eine kurzfristige Belastungsspitze, die man ""aussitzen"" könnte.",1,337272,2009,2
"Die FFH-Richtlinie hat dazu entscheidend beigetragen"", sagte Bundesumweltminister Sigmar Gabriel.",1,239399,2007,2
"Eine kleine Vor-Premiere erwartet die Besucher mit dem geplanten ""Show Case"" zu innovativen Filialkonzepten, der bis Sommer 2006 am Fraunhofer Office Innovation Center in Stuttgart realisiert wird.",0,147008,2006,2
"Mindestlöhne tragen dazu bei, die Fluktuation der Beschäftigten im Niedriglohnsegment zu verringern, so dass die Unternehmen erheblich weniger für die Suche, Einarbeitung und Weiterbildung von Beschäftigten aufwenden müssen.",1,592767,2014,2
Dieses Ergebnis des Fraunhofer-Instituts für System- und Innovationsforschung deckt sich mit den jüngsten Zahlen des Statistischen Bundesamts.,0,108943,2005,2
Das Gremium schätzt die Startkosten von bis zu vier solcher Rechenzentren - vergleichbar mit den Supercomputerzentren in den USA - auf bis zu 400 Millionen Euro und die jährlichen laufenden Kosten auf über 100 Millionen Euro.,0,204696,2007,2
"Der EU-Direktor für Neue Technologien und Infrastruktur, Ulf Dahlsten, betonte den Wert einer geeinten europäischen Forschungslandschaft.",0,204696,2007,2
Diese Dichte lässt sich nun in einzigartiger Weise durch kleine angelegte elektrische Spannungen variieren.,2,292489,2008,2
Lassen sich vorhandene und vielleicht im Verborgenen schlummernde Fähigkeiten gezielt fördern?,0,597902,2014,2
"Laut bisher gängigen Modellvorstellungen wachsen Riesenplaneten, indem sie einen Teil des Gases und Staubes einfangen, das bei der Bildung des Zentralsterns übrigbleibt [3].",0,521115,2013,2
Die Werke stammten zum Teil aus Privatbesitz und zum Teil aus der Asservatenkammer des Landeskriminalamts in Stuttgart.,0,636056,2015,2
"„Betrachtet man etwa die Aktivitäten im Internet, haben im Moment die Befürworter des Gesetzentwurfs die Nase vorn.",3,373678,2010,2
Die wirtschaftlichen Folgen all dieser Szenarien wurden untersucht.,1,522990,2013,2
"""Das bedeutet, dass noch verwendbare Teile etwa bei der Altautoverwertung direkt in die Nutzung zurück gehen, anstatt zuerst in Rohstoff zurück verwandelt zu werden oder vielleicht überhaupt nur noch energetisch, sprich als Brennstoff, Verwendung zu finden"", erläutert Recycling-Professor Dr. Ralf Holzhauer von der Fachhochschule Gelsenkirchen.",0,24604,2000,2
"Dass sich über den neuen Beruf Substitutionseffekte ergäben und sich seine Existenz negativ auf die Entwicklung der Ausbildungsplatzverhältnisse in verwandten kaufmännischen Berufen der Branche wie Bürokaufleute, Groß- und Außenhandelskaufleute oder Kaufleute im Einzelhandel auswirken könnte, bestätigte sich nicht.",0,63427,2003,2
"Dr. Rickert konnte u.a. die zeitabhängige Wirksamkeit der den Gewebeumbau bewerkstelligenden körpereigenen Enyzme (Matrix-Metalloproteinasen, MMPs) sowohl in vitro als auch in vivo nachweisen.",1,60163,2003,2
"Für die nahe Zukunft ist auf Basis der vorliegenden Einschätzungen von einer steigenden Nutzung von elektronischen Marktplätzen auszugehen, sowohl hinsichtlich des darüber abgewickelten Beschaffungsvolumens, als auch in Bezug auf die Anzahl der genutzten Plattformen.",3,67258,2003,3
"Es sollte stärker als bisher analysiert werden, welche Nachhaltigkeitsmerkmale den Wert von Immobilien beeinflussten und in welcher Größenordnung ihr Einfluss liege.",1,591959,2014,3
"Erfolgreiche Betriebe erwerben das für ihre Dienstleistungs-, Produkt- oder Prozessinnovationen relevante Innovationswissen dagegen durch eine Balance aus internen und externen Impulsquellen.",1,603294,2014,3
"Frauen ist Image und Ethik wichtig, Männern Geld und Macht Bei allen Befragten steht der „Spaß im Beruf“ mit weitem Abstand an erster Stelle, gefolgt von „Familie“, „Kontakt zu Freunden“ und „ethischen Werten“.",2,412370,2011,3
"In einer aufwendigen Studie an resezierten Tumor- und Normalgeweben von Patienten mit Dickdarmkrebs analysierte die Arbeitsgruppe schließlich alle genannten Regulatoren des u-PAR und konnten dadurch wiederum erste molekulare Staging-Modelle definieren, die neue Hochrisikogruppen beim Dickdarmkrebs herausarbeiteten.",1,228806,2007,3
Im Jahr 2013 wurden gut 14.000 Personen in knapp 10.000 Haushalten befragt.,0,614104,2014,3
"In solchen Netzen lässt sich mit dem eSi ein hohes Sicherheitsniveau gewährleisten"", so Henkel.",1,127875,2005,3
Die Hoffnungen auf geringere Personalkosten oder eine Beschleunigung von Wertschöpfungsprozessen scheinen sich für die Industrie allerdings nicht zu erfüllen.,2,215062,2007,3
Deutlich weniger Mädchen als Jungen entscheiden sich für einen mathematisch-naturwissenschaftlichen Studiengang.,1,411685,2011,3
"Um ältere Arbeitslose wieder in Arbeit zu bringen gibt es seit drei Jahren neue Instrumente, die aber kaum in Anspruch genommen werden.",0,145591,2006,3
"Da der eingeschlagene Wachstumskurs auch massive Investments seitens des Forschungszentrums bedingt, ist die kontinuierliche Unterstützung durch die Eigentümer und Fördergeber ein wesentlicher Faktor um die Mittelfrist-Strategie erfolgreich konvertieren zu können.",0,629995,2015,3
"Am optimistischsten in den östlichen Bundesländern sind die Bürger in Mecklenburg- Vorpommern (54%), dicht gefolgt von den Brandenburgern (50%).",0,236723,2007,3
"Deshalb ist davon auszugehen, dass auch die Stimmung hinsichtlich der Zukunft Deutschlands wieder deutlich zuversichtlicher wird, sobald sich eine tragfähige Lösung für die Schuldenkrise abzeichnet.“ Insgesamt zeigen die Ergebnisse für die Wirtschaft im monatlichen Verlauf des ersten Quartals 2012 nach größeren Schwankungen in den letzten beiden Jahren eine Stabilisierung – wenn auch auf leicht sinkendem Niveau: Im Januar 2012 lag der Wirtschaftswert bei 37 Prozent, im Februar bei 35 Prozent und im März bei 34 Prozent.",1,469049,2012,3
Der erfolgreiche Zuschnitt von Diensten auf die persönlichen Anforderungen des Nutzers ist von zentraler Bedeutung für die Verbreitung und Akzeptanz mobiler Multimediadienste.,0,42773,2001,3
"Rund zwei Drittel von ihnen geben an, dass die eigenen vier Wände sie glücklicher machen.",0,630227,2015,3
"Das Leistungsspektrum des ausgewiesenen Dienstleisters für Ministerien, Verbände und Unternehmen umfasst Forschungsförderung, Innovationsbegleitung und Innovationspolitik.",0,634555,2015,3
"„Alles in Allem zeigen sich die Menschen in Deutschland für ihr persönliches Leben rundum zuversichtlich“, sagt Prof. Brettschneider von der Universität Hohenheim.",1,375703,2010,3
Für weitere Fragen steht Ihnen zur Verfügung: Prof. Dr. Gerhard Bosch Durchwahl: 0209/1707-147 Pressereferentin Claudia Braczko Munscheidstraße 14 45886 Gelsenkirchen Tel.,0,55874,2002,3
"Dieses Phänomen findet sich bei Patienten, die unter einem Bluthochdruck in der Lunge, der sogenannten Pulmonalen Hypertonie, leiden.",0,545063,2013,3
Zum Abschluss seines Buches stellt Krähnke in einer Fallstudie die bundesdeutsche Debatte um die Selbstbestimmung der Schwangeren im Abtreibungsdiskurs vor.,0,206192,2007,3
"Das enge Zusammenspiel von Energie, Mobilität und IKT soll den Einsatz innovativer Technologien deutlich beschleunigen und organisatorische und wirtschaftliche Lösungen für die Ressourcen- und Energieeffizienz voranbringen.",1,628871,2015,3
"Eintritt frei Vortrag von Bernhard Schmid, Institut für Umweltwissenschaften, Universität Zürich Hörsaal, zoologisches Forschungsmuseum Alexander Koenig, Adenauerallee 160, 53113 Bonn",0,258558,2008,3
Der im Juni 2012 erreichte Zuversichtswert von 35 Prozent ist für diesen Bereich der höchste seit Beginn der Erhebungen zur Allianz Zuversichtsstudie im Jahr 2007.,0,485454,2012,3
Im Gegensatz dazu ist die Neutronenverteilung aufgrund der Ladungsneutralität der Neutronen schwierig zu messen.,3,640713,2015,3
Dies gilt ebenso für die in der Rürup-Kommission diskutierte Übertragung des Schweizer Modells der Kopfprämien auf deutsche Verhältnisse.,0,65139,2003,3
"Zum anderen sei in der Regel davon auszugehen, dass ein Machtgefälle zwischen Arbeitgebern und Arbeitnehmern besteht.",0,592767,2014,3
"Nur jeder Dritte (35%) sieht der Entwicklung im Lande mit Zuversicht entgegen, fast genau so viele Menschen machen sich gar Sorgen.",1,236723,2007,3
"An der Grenzfläche zwischen diesen perfekt isolierenden Substanzen bildet sich erstaunlicherweise ein neuartiger elektronischer Zustand der Materie aus, eine hauchdünne Schicht, die Strom ohne elektrischen Widerstand transportieren kann.",2,292489,2008,0
"*	In der Mehrzahl der europäischen Länder gibt es - parallel zu tarifvertraglichen Regelungen - gesetzliche Mindestlöhne, die nachweislich positive Wirkungen auf das Einkommensniveau aufweisen und keine Gefährdung der Arbeitsplätze bewirkt haben.",0,76420,2004,0
"Für die Betroffenen könne dies dazu führen, dass sie zwischen Arbeitslosigkeit und kurzfristigen Beschäftigungen „pendeln“ und auch auf Dauer keinen Anspruch auf Mindestlohn bekommen.",3,592767,2014,0
"Und viele Menschen sind der Auffassung, dass die Politik nicht genug für den Umwelt- und Klimaschutz tut“, sagt Prof. Frank Brettschneider von der Universität Hohenheim, der die Allianz Zuversichtsstudie wissenschaftlich begleitet.",0,539689,2013,0
Durch die Kombination von Therapien zum Erfolg Für eine erfolgreiche Antitumortherapie ist ein intaktes Immunsystem nötig.,0,588450,2014,0
"So ist insbesondere die euphorische Einstellung zur Resozialisierung bei solchen Randgruppen abgeebbt, die in den 70er Jahren einen deutlichen Einfluss auf die öffentliche Meinung ausübten.",0,14877,1999,0
- Eine Verbesserung rechtlicher Rahmenbedingungen wie z.B. ein effektiver Rechtsschutz im Ausland trägt zu mehr Rechtssicherheit bei.,0,454801,2011,0
"Professor Ibriszimow: ""Dies führt im sogenannten Medienzeitalter zu echter Lesemotivation bei den Studierenden, die so zu wissenschaftlich versierten Lesern und Analytikern werden können.""",0,67025,2003,0
"Weitere Informationen erhalten Sie von: Erik Monsen Max-Planck-Institut für Ökonomik Kahlaische Straße 10 07745 Jena Telefon: +49 - 3641 - 686 736 Fax: +49 - 3641 - 686 710 e-mail: monsen@econ.mpg.de Petra Mader, Stephan Schütze Presse- und Öffentlichkeitsarbeit Max-Planck-Institut für Ökonomik Kahlaische Straße 10 07745 Jena Telefon: +49 - 3641 - 686 960, -950 Fax: +49 - 3641 - 686 710 e-mail: pr@econ.mpg.de Abdruck gestattet, Belegexemplar erbeten.",3,320447,2009,3
Diese können entweder die am Ausgang der Glasfaser verfügbare Leistung deutlich redu-zieren oder sogar zur Beschädigung der Faser beziehungsweise der Laserquelle führen.,1,346325,2009,3
Mit der Studie verdeutlicht das BfN in einem konkreten Anwendungsfall den ökonomischen Wert von Naturschutz.,3,382914,2010,3
"Damit zeigen die ersten beiden Stufen der allgemeinen Versicherungspflicht Wirkung, die zum 1. April und 1. Juli 2007 in Kraft getreten sind.",0,291121,2008,3
"Für die Jahre 2005 und 2006 planen die Industrieunternehmen ebenfalls, ihre Innovationsaufwendungen um zwei (2005) beziehungsweise drei Prozent (2006) auf dann knapp 79 Milliarden Euro zu erhöhen.",0,148680,2006,3
Kommerziell verfügbare vergleichbare Glasfasern besitzen beispielsweise Modenfelder von höchstens 300 Quadratmikrometern und sind gleichzeitig biegeempfindlicher.,3,346325,2009,3
"An der Technischen Universität Darmstadt wurden beispielsweise zuletzt 63 Prozent der Promotionen in der Biologie mit der Bestnote prämiert, während es bei den Fachkollegen an der Universität Hamburg nur ein Prozent war (2010 bis 2012).",3,593626,2014,3
"Um den Anstieg abschätzen zu können, nutzen sie prozessbasierte Computersimulationen, die den Beitrag schmelzender Gletscher, den Masseverlust der Eisschilde und die thermische Expansion des Meerwassers errechnen – wärmeres Wasser nimmt gemäß den physikalischen Gesetzen mehr Platz ein.",3,646309,2016,3
"„Ihr Gesicht vereint viele Faktoren, die ein Gesicht attraktiv machen“, sagt der Psychologe, der sich in seiner Forschungsarbeit vor allem mit der Wahrnehmung von Gesichtern befasst.",0,572220,2014,3
"*	Auswirkungen der Umweltqualität auf die Standortwahl von Unternehmen Im Gegensatz zu einer häufig geäußerten Meinung lassen die Ergebnisse der Unternehmensbefragung darauf schließen, dass eine hohe Umweltqualität ein wichtiger Standortfaktor ist.",1,15100,1999,3
"„Die in Deutschland praktizierte Form der Corporate Governance bietet zentrale Voraussetzungen dafür, es besser zu machen.",1,529031,2013,0
"Die jüngste Prognose, die sich streng an die Regel des Modells hält, berücksichtigt den Durchschnitt der Kanzlerpopularität im Juli und August.",0,51950,2002,0
Die Umsetzung der Empfehlungen als Leitplanken für den universitären Wettbewerb lässt eine große Dynamik für die Spitzenforschung in der Bundesrepublik erwarten.,1,645206,2016,0
"Die öffentliche Debatte um die Fairness der ausgewählten Qualitätsindikatoren wird zudem das interne Qualitätsmanagement in den Systemen erheblich fördern.""",1,75882,2004,0
"Diese Informationslücken fallen umso schwerer ins Gewicht, als geringe Informiertheit das Stimmverhalten und den Ausgang des Volksentscheids beeinflussen kann.",0,373678,2010,0
"„Wir plädieren für eine Distanzierung von der Vorstellung, dass Kreativität und Genialität ‚fremdartig’ sind,“ sagte Professor Haslam.",0,556681,2013,0
"Das Pilotprojekt ""Szenarien für mehr Selbstverantwortung und Wahlfreiheit im Gesundheitswesen"" ist mit finanzieller Unterstützung durch das Sozialministerium Baden-Württemberg, der Landesärztekammer Baden-Württemberg und der Gottlieb Daimler- und Karl Benz-Stiftung zustande gekommen.",0,57215,2002,0
"Um diese Forschung voranzutreiben und inhaltlich weiterzuentwickeln, wurde im April 2010 die Strategische Partnerschaft »Produktivität von Dienstleistungen« ins Leben gerufen.",0,531188,2013,0
"Dies gilt selbst unter Berücksichtigung der Rolle von Selektionseffekten, die sich dadurch ergeben können, dass ohnehin besser integrierte Migranten häufig eine höhere Einbürgerungsbereitschaft mitbringen, also nicht erst durch den neuen Pass auf den Erfolgsweg geführt werden.",0,624783,2015,0
"Welche Hilfe wann und vor allem durch wen geleistet wird, kann so individuell bestimmt werden.",0,124368,2005,0
"„In den Großunternehmen sank dagegen zwischen 2001 und 2009 die Nettobeschäftigung um 1,2 %.",0,534515,2013,0
Die Ergebnisse sind ab sofort in gedruckter Form als Produktivitätsleitlinien verfügbar.,0,531188,2013,0
"Die molekularen Ursachen der Thermostabilität von Proteinen liegen allerdings noch weitgehend im Dunkeln, da sich homologe Proteine aus mesophilen und thermophilen Organismen meist sehr stark in ihrem Aufbau, d. h. in ihrer Aminosäuresequenz unterscheiden.",0,21425,2000,0
"Wie sich das für die rationale und effiziente Entwicklung neuer Medikamente nutzen lässt, wird auf dem Workshop diskutiert.",3,441462,2011,0
Volkskundlerin Hänel hat alle Ausgaben gesichtet und die wichtigsten Artikel hinsichtlich Wortwahl und Inhalt analysiert.,0,70274,2003,0
Denn in diesem komplexen Umfeld lassen sich mit dem System zum Beispiel Trainingsszenarien optimal durchführen: So kann ein Ausbilder mit Hilfe des dreidimensional visualisierten Schiffsmodells völlig gefahrlos einen Havariefall für die Kursteilnehmer simulieren.,1,33591,2001,0
Darüber hinaus hat auch die regionale Raumplanung großen Einfluss auf den Standort der Windkraftanlagen.,0,597650,2014,0
Besonders gut wird die Erreichbarkeit der Lehrenden und deren Beratung wahrgenommen: 82 Prozent der Teilnehmerinnen und Teilnehmer geben hier ein positives Urteil ab.,0,632466,2015,0
"Die ersten Auswertungen der Interviews mit den Neunzehnjährigen bestätigen, dass in beiden Kulturen Vertrauen und Intimität zwar wichtig bleiben, dass aber zugleich gesehen wird, dass Freundschaften in ein Netz aus anderen Beziehungen eingebettet sind und Raum für die Entfaltung von Individualität lassen müssen.",3,53001,2002,0
"Eine EU-Studie belegt, dass der Niedriglohnanteil in Deutschland bereits im Jahr 2000 erstmals über dem EU-Durchschnitt lag.",0,142462,2006,0
"Zum Vergleich: Im europäischen Durchschnitt lag diese bei 7,5 % und OECD-weit bei 5,4 %.",0,547677,2013,0
"Die etwas geringere Neigung zur Unternehmensgründung in Baden-Württemberg ist für die Ex-perten allerdings noch kein Alarmsignal: Wesentlich für die von den jungen Unternehmen erhofften Impulse für den regionalen Arbeitsmarkt und den Strukturwandel ist für die Wissenschaftler, ob die Firmen überleben und wachsen.",0,12332,1999,0
"Die MARGO-Projektmitglieder, ein internationaler Zusammenschluss der nächsten Generation von Experten auf dem Gebiet der Klimarekonstruktion, haben nun die längst fällige globale Überarbeitung vorgelegt.",1,296984,2009,0
In kurzen Beiträgen berichten die verschiedenen Institutionen - staatliche und nichtstaatliche Einrichtungen - über ihre wichtigsten Aktivitäten und größten Erfolge im zurückliegenden Jahr.,0,477839,2012,0
„Am Beispiel des Strontiumtitanats konnten mithilfe einer pyroelektrischen Messmethode die dynamischen defektchemischen und physikalischen Transportprozesse in externen elektrischen Feldern auf atomarer Skala studiert werden.,0,624936,2015,0
"Aber wir wissen natürlich noch nicht, wie sich die Kampagnen in der heißen Wahlkampfphase entwickeln werden.",3,373678,2010,0
"> Das Fraunhofer-Institut für System- und Innovationsforschung ISI untersucht Chancen technischer Entwicklungen und deren Auswirkungen auf Wirtschaft, Staat, Gesellschaft und Umwelt.",0,221444,2007,0
"Die ""Magdeburger Alternative"" weist nach der IMK/WSI-Analyse wiederum so schwerwiegende methodische Probleme auf, dass die positiven Prognosen über 1,8 Millionen zusätzliche Arbeitsplätze und einen fiskalischen Nettogewinn nicht nachvollziehbar sind.",1,151995,2006,0
Die Augsburger Projektbeteiligten steuerten darüber hinaus auch die entsprechende echtzeitfähige Betriebssystemsoftware bei.,0,401466,2010,0
"Die Autorinnen Lore Funk und Wenka Wentzel setzen sich in ihren Untersuchungen mit den Wünschen, Werten und Berufsvorstellungen junger Frauen auseinander.",0,600863,2014,0
Die frei zugängliche Veröffentlichung umfasst auch 10 Patientenanhänge und 2 Videosequenzen.,0,284525,2008,0
"Der Fokus der Untersuchungen lag nicht nur auf Bereichen, die typischerweise mit dem Tanzen in Verbindung gebracht werden, wie Stand-, Körperhaltung und Reaktionszeit, sondern auch auf der Motorik, Sensorik, Aufmerksamkeit, Denk- Merkfähigkeit, sowie der subjektiven Lebenszufriedenheit und der Leistungsfähigkeit des Herz-Kreislaufsystems.",0,520842,2013,0
"Daneben erfülle der Wald weitere Schutzfunktionen, wie den Erosions- oder Lawinenschutz und diene zusätzlich dem Menschen als Erholungs- und Erlebnisraum.",0,306430,2009,0
"In den südeuropäischen Ländern variiert der Mindestlohn zwischen 2,82 und 4,22 Euro, während die Mindestlöhne in den mittel- und osteuropäischen Ländern zwischen 0,53 und 1,76 Euro liegen.",0,191962,2007,0
Neue Impfstoffe und Zelltherapeutika sollen genau diesen Mechanismus nutzen – aber noch ist vieles über die Arbeitsweise dieses „James Bond des Immunsystems“ unbekannt.,3,645813,2016,0
"Die Bundesregierung solle sich im Rahmen ihrer EU-Präsidentschaft für die Entwicklung einer europäischen Mindestlohnpolitik stark machen, die auf eine koordinierte Mindestlohnnorm abzielt, empfiehlt der WSI-Tarifexperte Dr. Thorsten Schulten.",0,191962,2007,0
"Defizite bestehen insbesondere bei der klinischen Forschung sowie bei der Überführung in die Kostenerstattung durch die Gesetzliche Krankenversicherung, eine wichtige Voraussetzung für die breite Nutzung innovativer Technik in der Gesundheitsversorgung.",0,323164,2009,0
"Simulationsstudie Maßgeblich für die Überzeugungskraft der Ergebnisse ist die Tatsache, dass sie sich auch in simulierten Gerichtsprozessen bewährt haben.",0,141418,2005,0
"Zum europäischen Tag der Agrobiodiversität erklärt das BfN: Fortschritte im Erhalt der biologischen Vielfalt können Naturschutz und Landwirtschaft nur gemeinsam erreichen Bonn, 28. September 2007: Nach Ansicht der Experten des Bundesamtes für Naturschutz (BfN) ist der Schutz der Agrobiodiversität eine der wichtigen Aufgaben des Naturschutzes in Deutschland und Europa.",1,227776,2007,0
"Konkret heißt das: Seit dem Jahr 2005 hat die Bundesregierung die jährlichen Investitionen in FuE um rund drei Milliarden Euro erhöht, von neun Milliarden auf mittlerweile zwölf Milliarden Euro in 2009.",0,303718,2009,0
"Es gibt sehr viele abiotische Faktoren, deshalb sind Verbreitungsmodelle immer eine komplizierte Angelegenheit.",0,516925,2013,0
"Gefragt wurde unter anderem nach Einschätzungen zu Vertrauenswürdigkeit, Fürsorglichkeit, Stärke oder Durchsetzungsvermögen.",0,636586,2015,0
- Die Kosten für die laufende Betreuung und Koordination ausländischer Produktionsstandorte werden häufig nicht richtig zugewiesen.,0,221444,2007,0
"Der Volksentscheid ist bei vielen Bürgern noch nicht angekommen Inzwischen liegen erste Ergebnisse aus über 1300 Interviews vor, die zwischen dem 25. Mai und 7. Juni geführt wurden.",0,373678,2010,0
"Zum einen dürften höhere Löhne im unteren Einkommensbereich erhebliche Nachfrageeffekte auslösen, da die betroffenen Gruppen zusätzliches Einkommen weitgehend konsumieren.",1,592767,2014,0
"Wir können heute feststellen, dass die schlimmsten Schäden an der Natur in Deutschland bis in die 80er Jahre hinein stattgefunden haben, aber nicht mehr seit Inkrafttreten der FFH-Richtlinie im Jahr 1994.",3,239399,2007,0
Dieser neue Zustand der Materie wird als spontane Vortex-Phase bezeichnet.,0,607636,2014,0
Auch in einzelnen Bereichen des gesellschaftlichen Lebens zeigt sich die Zuversicht belastbar: So bleibt die Stimmung für die allgemeine Wirtschaftslage mit einem leichten Rückgang von zwei Prozentpunkten im Vergleich zum Vorjahreszeitraum weitgehend stabil (39 Prozent).,0,539689,2013,0
"Sie verwendeten funktionelle Magnetresonanz (fMRI), eine nichtinvasive Technik, mit der höhere Gehirnfunktionen wie das Gedächtnis oder die visuelle Wahrnehmung aufgezeichnet und in den Gehirnregionen lokalisiert werden können.",0,142310,2006,0
"Methoden und nutzerfreundliche Computermodelle zu erstellen, die es Landwirten und ihren Partnern in der Wertschöpfungskette erlauben, beste Standorte zu identifizieren und dort Qualitäten zu selektieren (im Anbau und in On Farm-Verarbeitung), um hochwertigen Premiumkaffee zu produzieren, der auch den anspruchsvollsten Verbraucherwünschen genügt; 2.",1,188936,2006,0
"Die Gruppe um Rudolf Martini, Leiter der Sektion Experimentelle Entwicklungsneurobiologie an der Neurologischen Klinik, hat vor einigen Jahren damit begonnen, den Verlauf einer besonders aggressiven und früh einsetzenden Form dieser Erkrankungen zu erforschen.",1,526207,2013,0
"Über diese wissenschaftlichen Leistungen hinaus wurde mit dem Täufel-Preis insbesondere auch die stark interdisziplinäre Ausrichtung des Analysenlabors von Dr. Herderich gewürdigt: Die über 70 wissenschaftlichen Publikationen des Würzburger Forschers würden eindrucksvoll belegen, dass dieser wesentlich zum Erfolg von Forschungen in der Biochemie sowie der Medizinischen, Organischen und Anorganischen Chemie beigetragen habe, wie es in der Laudatio heißt.",1,25284,2000,0
"Ihre Debatte zu Gleichstellungsfragen dokumentiert das Junge Akademie Magazin unter dem Titel ""Das verändert die Welt"".",2,299845,2009,0
Die Zahl der sozialversicherungspflichtigen Stellen hat seit Jahresbeginn weiter zugenommen.,0,637553,2015,0
Zentrales Forschungsziel Punkt war die Entwicklung einer Methodik zur Nutzenmessung auf der Grundlage eines „Standardnutzen-Modells“.,0,569759,2014,0
"Der nächste Schritt müsse nun die Klärung der teilweise sehr auffälligen regionalen Unterschiede zwischen der Klimarekonstruktion und den Modellsimulationen sein, so die beteiligten Wissenschaftler.",3,296984,2009,0
Diese Ergebnisse liefern wichtige Erkenntnisse für das aktuelle Verständnis hinsichtlich der Entstehung von zerebralen Aneurysmen sowie der schädigenden Rolle von beeinflussbaren Risikofaktoren wie Bluthochdruck und Nikotinkonsum in diesem Prozess.,0,592937,2014,0
"Rund um das Thema »Produktivität von Dienstleistungen« gibt es viele Fragen, auf die Wirtschaft und Wissenschaft noch Antworten suchen.",0,531188,2013,0
"Durch die verstärkte Einbeziehung von jungen Frauen und Älteren können sich die Unternehmen nach Meinung Zwicks insbesondere auch kurzfristig gegen den sich abzeichnenden Fachkräftemangel in der deutschen Wirtschaft wappnen, da die Beschäftigung dieser häufig gut ausgebildeten und motivierten Gruppen noch gesteigert werden kann.",0,418847,2011,0
"Fiberio erlaubt es beispielsweise in Banken allen Mitarbeitern, Kundendaten einzusehen.",0,566055,2013,0
"Zudem wurden die Software-Qualitätsmanager und -anwender aufgefordert, in Interviews und in einer Online-Befragung die Wichtigkeit diverser Qualitätskriterien einzuschätzen.",0,363416,2010,0
"Somit bleibt es dabei: Für Patienten, die trotz vollständiger Vorbehandlung mit mindestens einer krankheitsmodifizierenden Therapie eine hochaktive RRMS aufweisen, ist ein Zusatznutzen von Fingolimod gegenüber den zweckmäßigen Vergleichstherapien nicht belegt.",0,646949,2016,0
"Sogenannte ""Standortbezogene Dienste"" oder ""Location Based Services"" werden zur Zeit als kapitalträchtige Zukunftstechnologie gehandelt.",1,37563,2001,0
"Zuerst gelegte Eier sind bevorzugt Die schönen Söhne haben ihren Ursprung nicht wie bisher vermutet in den guten Genen des Vaters, sondern in der mütterlichen Anfangsinvestition in die Eier.",0,443194,2011,0
"Das Verbundforschungsprojekt gliedert sich in fünf Teilprojekte, die sich auf alle Lebensphasen beziehen: •	Denken und bildnerisches Gestalten •	Schreiben und Malen in der Biographie •	Lesen, kreatives Schreiben und Malen als Freizeitbeschäftigung von Grundschulkindern •	Synergieeffekte zwischen kreativem Schreibens und ästhetischem Gestalten •	Persönlichkeitsbildung durch künstlerisches Gestalten Informationen für die Medien: Prof. Dr. Susanne Liebmann-Wurmer Tel.",0,597902,2014,0
"Erfolgsabhängige Vergütungen belohnten bisher Eigeninitiative, Engagement und den Einsatz unternehmerischer Fähigkeiten.",0,58823,2003,0
"Die thematische Bandbreite der Projekte an den Standorten Wernigerode und Halberstadt reicht dabei von der Tourismusforschung im Harz und autarken, per Brennstoffzelle betriebenen Beleuchtungssystemen für Bushaltestellen über die Effizienzsteigerung verwaltungskommunikativer Prozesse zum Nutzen von Unternehmen bis hin zu neuen Verfahren zur Geruchsvermeidung bei der Klärung von Abwässern.",0,404121,2011,0
"Anhand der entwickelten innovativen Filialszenarien möchten die Fraunhofer Forscher verdeutlichen, dass Innovation und Effizienz im Rahmen moderner Geschäftsmodelle in Banken durchaus vereinbar sind.",0,147008,2006,0
Drittens adressieren Cluster-basierte Politiken vor allem Unternehmen und fördern technische Produktinnovationen.,0,638068,2015,0
"„Die Auswirkungen der Fischerei sind immer noch zu hoch, um der großen Mehrheit der Bestände einen guten Zustand zu bescheinigen“, so Probst.",0,524198,2013,0
"Andererseits kann es geschehen, dass die Immunabwehr angreift, was sie beschützen sollte, und autoimmune Krankheiten auslöst.",0,184764,2006,0
"Wir freuen uns, dass diese aus der Grundlagenforschung abgeleiteten Prinzipien nun klinisch eingesetzt werden können.",0,539055,2013,0
"Nachdem Alternativenergie heute in Europa aber in recht unterschiedlichem Ausmaß genutzt wird und die Länder von unterschiedlichen Niveaus losstarten, wurden für die einzelnen Länder auch unterschiedliche Zielsetzungen vereinbart: Österreich soll bis 2020 folglich 34% seiner Energie aus erneuerbaren Quellen beziehen.",0,522990,2013,0
"Bochum, 20.10.1999 Nr. 242 Image von Gefängnissen stark ramponiert Abschreckung statt Resozialisierung im Trend Bochumer Langzeitstudie zur Einstellung der Bevölkerung Resozialisierung ist für nur noch rund 41,3 % der Bevölkerung in Bochum die primäre Aufgabe der Strafvollzuges; 1975 sahen immerhin 61,2 % darin das erste Ziel, 1987 stimmten noch 47,5 % dem zu.",0,14877,1999,0
Das Verständnis hierzu ist mit den Eigenschaften von Neutrinos verbunden.,0,408124,2011,0
Im Subsystem Wissenschaft ist Deutschland von Rang 11 auf Rang 8 vorgerückt.,0,564747,2013,0
"Die Berechnung der Prognose für 2002 stützt sich hinsichtlich des längerfristigen Wählerrückhalts, den SPD und Grüne bei den Wählern langfristig genießen, auf den Wert von 43,3%.",0,50348,2002,0
Jeder Zweite (51%) schätze seine persönliche finanzielle Lage positiv ein.,0,280861,2008,0
"Dabei stehen die Hochschulen mit der Umstellung auf die neue Studienstruktur vielfach noch am Anfang, häufig sind die Geburtswehen der Bachelor-Einführung noch nicht richtig abgeklungen und noch sehen sich viele Bachelor-Studierende in der unkomfortablen Rolle eines Versuchskaninchens.",3,246423,2008,0
"Im Mittelpunkt werden die Ergebnisse der neuen Trendstudie ""Bank & Zukunft 2006"" stehen.",0,147008,2006,0
"„Es wird von Jahr zu Jahr wichtiger, das investierte Geld auch wirklich richtig einzusetzen“, sagt Niki Popper, ein Absolvent der TU Wien, der nun bei der dwh GmbH forscht und in enger Kooperation mit der Forschungsgruppe von Prof. Felix Breitenecker (Institut für Analysis und Scientific Computing, TU Wien) und anderen Instituten an der TU Wien für verschiedene Kunden Modelle und Simulationen entwickelt.",0,524655,2013,0
"Die Bundesregierung hat das Berichtswesen zu Forschung und Innovation neu geordnet und wird ab März 2008 regelmäßig Gutachten zu Forschung, Innovation und technologischer Leistungsfähigkeit vorlegen.",0,217916,2007,0
"„Ihre Strategie können Spieler trainieren und unter Drucksimulationstraining perfektionieren, um Automatismen zu entwickeln und so die Elfmeter-Angst zu reduzieren“, erklärt Froese.",0,525101,2013,0
Die Bilanzbroschüre kann im IAO-Shop zum Preis von 35 Euro bestellt werden.,0,585564,2014,0
"Die Forscher hoffen nun, dass sich aus ihren Erkenntnisse langfristig Therapien entwickeln lassen, die das Gehirn von Parkinson-Kranken so stimulieren, dass zerstörte Nervenzellen durch neue ersetzt werden können.",1,148243,2006,0
Sie ist Teil des Gesamtprojekts «Nachhaltiges Gesundheitssystem» der Akademien der Wissenschaften Schweiz und ist am 29. März 2012 an einer Tagung in Bern vorgestellt worden.,0,470200,2012,0
"Nach einer erneuten Modifikation des Anwendungsgebiets durch die Zulassungsbehörden hat der Gemeinsame Bundesausschuss (G -BA) das Institut für Qualität und Wirtschaftlichkeit im Gesundheitswesen (IQWiG) erneut beauftragt, den Zusatznutzen des Wirkstoff gemäß Arzneimittelmarktneuordnungsgesetz zu überprüfen.",0,646949,2016,0
Am skeptischsten zeigten sich die Leipziger für die Zukunft des Landes: Lediglich 15 Prozent sähen die deutschen Aussichten positiv.,3,280861,2008,0
"Gesteuert werden sollen die einzelnen Bereiche der Holding, in der Regel Lehrstühle oder so genannte ""Areas"", über Zielvereinbarungen.",0,52237,2002,0
Bei einem großen Teil der untersuchten Kraftfahrer ergibt sich aufgrund der Untersuchung eine negative Verkehrsprognose.,0,70667,2003,0
Die regionale Partnerschaft ist auch für Landrat Ralf Drescher eines der Schlüsselelemente im Projekt.,1,483780,2012,0
"In den renommierten Fachjournalen Journal of Neuroscience und Brain haben Mitglieder der Forschergruppen in Marburg und Paris nun zwei weitere Publikationen veröffentlicht, die zum einen ihre Ergebnisse im Versuch an Primaten bestätigen und zum anderen einen bislang unbekannten Selbsthilfemechanismus des Gehirns aufdecken.",0,148243,2006,0
"Dabei berechnete und simulierte er, welche Materialbelastungen theoretisch zu einem Bruch des Brettes führen und verglich diese Daten mit den Sprüngen, Loops und rasanten Fahren, die von den Sportlern in der Praxis ausgeführt wurden.",1,117847,2005,0
"Als Leiter der Obergutachterstelle wurde - mit Inkrafttreten der neuen Fahr-erlaubnis Verordnung (FeV) am 01.01.1999 - vom Ministerium Professor Dr. Egon Stephan, Direktor des Psychologischen Instituts der Universität zu Köln, bestellt.",0,70667,2003,0
Mehr als 80 Prozent der Unternehmen sehen eine kräftige Ausweitung der Nachfrage als notwendige Voraussetzung für mehr Innovationen.,0,110794,2005,0
Die niedergelassenen Ärzte beurteilen das deutsche Gesund­heitswesen weitaus positiver als die Patienten.,1,148698,2006,0
Alle Arbeiten bereiten ein Demonstrationskraftwerk vor; kommerzielle Anlagen könnten damit ab der Jahrhundertmitte ans Netz gehen.,0,145375,2006,0
"Bei den MMPs und TIMPs handelt es sich um Enzyme, deren ausgewogene Interaktion für einen komplikationslosen Wundheilungsverlauf von wesentlicher Bedeutung ist.",1,60163,2003,0
"Es zeigt sich, dass neben der Betriebsgröße, dem Wirtschaftssektor und anderer Arbeitsplatzmerkmale insbesondere die soziale Herkunft der Hochschulabsolventen maßgeblich darüber entscheidet, ob sie eine Führungsposition erreichen.",1,456020,2011,0
"Die Resultate bilden die Basis für ein übereinstimmendes Votum der Fachleute, dass der Zeitpunkt gekommen ist, um die Normen zu modernisieren.",0,51804,2002,0
"Den letzten Abschnitt des Handbuchs bildet eine Sammlung praktischer Methoden und Instrumente, die die tägliche Arbeit in Naturschutzprojekten unterstützt.",0,72014,2003,0
"Auf dem ECI 2009 stellt EFIS ein Buch vor, in dem das Immunsystem leicht verständlich dargestellt wird.",1,332897,2009,0
"In ihrem Grußwort zur Veranstaltung erklärte Kornelia Haugg (Leiterin der Abteilung Berufliche Bildung, Lebenslanges Lernen) vom Bundesministerium für Bildung und Forschung: ""Das BMBF will mit dem Programm ""Innovationen mit Dienstleistungen"" dazu beitragen, dass die deutsche Position im Dienstleistungsbereich die gleiche Exzellenz erreicht, die Deutschland im industriellen Produktionsbereich bereits auszeichnet.",0,226065,2007,0
Betrachtet wurden sowohl verschiedene Standortbedingungen als auch unterschied-lich anspruchsvolle naturschutzfachliche Anforderungen.,0,470823,2012,0
"Diese Ergebnisse fließen in unsere unter Open Source-Lizenz veröffentlichte Security-Laufzeitumgebung secRT und das eperi XML Gateway ein und werden ab 2015 auch in unsere kommerziellen Produkte integriert sein.“ Am Projekt „Innovative Dienstleistungen im zukünftigen Internet“ waren folgende Unternehmen und Forschungspartner aus der Cluster-Region beteiligt: 1&1 Internet AG, CAS Software AG, ConWeaver GmbH, eperi GmbH, EUROSEC GmbH, die Fraunhofer-Institute für Graphische Datenverarbeitung IGD, Sichere Informationstechnologie SIT und Techno- und Wirtschaftsmathematik ITWM, FZI Forschungszentrum Informatik, IMC AG, Insiders Technologies GmbH, intelligent views gmbh, Karlsruher Institut für Technologie KIT, SAP AG, Scheer Management GmbH, SEEBURGER AG, Software AG, TU Darmstadt.",0,594324,2014,0
"Doch tatsächlich ist das Problem auch in der Schweiz eher verschoben als vollständig gelöst: Eine wachsende Zahl von Versicherten unterliegen der so genannten ""Leistungssistierung"": Weil sie mit ihren Beiträgen im Rückstand sind, haben sie keinerlei Anspruch auf Versicherungsleistungen, ein Zwangsvollstreckungsverfahren läuft.",1,291121,2008,0
"Ein Entwickler für hoch-sicherheitskritische Steuerungssysteme stellt andere Anforderungen an die Qualität als einer für Entertainment-Systeme"", sagt Informatik-Professor Manfred Broy von der TU München und Leiter des Quamoco-Projektes.",0,363416,2010,0
"Das jetzt vorgelegte Ergebnis kann sich sehen lassen: ""In Lüneburg kann die Erziehungswissenschaft zu den Glanzlichtern nicht nur der regionalen, sondern auch der nationalen und internationalen Bildungsforschung gerechnet werden.""",3,47188,2002,0
Sowohl die Körperbewegungen der Fische als auch die erzeugten Wasserstrahlen wurden gefilmt und in Zeitlupe untersucht.,0,602027,2014,0
"Neue Methode für kundenindividuelle Produktion In Zeiten wie diesen mit einer guten Konjunktur haben Anbieter von kundenindividuellen Produktionen ein ""Luxusproblem"": Bei guter Auftragslage überschreitet die Nachfrage das Produktionsvermögen.",0,261965,2008,0
Immerhin 17 Prozent der Befragten sehen aktuell keinen Handlungsbedarf bezüglich Qualitätsverbesserungen im Internet (siehe Abbildung 1).,0,540117,2013,0
Auswahlkriterien sind neben der wissenschaftlichen Exzellenz auch der Innovationsgehalt der Forschungsprojekte.,0,179539,2006,0
"Wie Evolutionsökologen der Universität Zürich zusammen mit Biologen der Macquarie University in Sydney herausfanden, sind mit Männchen ausserhalb der Paarbeziehung gezeugte Söhne schöner: Ihr farbiger Federschmuck ist ausgeprägter als jener der genetischen Nachkommen des verpaarten Männchens.",0,443194,2011,0
"OP-Masken sind im Design Partikel filtrierenden Halbmasken ähnlich, die am Arbeitsplatz beispielsweise vor Schleifstaub schützen sollen.",0,147560,2006,0
"Für den Einsatz in B-Zellen hat das Immunsystem somit den Pfad der PCNA-Ubiquitinierung für sich so maßgeschneidert, dass hohe Mutationsraten in bestimmten Teilen der Antikörpergene auftreten.",0,183449,2006,0
"Die Forscher versprechen sich davon, Menschen mit Nervenschädigungen oder neuronalen Erkrankungen in Zukunft effektiver behandeln zu können.",3,505178,2012,0
"Neben der Neutronenverteilung erlauben die Hochleistungsrechnungen auch, damit verbundene physikalische Größen vorherzusagen, die in Präzisionsmessungen künftig experimentell untersucht werden.",0,640713,2015,0
Das zeigt eine Analyse des Wirtschafts- und Sozialwissenschaftlichen Instituts (WSI) in der Hans-Böckler-Stiftung.,0,590336,2014,0
Im Rahmen einer Diplomarbeit am Institut für Geoinformatik der Universität Münster entwickelt und testet Kai Jens Altgott zur Zeit den Prototypen eines mobilen Stadtinformationssystems (MoSIS) für das Stadtgebiet Münsters als praktisches Beispiel für die Umsetzung solcher standortbezogenen Dienste.,0,37563,2001,0
Indikatoren für die Forschungsleistung sind dabei vorrangig Anzahl und Zitationsrate von Publikationen sowie Nobelpreise und Fields-Medaillen.,0,437633,2011,0
"Jüngst wurde gezeigt, dass insbesondere junge Patienten von einem früheren Einsatz der Tiefen Hirnstimulation sehr profitieren können.",0,539055,2013,0
Die Gestaltung von Produkt- und Serviceinnovationen in Unternehmen kann in vielfältiger und sinnvoller Weise durch das Internet und Online-Tools unterstützt werden.,0,179237,2006,0
"Auch die Wirtschaft hat trotz Krise die Ausgaben in diesem Zeitraum weiter gesteigert – um rund 19 Prozent (das entspricht 7,4 Milliarden Euro).",3,370249,2010,0
"Zellklone, die selber keinen Wachstumsfaktor produzieren, haben einen Wettbewerbsvorteil, weil sie den Faktor von produzierenden Zellen verwenden können, ohne selber für die «Produktionskosten» aufzukommen.",1,622360,2015,0
"Dem Zufolge lauten zwei ausgewählte Schlüsselergebnisse der Studie: - Der Netto-Effekt auf die Beschäftigung in den 27 EU-Mitgliedstaaten beträgt im Vergleich zum hypothetischen Szenario, in dem die Förderung erneuerbarer Energien aufgegeben wird, etwa 115.000 - 200.000 Beschäftigten im BAU Szenario und zwischen 396.000 und 417.000 Beschäftigten im ADP Szenario.",0,318659,2009,0
Vertragsstaatenkonferenz des Übereinkommens über die biologische Vielfalt (CBD-COP 9) geleistet werden.,0,222917,2007,0
"Die Psychologen sehen einen direkten Zusammenhang von Leistungsbereitschaft und kompetitivem Durchsetzungsvermögen mit einer modernen, auf Flexibilität und Selbstbestimmung ausgelegten Erziehung.",0,625208,2015,0
"Die beste Möglichkeit, dies zu vermeiden, ist die Ausdehnung dieses Marktes sowie die Schaffung neuer Dienstleistungen, was genügend Platz sowohl für etablierte als auch für mögliche neue Anbieter schaffen würde.",0,474849,2012,0
"In besonders betroffenen, ländlichen Regionen werden immer weniger und meist ältere Menschen leben, so dass Dienstleistungsmodelle zunehmend an Bedeutung gewinnen.",0,397599,2010,0
Das Fraunhofer-Institut für System- und Innovationsforschung ISI analysiert Entstehung und Auswirkungen von Innovationen.,0,564747,2013,0
"Das zeigt Gesundheitsanbietern, welche Art von Betreuung Menschen bekommen, sei es in einem Pflegeheim oder in einem Krankenhsus.",0,606206,2014,0
"Das Bundesverkehrsministerium förderte mit insgesamt 130 Millionen Euro die Modellregionen Berlin/Potsdam, Bremen/Oldenburg, Hamburg, München, Rhein-Main, Rhein-Ruhr, Sachsen und Stuttgart.",0,460670,2012,0
"Töpfer skizzierte zunächst das wissenschaftliche Programm, das in der ersten Phase begonnen werden soll - sowie den Aufbau der Instituts-Strukturen.",0,323387,2009,0
"Die Befragten sollten ihren Arbeitsalltag und einen typischen Bestattungsfall schildern - mit erstaunlich einheitlichem Ergebnis: ""Nach den Interviews zu schließen, führen Bestatter den ganzen Tag über nur Beratungsgespräche und spenden den Hinterbliebenen Trost"", so Hänel.",2,70274,2003,0
Die Europäische Südsternwarte ESO (European Southern Observatory) ist die führende europäische Organisation für astronomische Forschung und das wissenschaftlich produktivste Observatorium der Welt.,2,521115,2013,0
Das sind lediglich drei Prozentpunkte weniger als vor einem Jahr.,1,539689,2013,0
"Vorgestellt werden neue polymere Additive zur Antistatik-Ausrüstung von Duromeren und SMC (sheet moulding compounds), mittels derer die z.B. für elektrostatische Lackierung und für Anwendungen in der Elektronik nötigen antistatischen Eigenschaften bei Kunststoffbauteilen ohne Einbußen bei mechanischen Eigenschaften, Verarbeitungsverhalten und Transparenz dauerhaft und zudem preiswert eingestellt werden können (Bild 2).",1,556217,2013,0
Insgesamt präsentieren sich rund 20 Innovationen aus vom Bundesforschungsministerium geförderten Projekten auf der vom 8. bis 13. Juni in Hannover stattfindenden Interschutz 2015.,0,632087,2015,0
Schäden am Haus trüben dagegen das Glück.,0,630227,2015,0
"Dass in der deutschen Debatte um eine allgemeine Lohnuntergrenze nach wie vor „teilweise apokalytische Drohungen“ mit Arbeitsplatzverlusten kursierten, erklären die Forscher auch damit, dass neuere Erkenntnisse aus internationalen Untersuchungen auch in Expertenkreisen noch „vielfach ignoriert“ würden.",2,592767,2014,0
"Während die inkrementellen Innovationsvorhaben im Betrieblichen Vorschlagswesen bürokratisch administriert werden, fehlen für Innovationen mit höherem Neuigkeitsgrad oft schon Anlaufstellen, sind die Zuständigkeiten ungeklärt etc.",0,191232,2007,0
"Der private Konsum zeigt sich stabil, das verarbeitende Gewerbe und das Baugewerbe sind gut in das neue Jahr gestartet, und auch die Situation am Arbeitsmarkt hat sich noch einmal verbessert.",0,633315,2015,0
"Bislang besagt die Theorie, dass die drei Ebenen übereinstimmen, u.a. weil sie alle denselben Prozessen ausgesetzt sind.",0,498223,2012,0
"Hier sind 73 Prozent der Frauen zuversichtlich in Hinblick auf ihr persönliches Leben, aber nur 65 Prozent der Männer.",0,251843,2008,0
"Insbesondere in der IKT und in der Maschinenbaubranche erreichen Unternehmen, deren Akteure intensiv das Internet nutzen, höhere Innovationsgrade.",0,179237,2006,0
"Schütze und Torwart, wenn sie sich vollständig rational verhielten, müssten mit folgender Wahrscheinlichkeit nach dem Nash-Gleichgewicht die jeweiligen Zonen des Tors wählen: Der Torwart mit 52 % die bevorzugte Seite des Schützen, der Schütze dagegen nur mit 42 % seine bevorzugte Seite.",0,595386,2014,0
"Dabei schneiden die innovativeren Typen auch in ihrer geschäftlichen Performance besser ab: ""Es gilt die Formel: innovativer gleich wirtschaftlich erfolgreicher"", zieht Prof. Paul Bilanz.",0,174296,2006,0
"Diese Schranken befaehigen I-Neurone, rapide ihren Fokus von einem Neuron zum anderen, mit welchem sie verbunden sind, zu verschieben.",1,17231,2000,0
"So läßt sich die menschliche Wahrnehmung, wie jedermann täglich feststellen kann, durch besagte Helligkeitsschwankungen im allgemeinen nicht irritieren.",0,16305,1999,0
Bestehende Datenschutz-Mängel lassen sich damit rechtzeitig erkennen und noch während der Technologieentwicklung korrigieren.,0,648014,2016,0
"In Kroatien freuen sich 31 Prozent der Befragten auf die Fußballspiele, in Griechenland 35 Prozent.",0,263257,2008,0
"Leicht angestiegen ist auch die Zuversicht für die persönliche finanzielle Versorgung im Alter, bei Krankheit und Pflege (plus drei bzw. vier Prozentpunkte).",3,485454,2012,0
Nach Beendigung dieses Trainings wurden die Versuchspersonen wiederum auf fluide Intelligenz getestet und ihre Leistungen wurden mit jenen von untrainierten Gruppen verglichen.,0,257608,2008,0
In diesen Gruppen liegen die Anteile von Niedriglohnbeschäftigung deutlich über ihren Anteilen an der Beschäftigung in der Gesamtwirtschaft.,1,142462,2006,0
"Die genaue Verteilung im Körper, in den Organen und Blutbahnen, ist individuell sehr verschieden und lässt sich mittels ausgefeilter bildgebender Verfahren darstellen.",0,277736,2008,0
Aus der Sicht menschlicher Nutzungsansprüche sollten aber nicht nur landwirtschaftliche Versicherungs- und Dienstleistungswerte der Biodiversität betrachtet werden.,0,258558,2008,0
Leistungen für Hinterbliebene sollten aus Steuermitteln finanziert werden.,0,326174,2009,0
Auf der Produktebene gingen die Einschätzungen von Handel und Herstellern laut den neuesten Umfrageergebnissen allerdings wieder stärker auseinander: Von den befragten Händlern sahen 70 Prozent Nachhaltigkeit als „sehr starken“ oder „eher starken“ Motor für Produktinnovationen an.,0,626912,2015,0
"Diese ""hybriden Leistungsbündel"" untersucht Dr. Daniel Kortmann in seiner Doktorarbeit.",0,261965,2008,0
"Beschäftigungsanteile Von 1993 bis 1998 sind die Arbeitnehmerzahlen für alle Wirtschaftsbereiche nur geringfügig gestiegen, in den Oberzentren Würzburg und Schweinfurt sowie in den Landkreisen Bad Kissingen und Rhön-Grabfeld sogar gesunken.",1,49485,2002,0
"Doch welche Faktoren geben letztendlich den Ausschlag, ob die Behörde, die Klinik oder der Telekommunikationsanbieter ihre Nutzer zufrieden stellen können?",3,21728,2000,3
Im ersten Kapitel geht es um Ansatzpunkte einer Politik für nachhaltiges Wirtschaften.,0,68360,2003,3
Der Vorschlag einer damit gekoppelten Hochschulprämie zusätzlich zur Programmpauschale ist ein sichtbares Signal zur Stärkung der Universitäten in den Kooperationsverbünden.,1,645504,2016,3
Austausch von Wissen ist wichtig In ihrer Untersuchung arbeiten die Forscher die Bedeutung von Ressourcen und Kompetenzen erfolgreicher Innovatoren heraus.,0,174296,2006,3
Die Zukunftsforen finden im Rahmen des Arbeitskreises „Herausforderung Unternehmen 2.n – Nachhaltige Strategien für eine global vernetzte Ökonomie“ statt.,0,531704,2013,3
Nun können die Forscher mit ersten Ergebnissen aufwarten.,0,526207,2013,3
"Das Institut für Internet-Sicherheit ist die erste Institution in Deutschland, die von der staatlichen Vergabestelle für Berechtigungszertifikate (VfB) berechtigt wurde, eine solche Anmeldemethode für Webseitenbetreiber bereitzustellen.",1,520287,2013,3
PM 82/2004 Die Bewirtschaftung von Sandäckern verursacht der modernen Landwirtschaft große Sorgen: Mehr als zehn Prozent der landwirtschaftlich genutzten Flächen gelten als ertragsschwache Ackerstandorte.,1,81586,2004,3
"3000m² mit High Tech Infrastruktur, wie Forschungsreinraum und Labor-, Mess-, Prüfeinheiten zur Verfügung.",0,629995,2015,3
"Aufklärung und Sensibilisierung Zwar gibt es durchaus wirkungsvolle Sicherheitsmechanismen, offenbar nutzen viele Kunden diese aber nicht oder deaktivieren sie versehentlich.",1,92384,2004,3
Durch die energetische Sanierung und Optimierung werden in erheblichem Maße schädliche CO2-Emissionen eingespart.,2,318442,2009,3
"Gruppe drei führte dagegen ein Mehrsatztraining ohne Eiweißgabe mit zwei bis drei Durchgängen je Übungseinheit durch, Gruppe vier bildete die Kontrollgruppe ohne Training und Proteingabe.",0,585542,2014,3
Auch für Stefan Lenk (REWE Lenk) war Energie ein wichtiges Thema.,1,626912,2015,3
Das CalLab PV Modules des Fraunhofer ISE kann durch eine präzisere Leistungsmessung zukünftig noch zuverlässigere Ergebnisse für die Bewertung der Qualität von PV-Modulen liefern.,3,607034,2014,3
"Die Wissenschaftler stellten fest, dass erfolgreiche Produktinnovatoren sehr viel häufiger die verschiedenen Internetanwendungen nutzen.",0,181170,2006,3
"Bei der durchschnittlichen Präsenz auf Hauptversammlungen sei somit davon auszugehen, dass der Großaktionär das gesamte Unternehmen dominiert und wesentliche Entscheidungen beeinflusst.",1,643021,2015,3
"„Die Gruppenzugehörigkeit ist eine Grundlage dafür, dass bestimmte Formen von Originalität angesehen oder zurückgewiesen werden“, so Dr. Haslam, der gemeinsam mit internationalen Kollegen an einem kürzlich im Personality and Social Psychology Review erschienen Artikel gearbeitet hat.",0,556681,2013,3
Damit haben sich die aus früheren Studien bekannten attraktiven Sicherheitseigenschaften in der neuen Studie bestätigt: Katastrophale Unfälle sind in einem Fusionskraftwerk unmöglich.,0,145375,2006,3
Die Logistikwirtschaft in Niedersachsen ist nicht nur aufgrund der hohen Beschäftigtenzahl ein wichtiger Wirtschaftszweig.,1,622516,2015,3
"Das macht gleichfalls deutlich, dass Umweltprobleme nicht mehr allein, sondern immer stärker im Gesamtzusammenhang betrachtet werden müssen.",0,207852,2007,3
"Höhere Marktlöhne seien für die Zielgruppe der Arbeitsgelegenheiten selten erreichbar - schließlich sei dieses arbeitsmarktpolitische Instrument für schwer vermittelbare Langzeitarbeitslose bestimmt, so das IAB.",1,112829,2005,3
"Diese Erkenntnisse sind aus einem Abgleich der Datenbasis des DIN mit den Daten des Mannheimer Innovationspanels (MIP) gewonnen worden, der im Rahmen des Deutschen Normungspanels (DNP) durchgeführt wurde.",3,556064,2013,3
"Zeitgleich entstanden aber durch Gründungen und Unternehmenswachstum so viele neue Beschäftigungsangebote, dass im Mittelstand der Arbeitsplatzverlust mit einem Plus von 13,6 % mehr als ausgeglichen worden ist“, erläuterte IfM-Präsidentin Professor Friederike Welter.",0,534515,2013,3
Im Hinblick auf das Herz-Kreislauf-Risiko und die Herzgröße zeigten sich dagegen keine relevanten Unterschiede.,0,585542,2014,3
Insbesondere ist auch ohne Wundheilungsstörung eine positive Beeinflussung der Wundheilung möglich.,0,173140,2006,3
"Die Dokumentation mit dem Titel ""Dienstleistungsstandards in erfolgreichen Internationalisierungsstrategien"" kann für 88 € über den Beuth Verlag unter www.beuth.de bestellt werden.",0,300921,2009,3
"""Die finanzielle Förderung von Arbeitsverhältnissen, die von Privathaushalten selbst begründet werden, fällt im Ergebnis deutlich höher aus als die Entlastung der Kund/innen von Dienstleistungsagenturen"".",1,66996,2003,3
Besonders stark wächst der Lohn bei Zuwanderern aus ärmeren Ländern.,2,624783,2015,3
"""Insgesamt müssen die Rahmenbedingungen für Frauenerwerbstätigkeit verbessert werden, die Vereinbarkeit von Beruf und Familie erleichtert, das Steuer- und Sozialversicherungssystem modernisiert und die Anreize zur Aufspaltung von Arbeitsverhältnissen (in Minijobs) verringert werden,"" fordert Weinkopf.",0,284575,2008,3
Ein ähnliches Bild ergibt sich beim Bezug von Dienstleistungen.,0,168604,2006,3
Der Verlust der Sehfähigkeit aufgrund der Degeneration der Zellen der Retina im Kindesalter von etwa 7-10 Jahren ist das erste Symptom mit der die Erkrankung überhaupt erst erkannt wird.,1,629788,2015,3
"Am skeptischsten beurteilen die Portugiesen (6%), die Italiener (9%) und die Franzosen (15%) die derzeitige Lage ihrer Länder.",1,263257,2008,3
"Für das gesamte Bundesgebiet können hier die Strohressourcen recherchiert werden, die für verschiedene Bilanzierungsmethoden die zur Verfügung stehende Strohmenge als Zahlenwert anzeigt.",0,439475,2011,3
"„Für einige Bereiche gibt es Belege dafür, dass geeignete Maßnahmen funktionieren“, sagte Dr. Peter Smith, em.",3,606206,2014,3
"Pressemitteilung Heidelberg, 22. März 2013 Die Angst des Schützen beim Elfmeter Dissertation erforscht Leistungsverbesserungen durch gezieltes Strafstoß-Training Fußballspieler können Elfmeterschießen trotz der extremen Stresssituation mit bestimmten Strategien gezielt trainieren und somit ihre Erfolgschancen beim Torschuss deutlich erhöhen.",0,525101,2013,3
"Die Vielfalt von Pflanzen, Heuschrecken und Schmetterlingen sank insgesamt am stärksten durch eine intensive Landnutzung.",1,568060,2014,3
"Zunächst nur als Ranking für ganze Hochschulen begonnen, gibt es seit 2007 auch ein Ranking für fünf breite Fächergruppen, darunter Naturwissenschaften, und seit 2009 für fünf einzelne Fächer: Mathematik, Physik, Chemie, Informatik und Wirtschaftswissenschaften.",0,437633,2011,3
"In diesem Sinne sind weitergehende Forschungs- und Entwicklungsprojekte aufgrund der anstehenden Herausforderungen notwendig“, so Dr. Thomas Hillenbrand.",3,397599,2010,3
"Anhand der Relation zwischen der Anzahl Treffer und der Ausprägung von positivem und negativem Perfektionismus konnte gezeigt werden, dass die besten Ergebnisse von den Sportstudenten erzielt wurden, bei denen beide Seiten des Perfektionismus hoch ausgeprägt waren.",1,282648,2008,3
"Hierzu bedarf es auch der politischen Flankierung, d. h. zukunftsweisender Normen und Vollzugsstandards sowie marktwirtschaftlicher Anreize, aus denen der umwelttechnische ""Pionier"" Innovationsimpulse ziehen kann.",0,199472,2007,3
Für die zweite Runde des Programms hatten die fünf Neuen Länder und Berlin in einem ersten Schritt Projekte für ihr jeweiliges Land ausgewählt und beim Bundesforschungsministerium eingereicht.,0,315873,2009,3
"Biochemiker der Arbeitsgruppe Evolutionäre Pathobiochemie um Juniorprofessor Bernd Moosmann vom Institut für Physiologische Chemie und Pathobiochemie haben sich vor einigen Jahren der Frage zugewandt, warum sich die maximal erreichbare Lebensdauer der verschiedenen Tierarten so stark unterscheidet.",0,239965,2007,3
"Neue Nervenzellen bilden Netzwerke aus Auch bei der Integration der neu gebildeten dopaminergen Neurone sind die RUB-Forscher einen weiteren Schritt vorangekommen: Mit elektrophysiologischen Methoden konnten sie zeigen, dass die neu gebildeten dopaminergen Neurone in Kultur synaptisch verschaltete neuronale Netze ausbilden.",1,208186,2007,3
"Stadt Wilhelmshaven und Landkreis Friesland: ""Wärmeschutzpartner Wilhelmshaven-Friesland"" Die regionale Gemeinschaftsinitiative ist eine gelungene interkommunale Kooperation, die eine Vielzahl verschiedener Akteure einbindet.",1,318442,2009,3
"Mehr als drei Viertel der Befragten bei Gemeinden sowie Betreibern gaben an, dass es selten oder nie Konflikte gebe.",3,60791,2003,3
"Wurpts, Klaus: Mit Clustern zur BioÖkonomie - Eine internationale Bestandsaufnahme und Grundlage für Benchmarking und Evaluation des Spitzencluster BioEconomy Mitteldeutschland, HHL-Arbeitspapier Nr. 121.",0,554850,2013,3
"So geht zum Beispiel bei der Multiplen Sklerose die Isolierschicht der Nervenzellen zugrunde, ähnliche Abläufe sind Ursache des so genannten Guillain-Barré-Syndroms, das durch sich rasch ausbreitende Lähmungserscheinungen gekennzeichnet ist.",3,191915,2007,3
"Sie bewerteten es auch als richtiger, einem neuen Kindes zu helfen und glaubten, dass die Freundin dies verstehen würde.",0,53001,2002,3
"20 Euro je Stunde wären erforderlich, lassen sich bei den Kund/innen aber kaum durchsetzen.",0,66996,2003,3
"Nur Anfang Mai 2010 hat die Zuversicht für die Wirtschaftslage kurzfristig um 4 Prozentpunkte nachgegeben, sich im Juni 2010 jedoch bereits wieder erholt.",2,375703,2010,3
"Nur dann können Dienstleistungsunternehmen einen positiven Beitrag für Umwelt und Gesellschaft leisten und sich gleichzeitig ökonomisch nachhaltig weiterentwickeln Ansprechpartnerin: Fraunhofer IAO, Sabrina Lamberth Telefon +49 711 970-5137, Fax +49 711 970-2192 sabrina.lamberth@iao.fraunhofer.de",1,469787,2012,3
In allen untersuchten Ländern gibt es Reformen sowohl auf dem Gebiet der Finanzzuweisung als auch der Qualitätssicherung.,0,80753,2004,3
Als Niedriglohngrenze wurde in Anlehnung an die OECD-Definition ein Bruttostundenlohn unterhalb von 2/3 des Median-Stundenlohns angesetzt.,0,142462,2006,3
"Entscheidendes Ergebnis ist, dass letztere oft schon ausreicht, um eine temporäre Nutzung zu etablieren, und zudem gefördert werden kann.",0,360195,2010,3
"Vor dem Hintergrund der aktuellen Fälle von Vogelgrippe in Deutschland stellt sich die Frage nach wirksamen Schutzmaßnahmen für Beschäftigte wie Landwirte, Laborpersonal oder Veterinärmediziner.",0,147560,2006,3
"Besonders aktiv ist die Telekommunikationsbranche, in der nahezu alle Unternehmen das Ausland sowohl zum Absatz als auch zum Bezug von Dienstleistungen nutzen.",1,168604,2006,3
"In der Folge habe sich das Sehvermögen der Mäuse erheblich verbessert, die Zahl der epileptischen Anfälle sei gesunken, insgesamt hätten die Mäuse deutlich länger gelebt als Tiere mit intaktem Immunsystem.",0,526207,2013,3
"Ein Mindestlohn von 5,00 € entspräche demgegenüber nur 32,9% des gesamtdeutschen Durchschnittsverdienstes und läge damit im internationalen Vergleich am untersten Rand des Spektrums - etwa auf dem Niveau der USA bzw. Estlands.",1,183737,2006,3
Auch bei Brustkrebs zeigte die Gruppe für Patientinnen mit befallenen Lymphknoten einen signifikanten Zusammenhang zwischen dem Vorhandensein einer bestimmten Variante des FGF-Rezeptors und einem schlechteren Ansprechen auf adjuvante systemische Therapie.,0,228806,2007,3
Tatsächlich ist die Weiterentwicklung der Führungskompetenz vor allem auf Ebene der Führungsnachwuchskräfte (77%) und auf der mittleren und unteren Führungsebene (ca.,0,605580,2014,3
"Damit können sie auch einen wichtigen Beitrag zur Nachhaltigkeit leisten, weil Material- und Energiekosten und damit Umweltbelastungen gesenkt werden.",1,215062,2007,3
"Die HIS Hochschul-Informations-System GmbH hat eine Studie veröffentlicht, in der Verfahren der Finanzierung und Qualitätssicherung in Hochschulsystemen aus 14 OECD-Ländern vorgestellt werden.",3,80753,2004,3
"Analysen zur Tariflohnentwicklung nach Branchen offenbaren, dass sich die Unterschiede im Zeitverlauf durch relativ hohe Steigerungen bei den Einstiegsvergütungen in den Metallberufen und bei Bankkaufleuten und eher geringen Steigerungen bei Erziehungsberufen und in der Altenpflege noch verstärkt haben.",3,537182,2013,3
"Gutachten und Urteil zeigten, ""dass die Rechtsform SE nicht gegen die deutsche Form der Unternehmensmitbestimmung gerichtet ist"", analysiert Dr. Roland Köstler, Experte für Wirtschaftsrecht in der Hans-Böckler-Stiftung.",3,138871,2005,3
"LMU-Chemikern ist es nun gelungen, diese Gegensätze zu überwinden: „Wir haben eine neue Verbindung synthetisiert, die als ferromagnetischer Supraleiter beide Eigenschaften in sich vereint“, sagt Professor Dirk Johrendt vom Department Chemie, „dieser Erfolg ist ein wichtiger Fortschritt, der der Forschung ganz neue Möglichkeiten eröffnet“.",2,607636,2014,3
"Die Frage, ob Vertragswettbewerb in der gesetzlichen Krankenversicherung nur eine neue Modeerscheinung ist, beantwortet Professor Schmacke folgendermaßen: ""Wettbewerbselemente werden weltweit in den unterschiedlichen Systemen der medizinischen Versorgung im nächsten Jahrzehnt größere Bedeutung erhalten.",2,75882,2004,3
"Er habe offensichtlich die seltene Begabung, auf schwierige Sachverhältnisse - etwa im Bereich der literatur- und kulturwissenschaftlichen Theoriebildung - nachvollziehbar zu erklären und ihre Anwendungsmöglichkeiten plausibel zu machen.",1,67025,2003,3
"Aufgabe einer solchen Strategie ist es, sowohl existierende als auch potenzielle Dienstleistungsanbieter dabei zu unterstützen, bestehende Innovationsschwächen zu überwinden und die Wachstumschancen zu aktivieren.",0,49485,2002,3
An einzelnen Universitäten ist der Anteil der ‚summa cum laude‘-Promotionen in diesen Jahren aber noch weit gravierender gestiegen – beispielsweise an der WHU Otto Beisheim School of Management von 13 auf 59 Prozent oder an der EBS Universität für Wirtschaft und Recht von 14 auf 51 Prozent.,0,593626,2014,3
"Zweitens macht die Digitalisierung Arbeit komplexer und verlangt nach kollektiv vernetzten Strukturen und geteiltem Wissen statt nach Expertisen, die in „Silos“ entwickelt werden.",0,633285,2015,3
"Dr. Muth, renommierter Experte auf diesem Gebiet, arbeitet inzwischen eng mit dem letztjährigen Preisträger des AGA-Linde-HBO-Awards, Prof. Dr. Günter Speit, Abteilung Humangenetik (Leiter Prof. Dr. Walther Vogel) der Universität Ulm, zusammen.",0,41287,2001,3
Teilaspekte des Projekts lassen sich ferner in andere hygienisch anspruchsvolle Bereiche wie beispielsweise die Lebensmittelindustrie übertragen.,0,281949,2008,3
Zu der alle fünf Jahre stattfindenden Veranstaltung werden über 120.000 Fachbesucherinnen und -besucher erwartet.,0,632087,2015,3
"Besonders bedeutend sind das Preisniveau der Produkte, die angebotenen Produktinformationen und die Bedienbarkeit der Plattform.",1,67258,2003,3
Diese App ermöglicht das gezielte Training sowohl des allgemeinsprachlichen Grundwortschatzes als auch ausgewählter Wortschatzpakete aus dem Bereich des Business Englisch und des Technischen Englisch.,0,638655,2015,3
"Um die Anwender der PAS vor möglichen Fehlern zu bewahren, schließt die Spezifikation mit einer Übersicht zu praktischen Tipps und Handlungsempfehlungen.",0,264131,2008,3
"Ohne die großzügige Unterstützung durch die Bayerische Forschungsstiftung und ohne die konstruktive Begleitung durch das Gutachtergremium während der dreieinhalbjährigen Laufzeit, so wurde betont, wäre dieser Erfolg nicht möglich gewesen.",1,634631,2015,3
"So gehe aus dem Gesetz nicht eindeutig hervor, welche Vergütungsbestandteile bei der Berechnung von Stundenlöhnen berücksichtigt werden dürfen.",3,637553,2015,3
Wien zum Beispiel setzt mit Erfolg auf eine sanfte und integrierte Erneuerung seiner alten Viertel und kann dabei auf immer mehr private Initiative zählen.,3,425276,2011,3
"Die Befragten vertrauen darauf, dass der Wirtschaftsaufschwung anhält“, sagt Prof. Dr. Frank Brettschneider, Kommunikationswissenschaftler der Universität Hohenheim, der die Zuversichtsstudie wissenschaftlich betreut.",2,592837,2014,3
Doch trotz der intensiven Diskussion um BPO existieren bisher kaum konzeptionelle Überlegungen zu den Wertschöpfungsmechanismen und nur wenige empirische Kenntnisse zur Umsetzung in der Praxis.,3,298383,2009,3
„Die meisten Deutschen blicken erwartungsvoll in die Zukunft.,2,592837,2014,3
"Wie der Beitrag der Stiftung Naturschutzgeschichte in dieser Ausgabe verdeutlicht, gilt historisch das ehrenamtliche Engagement als der „Grundpfeiler des Naturschutzes“!",0,532272,2013,3
"""Von den Schutzbemühungen haben Vogelarten wie Großtrappe, Wiesenweihe oder Schwarzstorch profitiert, für die aufwändige und zielgerichtete Schutzprogramme aufgelegt wurden"" konnte Johannes Schwarz, Geschäftsführer der Länderarbeitsgemeinschaft der Vogelschutzwarten, berichten.",0,348433,2009,3
"Unter www.cleverparts.de konnten seit April bereits nordrhein-westfälische Kunden über eine Pilotversion aussuchen und bestellen, seit Anfang Juli funktioniert die Börse deutschlandweit und ""mit gutem Erfolg"", so Willemsen, ""wenn man berücksichtigt, dass der Autoersatzteilhandel noch nicht so lange in Begriffen wie Internet und E-Commerce denkt"".",0,24604,2000,3
"Professor Steffgen, Leiter der Forschungsgruppe Gesundheitsförderung und Aggressionsprävention der Universität Luxemburg, sagte: „Die Studie zeigt, dass die Umsetzung der pädagogischen und sozialen Funktionen der Schule eine Rolle spielen, und stellt in Frage, ob Gewalttäter alleine für schulische Gewalt verantwortlich sind.",3,530560,2013,3
Anhand dieser Listen überprüft der eSI Systemeigenschaften ebenso wie die Konfiguration einzelner Rechner - das alles bei laufendem Betrieb.,0,127875,2005,3
"„Auch bei Kultur, Bildung, Sicherheit und Stadtentwicklung ist Stuttgart spitze.",1,443124,2011,3
"Einerseits ermöglicht das Online-Tool, die eigene Innovationsfähigkeit zu verbessern, andererseits gilt es, diese aber auch dauerhaft beibehalten und überprüfen zu können.",0,389870,2010,3
"Insgesamt sei die Dynamik im Silicon Valley beeindruckend, bilanzieren Boes und Kämpf.",2,645155,2016,3
"Die aktuelle Debatte suggeriert, dass Deutschland bei Niedriglöhnen einen Nachholbedarf habe.",3,142462,2006,3
"Die Studie ist soeben in der Zeitschrift „Wirtschaftspsychologie“ unter dem Titel „Eigenverantwortung, Selbstwirksamkeit und Freiwilliges Arbeitsengagement“ erschienen.",0,468896,2012,3
Sozialversicherungssystem wirkt in der Krise stabilisierend Das deutsche Sozialversicherungssystem wirkt in der Krise stabilisierend auf die wirtschaftliche Entwicklung.,0,326174,2009,3
In dem angewandten Verfahren wird unter lokaler Betäubung ein etwa briefmarkengroßes Hautstück aus der Leiste entnommen und im Labor angezüchtet.,0,22117,2000,3
Deshalb ist das Bedürfnis nach einer zweiten Instanz sehr groß.,1,70667,2003,3
"Das Problem dieses Ansatzes ist jedoch, dass Neurone – wie auch Personen – miteinander kommunizieren.",3,514924,2013,3
"Der Vortrag erläutert die Hintergründe, den Forschungsstand und die Chancen dieser Ansätze.",0,396586,2010,2
Das KIT verfolgt seine Aufgaben im Wissensdreieck Forschung – Lehre – Innovation.,1,447042,2011,2
"Gerade um die negativen Aspekte von Perfektionismus abzupuffern, muss der Athlet in der Lage sein, seine Emotionen zu regulieren, und dabei kann der Sportpsychologe den Sportler unterstützen"", erläutert Stoll die Forschungsergebnisse und deren Bedeutung.",0,282648,2008,2
Das Publizieren und Auffinden geeigneter Dienste auf der Plattform wird durch eine im Projekt geleistete Weiterentwicklung der Dienstbeschreibungssprache Unified Service Description Language (USDL) gewährleistet.,1,594324,2014,2
"Damit lässt sich die Flächennutzung und -inanspruchnahme auf der Ebene von Bund, Ländern und Regionen sowohl quantitativ hinsichtlich Reduktionszielen als auch qualitativ (Erhaltungs- und Schutzziele, Nutzungsstrukturziele, Nutzungseffizienzziele) bewerten.",0,244578,2008,2
Die fluktuierenden Erneuerbaren benötigen im neuen Stromsystem vielfältige Flexibilitätsoptionen zur Über¬brückung von Angebotslücken und -überschüssen.,0,540213,2013,2
Zugleich bewertet das Forscherteam aber auch das wirtschaftliche Potential unterschiedlicher Landnutzungen.,0,121504,2005,2
"In zahlreichen Projekten in den acht Modellregionen kamen die unterschiedlichsten Elektrofahrzeuge – Pkw, Transporter, Elektroroller und Elektrofahrräder (Pedelecs) – in Flottenversuchen zum Einsatz und wurden sowohl zu privaten als auch zu gewerblichen Zwecken genutzt.",1,460670,2012,2
Zukunftsmarkt mit wachsenden Herausforderungen Gegenwärtig belegt die deutsche Medizintechnik-Industrie im internationalen Wettbewerbsfeld eine gute Position.,1,323164,2009,2
"""In Ostdeutschland schlägt der wirtschaftliche Abschwung den Menschen stärker aufs Gemüt als im Westen.",1,280861,2008,2
"Für diesen wichtigen Schritt wünschte der Minister den ""patenten Erfindern"" viel Glück und versprach die Unterstützung des Landes.",1,186419,2006,2
"Die ""Ruhrgebietsinitiative Gesundheitswirtschaft"" soll helfen, die Region als Standort für einschlägige Produkte und Kompetenzen zu profilieren.",1,37752,2001,2
Möglicherweise lassen sich gerade bei den Juristen mit einer Neuorganisation der Studienstruktur sehr starke Verbesserungen erzielen.,3,246423,2008,2
"„So könnten Präsenzzeiten ihren Status als Machtressource für Männer im Kampf um knappe Karrierepositionen zukünftig verlieren“, ist Marrs überzeugt.",1,633285,2015,2
Niedrige Stundenlöhne und kurze Arbeitszeiten kommen häufig zusammen.,1,284575,2008,2
"Das Ergebnis der Studie erscheint in der aktuellen April-Ausgabe des renommierten amerikanischen Journal of Consumer Research mit dem Titel ""The Effects of Thin and Heavy Media Images on Overweight and Underweight Consumers: Social Comparison Processes and Behavioral Implications"".",1,361714,2010,2
"Wir wollen aufzeigen, dass sich durch die Entwicklung in den letzten Jahren beeindruckende Chancen für die Umsetzung von Dienstleistungsideen ergeben haben"", so Reichwald.",1,226065,2007,2
Metu befindet sich in der Nähe eines Wildkaffeewaldes im Südwesten Äthiopiens.,0,228935,2007,2
19 bundesweit tätige Naturschutzverbände sowie 11 Stiftungen stellen wichtige Projekte vor.,1,532272,2013,2
"Nur knapp 10% der Patienten sprechen auf erneute Immunsuppression an Was den primären Endpunkt der Studie betrifft, das ""Überleben ohne Therapieversagen"", berichten die Autoren von nahezu dramatischen Unterschieden: Während lediglich 9,5% der erneut mit Immunsuppressiva Behandelten entsprechend der Definition in der Studie innerhalb von 6 Monaten ganz oder teilweise auf die Therapie ansprachen, konnte dies bei 83,9% der Transplantierten erreicht werden, ohne dass die Erkrankung erneut auftrat oder die Patienten verstarben.",2,247540,2008,2
"Insgesamt zeichnet sich ein positives Bild, die Nutzer sind von Elektrofahrzeugen begeistert: Die Befragten gaben an, dass diese nützlich im Alltag und sowohl beim Fahren als auch beim Laden einfach zu handhaben sind.",2,460670,2012,2
"Bei den Interviews, die im Rahmen des Forschungsprojektes geführt wurden, stießen die Frankfurter Wissenschaftler häufig auf Widersprüche zwischen Selbstentfaltung und ökonomischem Kalkül: Personen scheitern in ihrem Wunsch, sich beruflich selbst zu verwirklichen, an den Flexibilitätsanforderungen heutiger Arbeitsmärkte.",1,243546,2008,2
"Wer also rechtzeitig auf den Zug aufspringt, hat meiner Meinung nach einen enormen Wettbewerbsvorteil, der nicht zuletzt zur zukünftigen Sicherung der Unternehmensexistenz beitragen kann.“ Bettina Banaj arbeitet als Unternehmensberaterin bei der RKW Baden-Württemberg GmbH, ist „Europäische Botschafterin für Unternehmensgründungen für Frauen“ und „Professional Speaker“ der „German Speaker Association“.",1,594154,2014,2
"Darüber hinaus war es uns sehr wichtig, dass durch einen niedrigen Energieverbrauch und ein effizientes Kühlkonzept der CO2-Ausstoß des Systems minimal gehalten werden kann.",1,464865,2012,2
"Statt der problematischen embryonalen Stammzellen verwenden die RUB-Forscher daher Kulturen von neuronalen Vorläuferzellen, die aus einem fortgeschrittenen Entwicklungsstadium stammen und nach Transplantation keine Tumoren mehr bilden.",0,208186,2007,2
"Deutlich wird, dass staatliche Rahmensetzungen allein nicht genügen.",1,68360,2003,2
"Zu den für solche Angebotspakete typischen produktbegleitenden Dienstleistungen gehören u a. Reparaturen, Wartungen oder Montageleistungen, also Leistungen, die direkt an einem Produkt (im Sinne eines Sachgutes) ausgeführt werden.",0,341958,2009,2
"Frauen ist Image und Ethik wichtig, Männern Geld und Macht Bei allen Befragten steht der „Spaß im Beruf“ mit weitem Abstand an erster Stelle, gefolgt von „Familie“, „Kontakt zu Freunden“ und „ethischen Werten“.",0,412370,2011,2
"I-Neurone koennten diese Signalmolekuele nutzen, um zu entscheiden, welche Art von 'wenn-dann'-Schranken sie aufbauen muessen.",1,17231,2000,2
"In seiner Untersuchung stellt sich heraus, dass Mitarbeiter, die bestärkt werden im Glauben an die eigenen Fähigkeiten, stärker motiviert sind, sich für ihre Arbeit zusätzlich zu engagieren.",0,468896,2012,2
Deren Kalkulation wirft Probleme auf.,1,16052,1999,2
Im Jahr 2013 wurden gut 14.000 Personen in knapp 10.000 Haushalten befragt.,0,614104,2014,2
"Das bedeutet auch, dass I-Neurone im Gehirn Neurone 'aufspueren' koennen, die in den elementarsten Funktionen zusammenarbeiten, selbst wenn sie in fast jeder anderen Hinsicht unterschiedlich erscheinen (z.B. koennen sie Neurone identifizieren, die von denselben 'Ahnen' abstammen).",0,17231,2000,2
"Während viele Studien sich ausschließlich auf Vollzeitbeschäftigte und Monatsverdienste beziehen, basiert die IAT-Untersuchung auf Brutto-Stundenlöhnen, so dass Teilzeit- und Minijobs einbezogen werden können.",1,150919,2006,2
Die heutige Stromversorgung soll in den kommenden Jahrzehnten umgebaut und die Stromproduktion aus erneuerbaren Energien markant gesteigert werden.,1,495057,2012,2
"Aus der Sozialbilanz der drei NRW-Dienstleistungsagenturen für das Jahr 2002 geht hervor, dass es sich hierbei um keineswegs geringe Beträge handelt.",1,66996,2003,2
"„Einige dieser Gene haben wir am Computer identifiziert, indem wir bekannte DNA-Sequenzen der betreffenden Bakterien untersuchten.“ Charpentiers Resümee: „Das CRISPR-System ist unter den Bakterien nicht nur sehr verbreitet, es kommt auch in unglaublich vielen verschiedenen Varianten vor.“ Diese Varianten zu kennen ist nicht nur von akademischem Interesse, sondern kann insbesondere für die Gentechnik von enormem Nutzen sein: „Das CRISPR-Cas-System hat die Eigenschaft, dass es DNA an sehr spezifischen Stellen schneidet“, erklärt Charpentier.",1,531381,2013,2
"Dabei sei wichtig, dass Vorstand und Aufsichtsrat nicht gleichgeschaltet seien.",0,643021,2015,2
"Die Beauftragung der Obergutachterstelle erfolgt durch die Verwaltungs-gerichte, die Verkehrsbehörden oder die Betroffenen selbst.",0,70667,2003,2
"Die drei Sprecher des Verbundes - Prof. Dr. Klaus Drechsler (TU München und Fraunhofer-Projektgruppe „Funktionsintegrierter Leichtbau“ Augsburg), Dr. Markus Lang (Voith Composites) und Prof. Dr. André Baeten (Hochschule Augsburg) - zeigten sich gemeinsam mit allen Beteiligten hoch zufrieden mit dem äußerst positiven Befund des mit renommierten Experten aus Industrie und Wissenschaft besetzten Gutachtergremiums: „FORCiM³A ist eine Marke in der Region geworden“, resümierte Professor Drechsler.",2,634631,2015,2
Die Branche wurde neu in das Entsendegesetz aufgenommen.,0,590336,2014,2
Mit den sechs Pilotprojekten aus der ersten Förderrunde stehen damit jetzt insgesamt 17 Initiativen in den Neuen Ländern für Spitzenforschung und Innovation.,1,315873,2009,2
"Das Sonderheft mit dem Titel „The ecological niche as a window to biodiversity“ (Volume 39, Issue 12) basiert auf zwei internationalen Workshops, die das Biodiversität und Klima Forschungszentrum (BiK-F) 2010 und 2011 ausrichtete.",0,516925,2013,2
"Die Konferenz wird Wissenschaftler aus Universitäten, Forschungseinrichtungen und der Industrie zusammenführen, um neue Ansatzpunkte zu diskutieren und Kooperationen anzuregen.",0,76412,2004,19
"Aber lohnt es sich, einen geldpolitischen Superstar als Zentralbanker anzuheuern?",3,570792,2014,19
"10 Prozent waren Führungskräfte, 72 Prozent Mitarbeiter, 7 Prozent Selbständige und 11 Prozent Auszubildende.",0,468896,2012,19
"In dem Beitrag in der neuesten Ausgabe der Proceedings of the National Academy of Sciences of the United States of America (PNAS) legen die Wissenschaftler die detaillierten Ergebnisse eines multi-interdisziplinären Ansatzes vor, der Archäologie, Physische Anthropologie, Molekulargenetik (aDNA) und Biogeochemie (stabile Isotopen) umfasst.",0,289453,2008,19
"Ein weiteres Forschungsvorhaben der Kölner Professoren war die Entwicklung einer auf Fuzzy-Logik basierenden Signalauswertung, die es ermöglicht, metallische Verunreinigungen in der Lebensmittelproduktion wesentlich besser zu erkennen.",1,27629,2000,19
"Daraus ergeben sich positive ökonomische Wirkungen, insbesondere in den Branchen Handel, Verkehr und Nachrichtenübermittlung.",1,15100,1999,19
"""Das Institut soll Spitzen-Wissenschaftlern einzigartige Möglichkeiten geben, an drängenden Fragestellungen zu arbeiten.",0,323387,2009,19
Mit Shiptrap können die Wissenschaftler Massen mit höchster Genauigkeit messen.,1,408124,2011,19
"„Bei der vorgeschrieben Neubewertung 2018 können die aktuellen Bewertungsergebnisse dann als Basislinie verwendet werden“, so Probst.",0,524198,2013,19
"""Die Chirurgische Arbeitsgemeinschaft für Qualität und Sicherheit in der Chirurgie (CAQS) unterstützt und begleitet dieses Pilotprojekt"", informierte Prof. Claus-Dieter Heidecke, Direktor der Chirurgischen Universitätsklinik in Greifswald.",0,322034,2009,19
"In Deutschland hatten die Hochschulen im Februar 2002 erstmalig das Recht erhalten, Erfindungen aller Hochschulangehörigen in Anspruch zu nehmen, in eigenem Namen zum Patent anzumelden und auf eigene Rechnung wirtschaftlich zu verwerten.",0,81087,2004,19
"Leider seien hierfür die von der EU zur Verfügung gestellten Finanzmittel für Agrar- und Waldumweltmaßnahmen stark zurückgegangen, kritisierte Vogtmann.",0,227776,2007,19
"Der Nutzer solcher Dienste kann - abhängig von seiner räumlichen Lage - zahlreiche Informationen und Dienste mit direktem Bezug zu seiner Umgebung wie Hinweise auf nächstgelegene Einkaufsmöglichkeiten, Briefkästen, Telefonzellen oder auch freie Parkplätze abrufen.",1,37563,2001,19
Darüber hinaus partizipieren sächsische Akteure verhältnismäßig stark an den Förderprogrammen des Bundes und der Europäischen Union.,1,634555,2015,19
Die hohe Lebensqualität schlägt sich in der persönlichen Zuversicht der Menschen nieder.“ In Dresden ist man auch beim Gedanken an den Lauf der Dinge für das eigene Leben bundesweit am skeptischsten.,0,443124,2011,19
Und Deutschland sei zwar auf der sicherheitspolitischen Bühne immer noch eher Vermittler als Akteur.,0,141817,2006,19
"So besitzt Gazprom (Unternehmensbekanntheit: 77,95%, Markeneinstellung: 36,78 Punkte) im Rahmen des Engagements beim FC Schalke 04 (Vereinsbekanntheit: 96,95%, Markeneinstellung: 61,02 Punkte) ein Bekanntheitstransferpotenzial von 19,00%-Punkten und ein Einstellungstransferpotenzial von 24,24 Punkten.",0,599984,2014,19
"Das neue Verfahren ist nicht nur komfortabler und schneller als das Passwort-Verfahren, sondern auch sicherer, denn ein Passwort, das nicht eingegeben wird, kann nicht von Trojanern abgehört werden - auf diese Weise wird auch das Einloggen auf fremden und gemeinsam genutzten Computern sicher.",1,423983,2011,19
"Dopamin spielt also auch bei Primaten eine entscheidende Rolle für die Neurogenese im Gehirn.""",1,148243,2006,19
"Der Bericht zeigt, dass der Zustand für etwa ein Viertel der von der FFH-Richtlinie erfassten Arten und Lebensraumtypen bereits als ""günstig"" zu beurteilen ist.",0,239399,2007,19
Mit einem elektronischen Datensystem entlang der Wertschöpfungskette allen Beteiligten eine breite Palette an Informationen zur Verfügung zu stellen und vor allem die Produktdifferenzierung anhand von solider Information zu ermöglichen Wie geschieht das?,1,188936,2006,19
"Einige unserer Doktorandinnen und Doktoranden waren wesentlich daran beteiligt.“ Veröffentlichung: Peggy Gerullis and Stefan Schuster, Archerfish actively control hydrodynamics of their jets, in: Current Biology (24), DOI: 10.1016/j.cub.2014.07.059 Ansprechpartner: Prof. Dr. Stefan Schuster Lehrstuhl für Tierphysiologie Universität Bayreuth D-95440 Bayreuth Tel.",1,602027,2014,19
Schlussfolgerungen für die Entwicklungsbedingungen altenbezogener Dienstleistungen runden den Band ab.,0,78869,2004,19
Zurückgegangen ist lediglich die Zahl oft sehr niedrig bezahlter und schlecht abgesicherter Minijobs.,0,637553,2015,19
"Wissenschaftler um Professor Peter Becker vom Biomedizinischen Centrum (BMC) der LMU und Dr. Carsten Marr vom Helmholtz Zentrum München haben gezeigt, dass sich benachbarte Modifikationen gegenseitig beeinflussen.",0,645149,2016,19
Des Weiteren werden umweltpolitische Instrumente im Hinblick auf ihren ökologisch effektiven und ökonomisch effizienten Einsatz sowie potentiellen Modifikationsbedarf untersucht.,0,15100,1999,19
Die Ergebnisse der Tagung werden demnächst veröffentlicht.,0,56332,2002,19
"Eine südeuropäische Stadt hat andere Probleme und Möglichkeiten zur Problemlösung als eine Stadt in Skandinavien, daher muss auch Energieeffizienz jeweils auf maßgeschneiderten Wegen erreicht werden.",1,547666,2013,19
"Konkrete Maßnahmen zur weiteren Steigerung der Mobilität in der beruflichen Bildung, die auf der Konferenz von Regierungsvertretern, Sozialpartnern, Vertretern der Kammern, Ausbildungsleitern, Berufsschullehrern sowie Auszubildenden aus Belgien, Dänemark, Deutschland, den Niederlanden und Österreich ausgearbeitet wurden, werden in Kürze vom Bundesministerium für Bildung und Forschung veröffentlicht.",0,50962,2002,19
"Wichtig ist dabei, die Marktbedingungen in Europa zu berücksichtigen, vor allem die Zugangsregulierung“, erklärt Hans W. Friederiszick, Koautor der Studie „Assessment of a sustainable Internet model for the near future“.",0,406613,2011,19
"Im Hinblick auf ihr persönliches Leben – das heißt auf das eigene Zuhause, die Familie, die Sicherheit des eigenen Arbeitsplatzes oder auf die individuelle finanzielle Lage – schauen sogar mehr als zwei Drittel (68 Prozent) der Deutschen optimistisch in die Zukunft.",1,592837,2014,19
"Ansprechperson: Prof. Dr. Frank Brettschneider, Universität Hohenheim, Lehrstuhl für Kommunikationstheorie Tel.",0,251843,2008,19
"Mit dieser Frage befasste sich eine Untersuchung, die das Institut Arbeit und Technik (IAT, Gelsenkirchen) in Kooperation mit dem Institut für Zukunftsstudien und Technologiebewertung (IZT, Berlin) und dem Sekretariat für Zukunftsforschung (SFZ, Gelsenkirchen) für das Bundesministerium für Wirtschaft und Technologie durchgeführt hat.",0,42739,2001,19
Fraunhofer ILT auf der LASER World of Photonics in München Vom 22.,0,633037,2015,19
"Die Baden-Württemberger zeigen sich zu 61 Prozent mit ihrer Wohnsituation zufrieden, 20 Prozent sind immerhin eher zufrieden.",1,630227,2015,19
"Um besser einschätzen zu können, wie man die begrenzten Ressourcen am besten verwendet, welche Leistungen zu welchem Preis verfügbar gemacht werden sollen, oder auch wie man am besten gegen Epidemien vorgeht, entwickeln die TU Wien und die dwh GmbH gemeinsam mathematische Vorhersagemodelle.",0,524655,2013,19
Diese Pflanzen nehmen bis zu 35 Prozent der gesamten Agrarflächen der Erde ein.,0,646774,2016,19
Für 2008 ist deshalb im Rahmen des neuen ZVE (Zentrum für Virtual Engineering) die Errichtung einer weiterentwickelten Generation des ServLab geplant.,0,178542,2006,19
„Die Lage in Dresden ist besser als die Stimmung.,1,443124,2011,19
"Regeln für den ""guten Bestatter"" Wie sehr sich das Selbstbild der ""Funeralmeister"" und ""Thanatopraktiker"" gewandelt hat, zeigt auch ein Blick in die Zeitschrift des Bundesverbands Deutscher Bestatter (BDB), ""Das Bestattungsgewerbe"".",0,70274,2003,19
"* Im Rahmen des Regionalmarketing müssen die für die Ansiedlung von Dienstleistungsunternehmen wichtigen weichen Standortfaktoren noch deutlicher betont werden, weil vor allem diese die unternehmerische Standortentscheidung bestimmen.",1,49485,2002,19
"Über 30 Chemiker, Physiker und Werkstoffwissenschaftler der Universität des Saarlandes, des Instituts für Neue Materialien (INM) und des Fraunhofer-Instituts für zerstörungsfreie Prüfverfahren (IZFP) setzen alles daran, diese Vision wahr werden zu lassen.",1,73369,2003,19
"Die interdisziplinäre Studie repräsentiert ein herausragendes Beispiel für das Potenzial eines Forschungsfeldes, welches als Bioarchäologie Archäologie und Naturwissenschaften integrativ vereint.",2,289453,2008,19
"Das hat wesentliche Bedeutung für den Export von Dienstleistungen, bei denen gerade Fragen der Standardisierung eine große Rolle spielen.""",2,226065,2007,19
"Bei den Nutztieren hat sich der Mensch seit jeher auf weniger als 30 Arten für seine Ansprüche beschränkt, jedoch zahlreiche an klimatische und geographische Besonderheiten angepasste Rassen gezüchtet, insgesamt werden nach Angaben der FAO etwa 6.500 Nutztierrassen anerkannt.",0,227776,2007,19
"Die Daten für die Studie wurden innerhalb des Immobilien-Professional-Panels (IPP) der Immowelt AG erhoben, an dem ausschließlich Fachleute aus der Immobilienwirtschaft teilnehmen.",0,635265,2015,19
"Der Name des Projektes: ""New business opportunities in hygiene for health"" zeigt die Zielrichtung: durch die kostengünstigere Verlagerung der Aufbereitung medizinischer Instrumente - wie etwa flexibler Endoskope - aus Kliniken und Praxen hin zu professionellen Dienstleistern ergeben sich weitere Marktchancen, die bestehende Arbeitsplätze sichern helfen und neue Arbeitsplätze schaffen.",0,281949,2008,19
"Die Erwartung, dass sich die Lage 2010 verbessern wird, ist dagegen mit einem Wert von 22 eher gedämpft.",3,340010,2009,19
"Um die hohe Arbeitslosigkeit nachhaltig zu senken, wäre dem IAB zufolge eine umfassende Reform des Steuer- und Abgabensystems nötig.",0,148953,2006,19
"Wie in der Bundesliga oder bei Spitzenrestaurants kann durch Spieler- oder Koch-Transfer auch rasch eine Spitzenregion oder ein Cluster abrutschen oder ein vorher unbekanntes Team zum Champion aufsteigen.""",2,74604,2004,19
Das Spektrum reicht von Moderations- und Mediationstechniken über Analyse-Matrices bis hin zu Aktions- und Arbeitsplanungen.,0,72014,2003,19
Im vierten Quartal 2008 ist der Durchschnittswert des Allianz Zuversichtsindex im Vergleich zum dritten Quartal 2008 leicht gesunken.,0,294709,2008,19
"Insbesondere konnte durch die Aktivierung von u-PAR durch Sp1-Transkriptionsfaktor eine besondere Hochrisikogruppe innerhalb der vermeintlich günstigen Gruppe der kurativ operierten Patienten neu definiert werden, die sich hinsichtlich ihrer Überlebenswahrscheinlichkeit überraschenderweise genauso ungünstig darstellte, wie Patienten, bei denen nicht einmal eine kurative und komplette operative Tumorentfernung möglich gewesen war.",2,228806,2007,19
"Nachhaltige Dienstleistungen sind laut der Studie nicht nur ein wirkungsvolles Imagethema, sondern bieten mit Blick auf die Kunden die Möglichkeit, zusätzlichen Nutzen zu stiften und damit neue Geschäftsfelder zu erschließen.",0,469787,2012,19
"Die Göttinger Wissenschaftler erfassen in einer besonders gefährdeten Region von Ecuador Landnutzungssysteme, die eine hohe Artenvielfalt aufweisen, und modellieren in diesem Zusammenhang die Wirkungen von Nutzungsänderungen.",0,121504,2005,19
Sie wollen belastbare Vorhersagen und verlässliche Hilfsmittel für diese komplexen Systeme generieren.,3,603396,2014,19
„Besonderer Wert wurde daher auf die real erzielbare Leistung für Anwendungen gelegt.,0,464865,2012,19
"Versuche, in denen die Anzahl und die Kombination der Pflanzenarten im Ökosystem künstlich verändert wurden, zeigten zwar im Durchschnitt eine Mehrleistung in Mischbeständen, aber meistens konnten die besten Monokulturen ebenso hohe Erträge wie die besten Mischungen erzielen.",3,258558,2008,19
Warum soll man auf das kreative Potenzial anderer Branchen in den frühen Innovationsphasen verzichten?,1,412572,2011,19
"Letzteres bedeutet, dass sich seit 1984 die Bestände in keinem der drei Bewertungskriterien verschlechtert haben sollen.",3,524198,2013,19
Zum Projekt digit-DL digit-DL ist ein Verbundprojekt unter Leitung des ISF München und in Zusammenarbeit mit der IG Metall.,0,615627,2014,19
Das im Jahre 1998 verabschiedete russische Gesetz über verbrachte Kulturgüter brachte die deutsch-russischen Rückführungsverhandlungen zum Stillstand.,0,102961,2005,19
"Eine wichtige Säule der Forschungsaktivitäten der Hochschule Harz ist das Kompetenzzentrum für Informations- und Kommunikationstechnologien, Tourismus und Dienstleistungen, welches über das Kultusministerium des Landes im Rahmen des Kompetenznetzwerks für angewandte und transferorientierte Forschung (KAT) auch aus Mitteln der Europäischen Kommission aus dem Europäischen Fonds für regionale Entwicklung (EFRE) gefördert wird.",1,404121,2011,19
"Ein Medikament, das diesen Rezeptor auch beim Menschen aktivieren kann, befindet sich zurzeit bereits in klinischer Erprobung zur Senkung von erhöhten Blutfettspiegeln.",0,526239,2013,19
"Die das IPF auszeichnende Kombination von natur- und ingenieurwissenschaftlicher Kompetenz und die moderne Geräte- und Anlagentechnik ermöglichen eine ganzheitliche materialwissenschaftliche Forschung von der Synthese und Modifizierung polymerer Materialien, über die Charakterisierung, theoretische Durchdringung, Verarbeitung und Prüfung bis zur Steuerung der Eigenschaften von Polymermaterialien, Biomaterialien und Verbundwerkstoffen durch gezielte Grenzflächengestaltung.",1,556217,2013,19
"„Die Idee, dass ein Gerät sich nur durch seinen Besitzer benutzen lässt, wurde vor langer Zeit in Science Fiction-Filmen angedacht.",0,566055,2013,19
"Prof. Kaderali: ""Die IT-Entwicklungen im Allgemeinen und im IT-Sicherheitsbereich im Besonderen verlaufen so rasant, dass bereits heute nur noch die Wechselbeziehungen zwischen Theorie und Praxis, also zwischen Studium und Beruf, das gerade erworbene Know how nicht zu schnell alt werden lassen.""",0,18127,2000,19
"Nur so können nachhaltig Arbeitsplätze entstehen - und wirtschaftlich verwertbaren Erfindungen aus Hochschulen kommt hierbei eine besondere Bedeutung zu.""",1,81087,2004,19
"Die erkennt in der Haut nicht nur das größte, sondern auch mit das wichtigste Organ des Immunsystems.",1,441462,2011,19
"In Deutschland wurden erfolgreich neue Finanzierungsformen für das langfristige Disease-Management chronischer Krankheiten eingeführt: Ärzte/-innen werden für die Dokumentation besser entlohnt und Patienten/-innen haben die Möglichkeit, an langfristigen Trainingsprogrammen teilzunehmen, um einen besseres Umgang mit ihrer Krankheit zu erlernen.",0,606206,2014,19
"Insbesondere stand im Fokus, wie ökophysiologische Aspekte (z.B. Anpassung) und demographische Prozesse (wie Populationsdynamiken) künftig in Nischenmodellen berücksichtigt werden können.",0,516925,2013,19
"Veröffentlichung: Johannes Siebert and Ralph L. Keeney, Creating More and Better Alternatives for Decisions Using Objectives, Operations Research (2015), DOI: 10.1287/opre.2015.1411 Der gesamte Beitrag ist öffentlich zugänglich unter: <pubsonline.informs.org/doi/pdf/10.1287/opre.2015.1411> Kontakt (vorzugsweise per E-Mail): Dr. Johannes Siebert Akad.",0,637479,2015,19
"Das bedeutet jedoch nicht, dass die Verfahren überall gleich gestaltet würden; vielmehr werden sowohl bei Finanzierungs- als auch Qualitätssicherungsverfahren unterschiedliche Ansätze verfolgt.",3,80753,2004,19
"Ebenso zulässig sei es, solche Patienten zu bevorzugen, bei denen ein längeres Transplantatüberleben zu erwarten sei, da hierdurch ebenfalls eine Steigerung der Anzahl der geretteten Patienten erreicht werden könne.",0,490050,2012,16
"„Daher drängt sich die Frage auf, ob der Schützenfisch nicht auf ähnliche Weise im Verlauf der Evolution ein deutlich komplexeres Gehirn als vergleichbare Fische entwickelt hat oder noch entwickeln wird“, meint Prof. Schuster.",3,602027,2014,16
"Betroffen ist vor allem die nach wie vor starke Beschäftigtengruppe der funktional flexibel einsetzbaren (Stamm)beschäftigten mit Einzelhandels-Ausbildung, die in der Regel über eine lange Betriebszugehörigkeit, hohe Leistungsbereitschaft und ein starkes Verantwortungsgefühl gegenüber der Arbeit und den Kunden verfügen.",0,58823,2003,16
„Doch die mit der Euro-Krise einhergehende Unsicherheit überschattet das alles.,1,456995,2011,16
"–Neuere empirische Forschung in Deutschland oft ignoriert– In den USA und in Großbritannien hätten viele Ökonomen, darunter mehrere Nobelpreisträger, unter dem Eindruck des neuen Forschungsstands ihre zuvor kritische Einschätzung von Mindestlöhnen geändert, so die Forscher des IAQ.",1,592767,2014,16
Deshalb ist der einzige Schutz gegen solche multiresistenten Keime eine gut funktionierende Immunabwehr des infizierten Patienten.,3,450177,2011,16
Betreut wird es vom Projektträger im DLR Arbeitsgestaltung und Dienstleistungen.,0,531704,2013,16
"Lediglich jeder Fünfte gibt an, deswegen guter Laune zu sein.",1,592837,2014,16
"Die Ursache für die Begrenzung der Übertragungsstrecke von Laserstrahlen in Glasfasern liegt in nichtlinearen Effekten, die bei sehr ho-hen Leistungsdichten in den Fasern auftreten.",0,346325,2009,16
"Noch wenig Bedeutung hingegen haben in den Medien breit diskutierte Ansätze wie Crowdsourcing, bei dem eine unbekannte Masse Lösungen für Innovationsprobleme entwickelt.",0,544200,2013,16
Nun stellen wir fest: eine gute Personalführung besitzt gerade in den Führungsetagen nach wie vor nicht den erforderlichen Stellenwert.,1,605580,2014,16
"Zudem müssen die Verbraucher umfassend und transparent über Elektromobilität informiert werden und die Möglichkeit erhalten, elektrische Fahrzeuge im Alltag testen zu können.",1,460670,2012,16
"Der Einsatz dieser Konzepte im Produktentwicklungsprozess lohnt sich, wie insbesondere das Beispiel des Simultaneous Engineering belegt: Betriebe mit parallelen Produktentwicklungsprozessen haben einen deutlich höheren Anteil an Produkt- und Marktneuheiten als die Konkurrenz.",1,218958,2007,16
Es dokumentiert jetzt die Entwicklungen für die Jahre von 2001 bis 2012.,0,593626,2014,16
"""Das ServLab ist ein herausragendes Beispiel für die exzellenten Erfolge von Dienstleistungsforschung und -förderung.",2,232633,2007,16
Eine Sonderauswertung der Allianz Zuversichtsstudie mit Ergebnissen zur Zuversicht von Schülern in Deutschland wird im Juli 2010 veröffentlicht.,0,375703,2010,16
"So haben viele regulative Maßnahmen nach Meinung der befragten Unternehmen auch positive Wirkungen, unter anderem für die Qualität eines Produkts und für den Schutz der Umwelt.",0,84403,2004,16
Weiterhin schätzen die Experten die Entwicklung bei Luft- und Seefracht von Deutschland in andere europäische Staaten sowie auf den Routen nach Nordamerika und in die Asien/Pazifik-Region ein.,0,213171,2007,16
"Wo sinnvoll, sollen Bewertungen in internationaler Kooperation gemeinsam erarbeitet oder aus anderen Ländern übernommen und gegebenenfalls angepasst werden.",0,470200,2012,16
"Welche Rolle dabei jedoch Dienstleistungen spielen und welchen Beitrag innovative Geschäftsmodelle leisten können, erforscht das Fraunhofer IAO in einer Studie mit Fokus auf Anbieter technischer Dienstleistungen.",0,413104,2011,16
Die vielen spanischen Welterbestädte setzen nicht zuletzt auf den Vormarsch einer neuen städtischen Kultur und hoffen so auf eine nachhaltige Belebung ihres kulturellen Erbes.,1,425276,2011,16
"Während die Liberalisierung der Telekommunikationsmärkte zu vielen erfolgreichen Innovationen geführt hat, konzentrierten sich die Gesetzgeber in Europa bei der grünen Gentechnik vor allem auf den Umwelt- und Verbraucherschutz - und verhinderten die Markteinführung neuer Produkte.",1,84403,2004,16
Große Städte gelten seit Jahrtausenden als wichtigste Keimzelle für wirtschaftliche Entwicklung.,0,627876,2015,16
Weitere Informationen und Anmeldung unter: Zukünftige Technologien Consulting des VDI-Technologiezentrums Christoph Glauner Graf-Recke-Str.,0,64544,2003,16
Die Entwicklung kommt nicht überraschend: Schon in den Berichten der letzten Jahre forderten die Wissenschaftler von der Politik zusätzliche Anstrengungen gegen den Fachkräftemangel - mit mäßigem Erfolg.,1,217916,2007,16
"Auf die Frage, wie sie ihre aktuelle persönliche Situation einschätzen, antwortet derzeit mehr als die Hälfte der Befragten (56%) mit ""gut"" oder ""sehr gut"".",0,294709,2008,16
Zudem fördert das Naturwissenschaftlich-Medizinische Forschungszentrum (NMFZ) unter der Leitung von Univ.-Prof. Dr. Stephan Grabbe seit mehr als 30 Jahren solche Kooperationen zwischen der Medizin und den naturwissenschaftlichen Bereichen der Johannes Gutenberg-Universität Mainz.,1,535317,2013,16
"Hier ist der fachliche Austausch über Standorte und Disziplinen hinweg besonders wichtig, denn um im internationalen Vergleich auf hohem Niveau zu bestehen, geht es nicht ohne Vernetzung und Konzentration auf erfolgreiche Gebiete.""",0,138786,2005,16
"Zehn Prozent der Hartz-IV-Empfänger sparen bei der Winterkleidung, während dies 0,7 Prozent der Nichtleistungsbezieher tun.",0,614104,2014,16
"Vor allem aber die anspruchsvollen medizinischen Leistungsangebote der Hochschulen - Bochum, Essen, Witten-Herdecke - können dazu beitragen, die Attraktivität des Standortes in diesem Bereich zu verbessern und überregionale Nachfrage nach Gesundheitsdienstleistungen aus dem Revier zu mobilisieren.",1,37752,2001,16
"Wer dagegen die Lage Deutschlands heute eher kritisch beurteilt, sieht auch keine positive Zukunft für das Land.",0,236723,2007,16
"Die Bereitschaft zu grenzüberschreitender Mobilität wird aus Sicht der jungen Leute von mehreren Faktoren bestimmt: Wichtig sind ihnen die Aussicht auf Verbesserung der Fremdsprachenkenntnisse, der fachlichen Qualifikationen und der beruflichen Aufstiegschancen.",3,50962,2002,16
"Untersuchungen* der Universität Luxemburg haben erstmals gezeigt, wie dies möglich ist.",1,631033,2015,16
"Dienstleistungspolitik sollte nach Auffassung der IAT-Wissenschaftler an vorhandene Stärken anknüpfen: unternehmensnahe und infrastrukturbezogene Dienstleistungen, Gesundheitswirtschaft, Erziehung und Bildung.",0,57966,2003,16
"Zu diesem Ergebnis kommen neun international anerkannte Fachgutachter, die im Auftrag des Ministeriums für Wissenschaft und Kultur die wirtschaftswissenschaftliche Forschung an niedersächsischen Hochschulen unter die Lupe genommen haben.",1,42599,2001,16
"""Die Gedankenwelt unserer Vorfahren im Umgang mit dem Tod und die Beziehung der Lebenden zu den Toten erschließt sich dem Anthropologen mehr oder weniger aus der Beschäftigung mit den sterblichen Überresten unserer Vorfahren.",0,289453,2008,16
"Im Bereich der Betriebswirtschaftslehre hebt die Kommission die Abteilungen Marketing, Produktionswirtschaft sowie Banken und Finanzierungen als besonders innovativ und international anerkannt hervor.",1,42599,2001,16
"Die nach dem Gesundheitsreformgesetz der Großen Koalition bereits geltende Regelung sehen die Forscher als ""sachgerechten Kompromiss"": Das Gesetz sieht vor, dass bei fortlaufendem Beitragsverzug das Versicherungsverhältnis ruht, Patienten mit akuten Schmerzen oder in Notfällen aber auf Kassenkosten behandelt werden.",0,291121,2008,16
"Ebenfalls zeigten sie in einem Netzwerk visueller, limbischer und präfrontaler Hirnregionen eine ähnliche neuronale Antwort auf männliche und weibliche Gesichter.",0,142310,2006,16
"Die neue Verbindung besteht aus zwei unterschiedlichen Schichten, die abwechselnd aufeinander folgen: Einer supraleitenden Eisenselenid-Schicht (FeSe) und einer ferromagnetischen Lithium-Eisen-Hydroxid-Schicht (Li,Fe)OH.",0,607636,2014,16
"„Umso mehr freut uns auch die Anerkennung und Auszeichnung dieser Leistung mit dem Wissenschaftspreis 2014 Datenschutz Rheinland-Pfalz.“ Die Bachelorarbeit von Dominique Facciorusso ist im Rahmen des Forschungsprojekts „Die Googleisierung der Informationssuche“ entstanden, das durch den Forschungsschwerpunkt Medienkonvergenz der JGU gefördert wurde.",0,603888,2014,16
"Ein Solarmodul mit 144 halben Zellen liefert 330 W, während die Leistung des entsprechenden Referenzmoduls mit 72 ganzen Zellen 315 W beträgt.",0,590306,2014,16
Selbst B und C wären jedoch mit Stromgestehungskosten von 5 bis 10 Cent pro Kilowattstunde wettbewerbsfähig.,1,145375,2006,16
Betroffen sind (2004) mehr als 6 Millionen Beschäftigte in Deutschland.,0,150919,2006,16
"„Unsere Studie ist ein erster Versuch, alle drei Bewertungskriterien – Nutzungsraten, Bestandsgrößen und Bestandsstrukturen – bei den wichtigen Beständen zusammenzuführen“, sagt Probst.",3,524198,2013,16
Ein wichtiger Teilaspekt der Studie bezieht sich daher auf die potenzielle Anwendung von lebenszyklusorientierten PPP-Modellen für die Bereitstellung und Bewirtschaftung von Hochschulgebäuden.,1,261638,2008,16
"Das Fraunhofer ISI unterstützt Unternehmen, Berater und Betriebsräte gerne bei der Anwendung des Tools und bei der Standort-Entscheidungsfindung.",0,221444,2007,16
Vor diesem Hintergrund erscheint die aktuelle Forderung nach tiefgreifenden Lohnsenkungen besonders absurd.,1,84088,2004,16
Die Modelle C und D zeigen das große Potential für weitere physikalische und technologische Verbesserungen.,0,145375,2006,16
"Vor der Therapie mittels Immunadsorption hatte weder der Plasma-Austausch (Plasmapherese) noch die Gabe eines Antikörpers (Eculizumab) zu einem durchschlagenden therapeutischen Erfolg geführt“, erläutert der hannoversche Nierenspezialist Privatdozent Dr. Jan T. Kielstein.",1,439383,2011,16
"Ebenso sind vollkommen neuartige klinische Therapien denkbar, beispielsweise die Transplantation von Nervenzellen.",1,505178,2012,16
"–Der geplante Mindestlohn: im europäischen Vergleich moderat– Der in Deutschland vorgesehene gesetzliche Mindestlohn von 8,50 Euro pro Stunde ist nach Einschätzung der Forscher „im europäischen Vergleich sowohl absolut als auch relativ eher moderat“.",0,592767,2014,16
Gemeinsam mit seinem Kollegen Thomas Lützkendorf hat er den Leitfaden „Sustainability Metrics“ zur Umsetzung eines unternehmensbezogenen Nachhaltigkeitsmanagementsystems für die Immobilienwirtschaft federführend mitgestaltet und die wissenschaftlichen Grundlagen dafür erarbeitet.,0,591959,2014,16
Die Studie „Verteilungswirkungen der Marktförderung des EEG in den Bereichen Photovoltaik und Windenergie (onshore)“ kann unter http://www.impres-projekt.de/impres-wAssets/docs/Verteilungswirkungen_Strom.pdf heruntergeladen werden.,0,597650,2014,16
Dadurch wird die mRNA und nachfolgend die Proteinsynthese eines weiteren Transkriptionsfaktors (Nurr1) erhöht.,0,208186,2007,16
"„Der Bericht zeigt sehr eindrucksvoll, wie sehr sich Investitionen in Forschung und Entwicklung (FuE) auszahlen“, sagte Schavan, nachdem das Kabinett dem Bericht zugestimmt hatte.",1,370249,2010,16
"Das ist die Quintessenz der ersten großen, systematischen Studie, die den Zusammenhang zwischen Wohneigentum und Glück zum Gegenstand hatte.",1,630227,2015,16
"Ungewiss bleibt jedoch, ob die rot-grüne Regierungskoalition mit einer absoluten Mehrheit der Sitze im nächsten Bundestag rechnen kann.",0,51950,2002,16
Bisher hat sich die Wissenschaft vor allem mit der Analyse der Ursachen der Gewalttaten und mit den körperlichen und seelischen Schäden der Betroffenen beschäftigt.,0,21364,2000,16
Anschließend können die Jugendlichen das gewonnene Wissen in einem Lernquiz testen.,0,366533,2010,16
Auch für die Bewältigung dieses Konflikts sollen die dargestellten guten Bei-spiele wichtige Impulse geben.,0,462603,2012,16
Andererseits melden die gesetzlichen Krankenkassen bereits Beitragsausfälle in Millionenhöhe durch säumige Neu-Versicherte.,0,291121,2008,16
Noch am zuversichtlichsten schätzten die Dresdner (34%) die Zukunft der Nation ein.,1,280861,2008,16
"Mit Mehrkerntechnologie zu ""eingebetteten"" Prozessoren mit Echtzeitgarantie Kernidee des MERASA-Projekts war es, für hochleistungsfähige, harten Echtzeitanforderungen genügen könnende Prozessoren eingebetteter Systeme die Mehrkerntechnologie zu nutzen, die darauf basiert, dass mehrere vollständige Prozessoren auf einem Chip verbaut werden.",0,401466,2010,16
"Wir sollten dabei die Marke ""Made in Germany"" mittelfristig wohl durch ""Created in Germany"" ersetzen, weil wir im Zeitalter der Globalisierung nicht immer die Endproduktion eines Produktes, aber dessen Weg von der Grundlagenforschung z.B. in Informationstechnologie, Nanotechnologie und Neuen Materialien bis hin zum Produkt und dessen Finanzierung und Vertrieb von hier aus steuern.""",0,74604,2004,16
"Das Forscherteam hat hier die Bandbreite möglicher Einsparungen errechnet, die sich für die Errichtung von integrierten Landstreitkräften in der EU ergeben würden und beziffert diese auf Beträge zwischen drei und neun Milliarden Euro jährlich, ohne dass dadurch die militärische Leistungsfähigkeit verringert würde.",0,543085,2013,16
Anderenfalls würde auch die nun geplante Erhöhung der pauschalen Abgaben der Arbeitgeber für Minijobs von 25 auf 30 Prozent höchstwahrscheinlich nur zu weiteren Lohnabschlägen für Minijobber führen.,0,150919,2006,16
"Diese Sammlung der „Guten Beispiele“ soll Impulse für neue Projekte geben und helfen, die Synergien zwischen dem Schutz der Biodiversität in Auen und Fließge-wässern und ökologischem Hochwasserschutz zu nutzen.",0,462603,2012,16
"Ministerinnen Annette Schavan und Johanna Wanka stellen gemeinsam mit Gründungsdirektor Prof. Klaus Töpfer das neue Spitzen-Institut in Potsdam vor Die weltweit kreativsten Köpfe der Nachhaltigkeitsforschung sollen einen weiteren Grund erhalten, nach Deutschland zu kommen: Am neuen Institute for Advanced Sustainability Studies (IASS) in Potsdam werden sich Top-Wissenschaftler mit den großen Herausforderungen beschäftigen, die sich durch den Klimawandel und weitere globale Veränderungsprozesse ergeben.",2,323387,2009,16
"Best-Practice-Beispiele aus Österreich Konkret wird DIVA nun mit drei Produkten abgeschlossen, die der Öffentlichkeit zur Verfügung stehen: In einem „Good-Practice-Katalog“ werden 60 Bildungsprojekte aus der gesamten EU vorgestellt, die hinsichtlich der Verwertung und Verbreitung ihrer Ergebnisse als besonders erfolgreich einzustufen sind.",1,438668,2011,16
"An der Technischen Universität Dortmund entstand 2009 ein Zentrum für Kunsttransfer, in dem das nonlineare Denken in der Zusammenarbeit zwischen Künstlern und Ingenieuren geübt wird, und die Hochschule St. Gallen erforscht künstlerische Strategien in der Organisationsgestaltung.",0,467617,2012,16
Aus dem genauen Maß an genetisch kodierter Stabilität der 13 Proteine ließ sich daraufhin die maximale Lebensdauer vorhersagen.,1,239965,2007,16
"Beide Modelle beruhen auf den Vorschlägen der ""Rürup-Kommission"" (Regierungskommission für die Nachhaltigkeit in der Finanzierung der Sozialen Sicherungssysteme).",0,72019,2003,16
"(Düsseldorf, 11.09.2009) ""Wir müssen Frauen aktiv darin unterstützen, sich in dieser männerdominierten Branche durchzusetzen.",0,333178,2009,16
"Die Forscher stellten zunächst fest, dass eine bestimmte Unterpopulation, die sogenannten zentralen T-Gedächtniszellen, ein hohes Potenzial zur Vermehrung und Differenzierung zeigten - unabhängig von ihrem Herkunftsort wie zum Beispiel dem Knochenmark, aus Lymphknoten oder der Milz.",3,597487,2014,16
"Der Anteil der Männer vom Potenzial-Typ „Führungsnachwuchs“ ist in den Wirtschaftswissenschaften deutlich höher, er liegt bei 32 Prozent im Vergleich zu 22 bei den Frauen.",0,412370,2011,16
"""Da der erfolgreiche Start praktisch jeder Immunantwort davon abhängt, dass T-Lymphozyten im Lymphknoten ihre spezifischen Fremdstoffe finden, ist dieser Mechanismus wahrscheinlich von zentraler Bedeutung für das Funktionieren des Immunsystems"", sagt Professor Dr. Reinhold Förster, Direktor des MHH-Instituts für Immunologie.",3,203532,2007,16
"Dieses herausragende Projekt trägt dazu bei, diese Kulturlandschaft und damit auch die Biodiversität im Alpenraum zu erhalten und zu sichern.“ BfN-Präsidentin Beate Jessel: „Mit der Wiederherstellung und der dauerhaften Sicherung von Mooren mit einem naturnahen Wasserhaushalt sowie den Erhalt von Streuwiesen leistet das Naturschutzgroßvorhaben einen wichtigen Beitrag zur Sicherung des Naturerbes.",1,508530,2012,16
"„Die gute Lage auf dem Arbeitsmarkt hat den Sozialversicherungen Überschüsse in Milliardenhöhe beschert“, erklärt Prof. Dr. Frank Brettschneider von der Universität Hohenheim, der die Allianz Zuversichtsstudie wissenschaftlich begleitet.",0,485454,2012,16
Neben der internationalen Ausrichtung spielt die Verknüpfung von Theorie und Praxis eine herausragende Rolle.,1,554850,2013,16
Eine wichtige Rolle für den Markterfolg nachhaltiger Dienstleistungen spielt unter anderem eine frühzeitige Sensibilisierung und Einbindung von Kunden.,3,469787,2012,16
"""Ein erfolgreiches Wundmanagement ist ein entscheidendes Qualitätskriterium und eine Frage der Sicherheitskultur im Krankenhaus, der aufgeklärte Patienten immer stärkere Bedeutung beimessen.""",1,322034,2009,16
Diese Aufgabe übernimmt der VDI Verein Deutscher Ingenieure.,0,610578,2014,16
"Das Forschungsprojekt ""Frauen in der Spitzenforschung"" an der Universität Hamburg begleitet diesen Prozess für einen Zeitraum von fünf Jahren.",0,302997,2009,16
"Im Fokus der Tätigkeiten steht die Evaluierung von Produkten aus den Bereichen Datenschutz, Elektronische Signatur, E-Payment.",0,55561,2002,16
"Als Lichtquelle werden in den Kristall so genannte Quantenpunkte integriert, die - gleichsam wie künstliche Atome - nur Licht einer ganz bestimmten Wellenlänge aussenden.",0,446379,2011,16
"In Interviews mit Gründern, Investoren, Beratern der Unternehmen und mit Vertretern der Wissenschaftsorganisationen suchten die ISI-Forscher nach Kriterien für Erfolg und Misserfolg solcher Ausgründungen.",0,161084,2006,16
Auf einem offiziellen Side Event der Bundesregierung auf der UNO-Weltklimakonferenz in Doha im Dezember 2012 präsentierte Professor Dr. Wittberg zusammen mit der FHM-Rektorin Professor Dr. Anne Dreier und FHM-Geschäftsführer Dr. Richard Merk die erarbeiteten Forschungsergebnisse.,0,569759,2014,16
So konnten genaue Einblicke in die räumlichen Auswirkungen von Stromerzeugung und -transport zu jeder Stunde des Jahres erlangt werden und die dafür notwendigen Systemdienstleistungen erfasst werden.,0,559168,2013,16
"Zu diesem Ergebnis kommt die deutsche Innovationserhebung des Jahres 2004, die das Zentrum für Europäische Wirtschaftsforschung (ZEW), Mannheim, im Auftrag des Bundesministeriums für Bildung und Forschung durchgeführt hat.",0,110794,2005,16
Faktisch ist damit die Zweiverdienerfamilie zur Voraussetzung für Wohlstandssicherung geworden.,0,537182,2013,16
"B. bei der ersten Untersuchung aus Sorge, ""etwas Falsches zu sagen"", völlig nichts sagende oder zum Teil sogar - ohne sich dessen bewusst zu sein - zu ihren eigenen Lasten falsche Angaben gemacht, so dass die Erstgutachter gar keine Anhaltspunkte dafür finden konnten, dass der Betreffende sich in seiner Einstellung und seinem Verhalten positiv geändert hat.",0,70667,2003,16
"Anders als bei Produktinnovationen ist ein wichtiges Maß für den Erfolg von Prozessinnovationen nicht ihr Anteil am Umsatz, sondern die Höhe der erzielten Stückkostensenkungen.",0,148680,2006,16
Mit der Konzeption und dem Aufbau des ServLab leisten das Fraunhofer IAO und seine Partner sowohl für Unternehmen als auch für den Forschungsstandort Deutschland einen wichtigen Beitrag zur Förderung von Innovationen im Dienstleistungsbereich.,0,178542,2006,16
"Die Konturen des Unternehmens der Zukunft sind bereits heute deutlich erkennbar: IT-gestützte Prozesse bilden das Rückgrat flexibler Produktionsstrukturen und ermöglichen es, dass systemisch organisierte Unternehmen „wie aus einem Guss“ weltweit agieren können.",0,531704,2013,16
"Neben der einer anwenderfreundlichen Verfahrensbeschreibung zur Testierung, sind Hinweise für die Gestaltung der Qualitätsarbeit im Leitfaden zu finden.",0,628258,2015,16
Diese Patienten könnten von weiteren positiven Forschungsergebnissen zu EPO profitieren.,1,180280,2006,16
"Die Deutschen sind leistungsorientiert, selbstbestimmt und kinderfreundlich Deutlich wird in der Allianz-Studie auch, wie vielschichtig das Phänomen Zuversicht ist.",0,236723,2007,16
Normalerweise ruht unser Immunsystem und greift auch den eigenen Körper nicht an.,0,184764,2006,16
"Eine Supercomputer-Infrastruktur auf höchstem Niveau zu schaffen, hatte das Expertengremium ESFRI, das European Strategy Forum for Research Infrastructures, in seinem Bericht gefordert, den es im Herbst 2006 der Europäischen Kommission übergeben hatte.",0,204696,2007,16
"Fiberio hingegen authentifiziert die Benutzer für jeweils diejenige Interaktion, die gerade ausgeführt wird - biometrisch und sicher“, fügte Baudisch hinzu.",0,566055,2013,16
"In der EU sind wir führend, gerade im Bereich der industriellen Hochtechnologie und in Forschung und Entwicklung“, ergänzt Ministerpräsident Winfried Kretschmann.",1,464865,2012,16
"Bochum, 09.03.2006 Nr. 88 Betriebsräte auf dem Prüfstand BISS-Studie bestätigt gute Zusammenarbeit RUB-Projekt leistet Beitrag zur Mitbestimmungsdebatte Die Geschäftsleitungen von Betrieben der deutschen Wirtschaft schätzen die Zusammenarbeit mit ihren Betriebsräten größtenteils positiv ein.",1,150120,2006,16
"So sollten die Anreizwirkung der Entgeltsicherung verbessert, die Fördervoraussetzungen weniger restriktiv gehandhabt und die Wiedereingliederung älterer Arbeitnehmer zu einer strategischen Größe der Zielvereinbarungen mit den Arbeitsagenturen werden.",1,145591,2006,16
"Das HLRS übernimmt dabei die Rolle einer Schnittstelle zu großen wie auch zu mittelständischen Unternehmen, die die verfügbaren Hochleistungsrechenressourcen nach dem Pay-per-use Modell nutzen können.",0,464865,2012,16
Nur so können zu den konstruktiven auch wirtschaftliche Vorteile realisiert werden.,0,610578,2014,16
"Zwar nehmen jenseits der fast vollmarinen, bzw. fast limnischen Randgebiete der Ostsee die für die jeweiligen Salzgehalte typischen Bakteriengemeinschaften in ihrer Artenvielfalt ab, aber anders als bei den Tieren und Pflanzen haben sich im Reich der Bakterien in den zentralen Bereichen der Ostsee, Arten angesiedelt, die sich an das Brackwasser angepasst haben.",0,441126,2011,16
"Diese Form der Sponsoringpartnerschaften lassen sich folglich als Standortbekenntnis starker Sponsorenmarken zur Region interpretieren, deren Motivation die Förderung und Verantwortungsübernahme für den regional ansässigen Spitzensport und die Positionierung als Good Corporate Citizen („guter Bürger“) ist.",0,599984,2014,16
"Tatsächlich bilden selbst Stammzellen, die zur Therapie neurodegenerativer Erkrankungen transplantiert wurden, meist Gliazellen anstatt die gewünschten Nervenzellen.",0,547314,2013,16
"Der Blick in den Jahresbericht 2014 zeigt, dass die von der CTR eingeschlagene Strategie greift: Neben der Initiierung weiterer strategischer Kooperationen wird auf den Auf- und Ausbau von Forschungsinfrastruktur und Technologie-Kompetenz gesetzt.",0,629995,2015,16
"Diabetes führt zu einer Überaktivierung des mTOR-Signalweges, was eine Schädigung hochspezialisierter Nierenzellen nach sich zieht.",0,428265,2011,16
"Das RWI hält das so genannte ""Pauschalprämienmodell"" für geeigneter als eine ""Bürgerversicherung"", um zukünftig die Krankenversicherung zu finanzieren.",0,72019,2003,16
"Auf Produzentenebene werden - anfangs nur mit Unterstützung durch CIAT und jetzt auch schon im Alleingang innerhalb der Wertschöpfungskette - alle Daten von den DAPA-Partnerbetrieben aufgenommen: Standort und Größe des Betriebs, Name der Produzenten, Kaffeesorte und ihre Qualitätseigenschaften, und vieles andere mehr wie zum Beispiel auch Düngungs- und Pflanzenschutzmaßnahmen.",0,188936,2006,16
Hierfür wurden neue statistische Ansätze entwickelt.,0,516925,2013,5
"Die Leistungslücke zwischen Jungen und Mädchen im Fach Mathematik, die sich nach wissenschaftlichen Befunden bereits in der Grundschule zu öffnen beginnt, hat langfristige Konsequenzen für die Studien- und Berufswahl von Mädchen.",0,411685,2011,5
"Politik und Alltag der Gleichstellung im Visier Das nun gestartete NFP 60 hat daher zum Ziel, die Wirkungen bisheriger gleichstellungspolitischer Strategien, Programme und Massnahmen zu beurteilen.",0,405628,2011,5
"Die aktuelle Studie demonstriert nun, dass Tre-Rekombinase HIV-1 auch aus einem infizierten lebenden Organismus wieder entfernen kann.",1,553802,2013,5
Schavan und Kretschmann geben an der Universität Stuttgart schnellsten zivilen Supercomputer Europas für die Nutzer frei Mit einem feierlichen Festakt wurde heute am Höchstleistungsrechenzentrum Stuttgart (HLRS) der schnellste Supercomputer Deutschlands und zugleich schnellste zivil genutzte Rechner Europas offiziell für die Nutzer freigegeben.,2,464865,2012,5
Lambert Schneider: Wirtschaftlichkeit und optimaler Betrieb von KWK-Anlagen unter den neuen energiewirtschaftlichen Rahmenbedingungen.,0,21218,2000,5
"Sie streben überschaubare Unternehmenseinheiten mit langsamem, stetigem Wachstum an und versuchen häufig, ohne Venture Capital oder Bankkredite auszukommen.",0,161084,2006,5
"Es basiert auf verschiedenen bewährten funktions-, verfügbarkeits- und ergebnisorientierten Geschäftsmodellen, die Kortmann in seinem Verfahren integriert.",0,261965,2008,5
Zur Vorfreude auf die Fußball-Europameisterschaft 2008: Im europäischen Vergleich belegt Deutschland mit 25 Prozent den vierten Platz.,0,263257,2008,5
"Jeder, der bereits einmal ein größeres Loch im Kopf hatte oder einen komplizierten Knochenbruch und daher Haut oder Knochen implantiert bekommen musste, weiß, wie langwierig er oft ist: Der Prozess, bis die Verletzung wieder vollkommen verheilt ist.",0,646560,2016,5
"Das Leibniz-Rechenzentrum stellte den Benchmarking-Experten der Herstellerfirma SGI einen ""Single-system Image Node"" mit 1024 Itanium-Rechenkernen und 4 TeraByte Hauptspeicher unter dem Novell SuSE Linux-Betriebssystem zur Verfügung.",0,335764,2009,5
"Die Broschüren können aber auch im Rahmen von Veränderungsprozessen dazu dienen, Mitarbeitern anderer Hierarchieebenen einen Eindruck über die Grundgedanken der damit einhergehenden personellen und strukturellen Anpassungsmaßnahmen zu geben.",0,341958,2009,5
Seit über 150 Jahren steht er Ingenieurinnen und Ingenieuren zuverlässig zur Seite.,0,584033,2014,5
"Zudem wären Aufsichtsbehörden für Technologieanbieter und Systembetreiber geeignete Anlaufstellen, um Hilfestellungen zur Verbesserung von Produkten oder der gesamten Datenverarbeitungspraxis zu geben.",1,648014,2016,5
Seit 1997 konnten damit mehr als 4.000 neue Arbeitsplätze im IT-Sektor geschaffen werden.,0,33591,2001,5
"Die meisten der befragten Studierenden nennen Optionen wie „länger arbeiten“, „sich mehr Mühe geben“ oder „Verantwortung übernehmen“, doch die mit Abstand erfolgversprechendste Option kommt ihnen nicht in den Sinn: nämlich dass der Student seinen Chef fragen sollte, was er in der zweiten Hälfte seines Praktikums tun müsse, um seine Chance auf eine Vollzeitstelle zu erhöhen.",1,637479,2015,5
"Die negativen Effekte des doppelten Alterungsprozesses werden im Rahmen einer größeren Personengesamtheit nicht vermindert, sondern - im Gegenteil - verstärkt.",1,65139,2003,5
"Knapp die Hälfte der Niedriglohnbeschäftigten in Deutschland verdient sogar weniger als die Hälfte des nationalen Medianlohnes - arbeiten nach internationaler Definition also für so genannte ""Armutslöhne"".",0,142462,2006,5
"Er heißt Dr. Norbert Schwarzer, ist wissenschaftlicher Mitarbeiter der Professur Physik fester Körper und hat die Surfmanöver analysiert, bei denen häufig das Brett zu Bruch geht.",0,117847,2005,5
"Der ""Beitragsbonus"" könnte in eine ""Beitragserstattung"" umgewandelt werden: Der Beitrag zur Arbeitslosenversicherung wird zunächst eingezogen, und die Arbeitsagentur erstattet ihn für die förderungsberechtigten Personen jährlich nachträglich zurück.",0,145591,2006,5
"Für internationale Kunden, die Modulmessungen zur Qualitätssicherung von PV-Kraftwerken einsetzen, hat die verbesserte Messgenauigkeit ebenfalls Vorteile.",0,607034,2014,5
"„Um Vögel und Fledermäuse optimal als Dienstleister in tropische Landschaften zu intergieren, benötigt es ein noch besseres Verständnis, welche Rolle die Zusammensetzung von Lebensräumen und lokales Management spielen“, so Dr. Maas.",1,635216,2015,5
Die Landwirte erwarten große Einbußen.,2,539689,2013,5
"Der Text kann schon vorab bei der Pressestelle angefordert werden, der Abdruck ist kostenfrei.",0,12696,1999,5
"Bei Maßnahmeteilnehmern aus Mehrpersonenhaushalten könnten daher ""Einsperreffekte"" auftreten, wenn die Höhe des Gesamteinkommens aus dem Arbeitslosengeld II und der Mehraufwandsentschädigung deutlich über den von den Arbeitssuchenden erzielbaren Marktlöhnen liegt.",1,112829,2005,5
"Die Ergebnisse der branchenübergreifenden Untersuchung des IAI zeigen: Unternehmen, die über praxiserprobtes Know-how zur Entdeckung und Vermeidung von Verschwendung verfügen, ist es in den letzten drei Jahren im Mittel deutlich besser gelungen, die Produktivität ihrer (Dienst-)Leistungsprozesse zu steigern, als Unternehmen, denen dieses Problemerkennungs- und Problemlösungs-Know-how nicht bekannt ist oder die dieses kaum nutzen.",2,584235,2014,5
"JARA-BRAIN Wissenschaftler Simon Eickhoff: „Dieses Bild menschlicher Moral deckt sich sehr gut mit klinischen Beobachtungen an Psychopathen, die bei theoretischen moralischen Fragestellungen überdurchschnittlich gut abschneiden, sich jedoch aus Mangel an Empathie im täglichen Leben unmoralisch verhalten.“ Weitere Informationen bei: Prof. Dr. Simon Eickhoff Brain Network Modelling Group Institut für Neurowissenschaften und Medizin (INM-1), Forschungszentrum Jülich Telefon: +49 2461 61 8609 E-Mail: S.Eickhoff@fz-juelich.de und Cognitive Neuroscience Group Institut für Klinische Neurowissenschaften und Medizinische Psychologie, Heinrich-Heine-Universität Düsseldorf Telefon: +49 211 81 13018 E-Mail: Simon.Eickhoff@uni-duesseldorf.de Danilo Bzdok Brain Network Modelling Group Institut für Neurowissenschaften und Medizin (INM-1), Forschungszentrum Jülich E-Mail: dbzdok@fz-juelich.de",1,472693,2012,5
"Ein westlicher Herrschertitel wie „Präsident“ scheide hingegen für sie aus, da er mit Feindbildern verknüpft sei – etwa den Präsidenten arabischer Staaten, die mit der westlichen Welt kooperieren.",2,594334,2014,5
Die Anhebung der Branchenmindestlöhne bewegte sich im vergangenen Jahr zwischen knapp 2 Prozent und nahezu 14 Prozent.,0,590336,2014,5
"Der Datenschutz wird damit im Sinne des 'Privacy by Design' bei der Einführung neuer Geräte oder Anwendungen von vornherein besser integriert"".",1,648014,2016,5
"Denn: Nur solche GmbHs, die auch tatsächlich der unternehmerischen Mitbestimmung unterliegen, kommen für die Anwendung der Frauenquote in Frage.",0,636446,2015,5
"Auch für den Extremfall versteht sich, der eine Antwort auf die zentrale Fragestellung erfordere: Wie hoch ist der Kapitalbedarf zum ""Überleben"", wenn es ganz schlecht läuft.",1,360373,2010,5
"Seit 2004 verleiht die European Science Foundation den EURYI Award, der herausragenden Nachwuchswissenschaftlern aller Disziplinen die finanziellen und personellen Mittel zur Verfügung stellt, ihre Forschungsgruppen in Europa zu etablieren.",1,179539,2006,5
"Zur Frage, wie wichtig das Thema für die Zukunftssicherung des Unternehmens ist, gehen die Einschätzungen von Handel und Herstellern allerdings deutlich auseinander.",0,626912,2015,5
"Während Kinder es als wichtig empfinden mit ihren Freunden zu spielen, sich zu mögen und Geheimnisse auszutauschen, betonen die Jugendlichen gleiche Interessen, Vertrauen und Intimität.",0,53001,2002,5
"Experimentierorte können so verschiedenartig sein wie die Raumpioniere, die sie besetzen, oder die Enthusiasten, die kleine Start-Ups für die Vermarktung ihrer Ideen gründen.",2,627876,2015,5
"""Auf die eigentliche Bestattung kamen die Befragten von sich aus gar nicht zu sprechen.""",0,70274,2003,5
"Vor diesem Hintergrund kann es nicht verwundern, wenn Arbeitgeber und weiterführende Bildungseinrichtungen verstärkt auf eigene Auswahlverfahren setzen und sich weniger auf die zertifizierenden Einrichtungen verlassen.",3,593626,2014,5
"Neue Modelle integrierter Leistungen sind bei chronischen Erkrankungen besonders erfolgreich: werden Schlaganfall-Patienten gut von ihrem Hausarzt betreut, verlängert das signifikant ihre Lebenserwartung und senkt gleichzeitig die Gesundheitskosten.“ Manche Länder schneiden in Rankings eindeutig besser ab als der OECD-Durchschnitt, „doch haben Experten/-innen oft Schwierigkeiten, die zugrunde liegenden exakten Mechanismen zu benennen“, sagte Prof. Smith.",1,606206,2014,5
"„Das Projekt wird in enger Kooperation zwischen Naturschutz, Land- und Forstwirtschaft durch-geführt.",0,483780,2012,5
"""Die Absatzmärkte der weißen Biotechnologie haben in vielen Anwenderbranchen stabile und überdurchschnittliche Wachstumsraten"", sagt ISI-Projektleiter Dr. Michael Nusser.",1,215062,2007,5
"Die Beschäftigungsquote der Frauen in der Bundesrepublik liegt - die Arbeitsstunden insgesamt umgerechnet in Vollzeit - bei 43,4 Prozent; gegenüber Dänemark mit 60,3 oder Schweden mit 56,2 also relativ niedrig.",3,46644,2002,5
"Zwar sei Nietzsches Prometheus ein ""Frevler"", zugleich aber werde in der Ablösung des Christengottes durch den Begriff der ""Gottheit"" ein pantheistischer Hintergrund entworfen, der auf Schillers und Hölderlins Einfluß verweist.",0,12937,1999,5
"Für fragwürdig hält Weinkopf die Einschätzung, dass Frauen in Niedriglohnjobs ohnehin nur einen ""Zuverdienst"" zum Haushaltseinkommen suchten.",1,284575,2008,5
"Auch in den Neuen Bundesländern ist die Stimmung insgesamt positiver als im zweiten Quartal 2011: Für Deutschland sind die Werte aktuell um fünf Prozentpunkte, für das persönliche Leben um einen Prozentpunkt höher als vor einem Jahr.",0,485454,2012,5
In Deutschland gibt es über eine Million Gesellschaften mit beschränkter Haftung (GmbH).,0,636446,2015,5
In den vergangenen Jahren ist hier Raum für eine berechtigte Hoffnung geschaffen worden.,2,521587,2013,5
"Unter den Experten der Tagung bestand Einigkeit, dass die neuesten Entwicklungen in der Seuchenbekämpfung, wie Markerimpfstoffe und neue hoch sensitive diagnostische Tests, auf ihre Eignung zum Einsatz bei der Bekämpfung der Schweinepest geprüft werden sollten.",0,228192,2007,5
"Neuer Index charakterisiert Biodiversität eines Ökosystems Ein Team von 58 Wissenschaftlerinnen und Wissenschaftlern aus der Schweiz und Deutschland erstellte einen einzigartig umfassenden Datensatz über die Biodiversität von 49 Organismengruppen, von Bakterien bis zu Vögeln.",2,567714,2013,5
"Das Preisgeld, so Dr. Herderich, sei hochwillkommen, um damit den Doktoranden seiner Arbeitsgruppe einen Teil der Reisekosten zu erstatten, die im Zusammenhang mit ihren interdisziplinären Projekten entstehen.",0,25284,2000,5
"Das zeigen die aktuellen Ergebnisse der seit 2007 monatlich durchgeführten Befragungen zur Allianz Zuversichtsstudie, einem Gemeinschaftsprojekt der Allianz Deutschland AG und der Universität Hohenheim.",0,539689,2013,5
"""Wenn es aber darum geht, Fleisch an die Knochen zu bringen, fehlt dazu die Bereitschaft"", stellt Professor Dr. Wolfram Hilz fest - sei es, weil es wie in Deutschland am Willen mangelt, ausreichend Mittel für die Rüstung bereitzustellen, oder weil traditionelle Bindungen oder unrealistische Großmachts-Phantasien einer koordinierten Politik im Wege stehen.",1,141817,2006,5
Das Bundesinstitut für Berufsbildung (BIBB) fördert seit über 30 Jahren im Auftrag des Bundesministeriums für Bildung und Forschung diese Arbeit und begleitet die Modellversuchsvorhaben von der Entwicklung über die praktische Umsetzung bis hin zur Verbreitung der Ergebnisse.,0,86502,2004,5
Alle anderen Sequenzunterschiede zwischen den beiden Proteinen sind lediglich das Produkt neutraler evolutionärer Divergenz und haben mit der Thermostabilität nichts zu tun.,0,21425,2000,5
"""Qualifizierung ist aber der beste Schutz vor gesellschaftlicher Polarisierung und trägt der Verantwortung gegenüber der nachwachsenden Generation Rechnung"", so Bosch.",1,13456,1999,5
"Damit neue Ideen aus Wissenschaft und Forschung künftig schneller in erfolgreiche Produkte und Dienstleistungen umgesetzt werden, sollten die Rahmenbedingungen für die beteiligten Akteure weiter verbessert und Innovationshemmnisse minimiert werden, empfiehlt der VDE.",1,323164,2009,5
"Das BGIA empfiehlt deshalb, zum Schutz vor luftübertragenen Infektionskrankheiten immer nach Atemschutzgerätenorm bewertete Masken zu verwenden.",0,147560,2006,5
"Während an Fragestellungen zum klinischen Einsatz von Biomaterialien in anderen operativen Disziplinen wie u. a. der Orthopädie, der Kardiochirurgie, der Augenheilkunde oder der Urologie schon seit Jahren intensiv gearbeitet wird, stehen in der Hals-Nasen-Ohren-Heilkunde und der plastischen Kopf/Hals-Chirurgie die Entwicklung und Anwendung von biokompatiblen Werkstoffen noch am Anfang.",3,60163,2003,5
"Für Gartencenter und andere Endverkaufsbetriebe gewinnt der Nützlingseinsatz auch aus einem anderen Grund an Bedeutung: Durch die immer länger werdenden Öffnungszeiten fehlen zunehmend die Zeitphasen, die nach der Anwendung chemischer Pflanzenschutzmittel als Wartezeiten vorgeschrieben sind, bevor die behandelten Räume wieder betreten werden dürfen.",0,192597,2007,5
Die Tagung informiert über die Ergebnisse dieses Projektes.,0,64544,2003,5
Lediglich bei den Preisen für Neubauwohnungen wird in den nächsten sechs Monaten eine deutliche Steigerung von rund fünf Prozent prognostiziert.,2,450565,2011,5
Robust gegen Rauschen Die neuroinformatorische Forschung zur Computer Vision befaßt sich aus diesem Grund unter anderem mit dem visuellen System von Lebewesen.,0,16305,1999,5
"Darin liege der große Vorteil seiner Methode, so Dr. Herderich: ""Überspitzt gesagt, müssen wir nicht erst fünf Tonnen Äpfel aufarbeiten, bevor wir einen bestimmten Stoff nachweisen können.""",1,25284,2000,5
"Einen Schwerpunkt bilden dabei die Cluster Automotive, Chemie/Kunststoffe und Energie/ Umwelt, die über eine besonders hohe Wertschöpfung und ein ausgeprägtes Innovationspotenzial verfügen.",2,463161,2012,5
"Hinsichtlich der Promotionsnoten geht das iFQ davon aus, dass sich hinter den Problemen der Benotungspraxis eine Fülle von Fragen nach den Qualitätsstandards und angemessenen Verfahren zu deren Einhaltung verbergen.",0,593626,2014,5
"Unter der Leitung des Kölner Neurologen unterzogen sich insgesamt 40 Patienten mit Morbus Parkinson in Deutschland, England, Italien, Frankreich, Österreich und Spanien einer „Hirnschrittmacher-Operation“.",0,539055,2013,5
"„Die Ergebnisse auch dieser neuen EU-Studie bestätigen abermals die führende Position, die der Software-Cluster in Europa hat“, so Gino Brunetti, Cluster-Manager des Software-Clusters.",2,583143,2014,5
Dabei ergab sich kein Unterschied zwischen Jungen und Mädchen.,0,53001,2002,5
"Hier kann in jedem Ein-zelfall geprüft werden , ob dem Gutachten der ""ersten Instanz"" gefolgt werden kann.",2,70667,2003,5
"Professor Christian Dustmann, einer der Autoren der Studie, sagt: „Wir glauben nicht, dass der politische Prozess alleine - ohne die im Rahmen der Tarifautonomie existierenden Flexibilitätsspielräume - in der Lage gewesen wäre, die dramatische Dezentralisierung der Lohnfindung in Deutschland herbeizuführen, welche letztendlich für die Verbesserung der Wettbewerbsfähigkeit entscheidend war.",2,571692,2014,5
Die Entdeckung und Entwicklung der Impfung ist eine Erfolgsstory in der Medizin.,2,528341,2013,5
"Aus diesen Vergleichstests können wichtige Schlüsse über die Umweltfaktoren gezogen werden, welche die Kaffeequalität beeinflussen.",1,188936,2006,5
"Mit dem ""Nachhaltigkeitsbarometer Fläche"" wurde ein neues, indikatorenbasiertes Informations- und Bewertungsinstrument zur politischen Entscheidungsunterstützung und Evaluation siedlungs- und verkehrspolitischer Maßnahmen entwickelt.",0,244578,2008,5
"Hier beschreibt der Statusreport, welche bestehenden rechtlichen Regelungen auf die additiven Fertigungsverfahren übertragbar sind, und wo aufgrund der höchst arbeitsteiligen Produktion, an der auch der Endverbraucher beteiligt sein kann, noch juristischer Klärungsbedarf be-steht.",0,610578,2014,5
"Ulf Dahlsten, EU-Direktor in der Generaldirektion Informationsgesellschaft und Neue Medien, begrüßte, dass die Nationen in Europa nun nicht mehr im Wettbewerb untereinander, sondern gemeinsam antreten und sich damit gestärkt dem weltweiten Wettbewerb stellen können.",1,204696,2007,5
Als Folge von Entwässerungen und der Intensivierungen der land- und forstwirtschaftlichen Nutzung sind viele Moore zumindest oberflächig ausgetrocknet.,0,508530,2012,5
"Die Zukunftsforen und der Arbeitskreis werden organisiert vom BMBF-Forschungsprojekt „GlobePro – Global erfolgreich durch professionelle Dienstleistungsarbeit“, das seit mehr als drei Jahren die Herausforderungen der Globalisierung in modernen Dienstleistungsbranchen untersucht und dafür nachhaltige Gestaltungskonzepte entwickelt.",1,531704,2013,5
"„Diese Auszeichnung freut uns besonders, da sie insbesondere die Bedeutung der Nutzenmessung in der Gesetzgebung für die heutigen und künftigen Generationen unterstreicht.",2,569759,2014,5
"Der Abschlussbericht des Projekts ""Entwicklung und zukünftige Bedeutung mobiler Multimediadienste"" steht unter dem URL http://www.izt.de/mmd/ zum kostenlosen Download zur Verfügung.",0,42739,2001,5
"Allerdings enthält die Bertelsmann-ZEW-Studie auch eine Warnung: Die errechneten Kosteneinsparungen lassen sich nur dann realisieren, wenn die Übernahme der neuen Aufgaben durch die EU nicht mit einer Anhebung der Gehälter gegenüber dem nationalen Niveau einhergeht.",3,543085,2013,5
"Die Studie verwendete diesen außerordentlich umfassenden Datensatz und ein neues Maß, um die ganze Artenvielfalt der untersuchten Ökosysteme zu charakterisieren.",2,568060,2014,5
Den größten Anteil davon wird das Bundesministerium für Bildung und Forschung (BMBF) tragen.,0,323387,2009,5
"Dies ist auf die sehr schnelle Hauptspeicheranbindung, das äußerst leistungsfähige interne Netz sowie den großen gemeinsamen Hauptspeicher zurückzuführen.",2,216098,2007,5
"Auch der Blick auf die zukünftigen Entwicklungen im persönlichen Leben stimmt die Menschen optimistisch – und das auf hohem Niveau: Zwei von drei Bundesbürgern antworten auf die Frage, wie sie ihrer persönlichen Situation in den kommenden zwölf Monaten entgegensehen „mit Zuversicht“ oder „mit großer Zuversicht“.",1,578477,2014,5
"Mit der Genauigkeit könnten sie theoretisch nachweisen, ob in einem voll beladenen Jumbo-Jet ein Passagier eine 1 Euro Münze im Portemonnaie hat oder nicht.",2,408124,2011,5
"Die ""Subventionierung"" der Minijobs, die eigentlich den Arbeitnehmern gilt, wird damit faktisch an die Arbeitgeber weitergegeben, so dass die im Vergleich zur voll sozialversicherungspflichtigen Beschäftigung etwas höheren pauschalen Arbeitgeber-Abgaben mehr als kompensiert werden, kritisiert die IAT-Forschungsdirektorin Dr. Claudia Weinkopf.",1,150919,2006,5
„Ein optimistischer Blick auf die allgemeine Wirtschaftslage und eine positive Einschätzung der Sicherheit des eigenen Arbeitsplatzes sind die Folge.,0,552113,2013,5
"Hohe absolute Innovationsumsätze erzielen außerdem das Kredit- und Versicherungsgewerbe, die Elektroindustrie, der Maschinenbau und die Chemieindustrie, aber auch der Großhandel.",0,203117,2007,5
Im Workshop werden Ansätze dafür diskutiert.,0,441462,2011,5
"Dieses theoretische Verständnis erlaubt es nun, nach gezielten Verfahren zur Verbesserung des Stromtransports in den Kupferoxid-Supraleitern zu suchen und damit letztlich die Möglichkeiten ihres praktischen Einsatzes zu erweitern.",0,376818,2010,5
"Die Forscher geben Empfehlungen, wie sich diese Faktoren positiv für die Kundenakzeptanz von Elektromobilität nutzen lassen: Die Umweltfreundlichkeit von elektrischen Fahrzeugen muss durch die Bereitstellung von Strom aus erneuerbaren Energieträgern sichergestellt werden.",0,460670,2012,8
Dies sind dabei nur einige von vielen Beispielen.,3,226065,2007,8
"Demnach werden vor allem für mobile Multimediadienste in den Bereichen Information, ortsbezogene Dienstleistungen, Entertainment und Finanzen/Einkaufen günstige Marktchancen vorhergesagt.",1,42773,2001,8
Die Erhebung fand online im Zeitraum zwischen dem 17. und 28. März 2014 mittels eines standardisierten schriftlichen Fragebogens statt.,0,599984,2014,8
Einen besonders großen Sprung nach oben macht die Zuversicht der Menschen beim Gedanken an die zukünftige Entwicklung der allgemeinen Wirtschaftslage in Deutschland: Nahezu jeder vierte Befragte (24%) sieht die wirtschaftlichen Entwicklungsperspektiven positiv.,1,361483,2010,8
Nicht minder freilich seien die erzielten Fortschritte allen beteiligten Industrie- und Forschungspartnern geschuldet.,0,634631,2015,8
"Insbesondere bei Patienten über 60 Jahre konnte die Rate kompletter Remissionen (Verschwinden der Lymphome) um fast 20% verbessert werden, bei Patienten mit ungünstigen Krankheitsfaktoren sogar um fast 30%, d.h. von den bisher üblichen 40% auf fast 70%.",1,24796,2000,8
Die 34 bestplatzierten erhielten zwischen 41 und 100 Punkten.,0,583143,2014,8
"Eine Printversion von ""Studienqualitätsmonitor 2007"" können Interessenten gegen eine Schutzgebühr von 20 € direkt bei HIS bestellen.",0,246423,2008,8
"Springt er in die falsche Richtung, dann fällt fast sicher ein Tor; springt er in die richtige Richtung, dann hält er den Ball mit einer gewissen Wahrscheinlichkeit“, so Prof. Dr. Christian Rieck vom Fachbereich Wirtschaft und Recht, Leiter der Forschungsgruppe.",1,595386,2014,8
"Gemeinsam mit unseren Partnern aus Wirtschaft, Wissenschaft und Politik werden wir nun diskutieren, welche strategischen und operativen Handlungsansätze zur Stärkung der Wettbewerbsfähigkeit Mitteldeutschlands sich daraus ergeben und wie diese gegebenenfalls zu realisieren sind.“ Handelshochschule Leipzig (HHL) Die HHL ist eine universitäre Einrichtung und zählt zu den führenden internationalen Business Schools.",0,463161,2012,8
"Entsprechend hoch sind die zukünftigen Beschäftigungspotenziale: Mehrere hunderttausend Arbeitsplätze, vor allem in wichtigen Anwenderbranchen und deren vorgelagerten Zulieferindustrien (z.B. Maschinen- und Anlagenbau), sind laut Nusser realistisch - allerdings erst mittel- bis langfristig, weil sich die industrielle Biotechnologie nur allmählich verbreitet.",3,215062,2007,8
"Die Zuversicht, dass der eigene Job sicher ist, wächst am stärksten Auch für die eigene Zukunft sind die Menschen in Deutschland optimistisch – und zwar auf hohem Niveau: Knapp zwei Drittel der Befragten sehen die Entwicklung ihrer persönlichen Situation in den kommenden zwölf Monaten mit „Zuversicht“ oder gar „großer Zuversicht“.",0,443124,2011,8
Der Grund: ein Softwareproblem.,0,363416,2010,8
"Da Leistung und Strahlqualität stetig steigen, werden die Limitierungen in der Übertragungslänge dazu führen, dass die hohe Brillanz der künftig kommerziell verfügbaren Hochleistungs-Festkörperlaser nicht voll ausgenutzt werden kann.",0,346325,2009,8
•	Politikinstrumente sollten gezielt die Bereitstellung von „Bündeln“ verschiedener Ökosystemleistungen fördern.,3,533748,2013,8
"Sie in die Wertschöpfungskette für Premiumprodukte einzubeziehen, ist eines der Ziele der ""Diversification Agriculture Project Alliance (DAPA)"", das vom Internationalen Forschungszentrum für Tropische Landwirtschaft (CIAT in Cali/Kolumbien) gesteuert wird.",0,188936,2006,8
In den Vorständen sind sogar 91 Prozent verheiratet und 70 Prozent haben ein oder mehrere Kinder.,1,447042,2011,8
Die Zuversichtswerte für die deutsche Wirtschaft sind zum Jahresende 2011 sogar um elf Prozentpunkte gegenüber dem Vorjahreszeitraum gefallen.,1,456995,2011,8
"Es geht Krähnke weniger um eine Definition, was Selbstbestimmung an und für sich bedeutet.",3,206192,2007,8
Ein signifikanter positiver Effekt von Frauen in Aufsichtsräten lässt sich bei Unternehmen mit Fokus auf Privatkunden und/oder einem hohen Frauenanteil an der Gesamtbelegschaft nachweisen.,1,447042,2011,5
"Durch das Zusammenspiel von moderner Gebäudeautomation, effizienten klinischen Pfaden und intelligenter Heizungs-, Lüftungs- und Klimatechnik, Medizintechnik sowie Informations- und Kommunikationtechnik lassen sich nicht nur Energieeinsparungen von bis zu 40 Prozent, sondern auch deutlich mehr Patientenkomfort und damit Wettbewerbsvorteile erzielen.",1,451418,2011,5
"Der Einsatz der Feuerwehrkräfte bei der Brandbekämpfung wird daher zunehmend schwieriger und gefährlicher, wie das Forschungsprojekt ""Innovative Sicherheitsarchitektur der nichtpolizeilichen Gefahrenabwehr (TIBRO)"" zeigte.",1,632087,2015,5
"Nach einem Bericht der ""Kienbaum Management Consultants GmbH"" zeichnet sich die Patentverwertungsagentur niedersächsischer Hochschulen (PVA) vor allem durch ihr Konzept und ihre Strategie aus.",2,73437,2003,5
"Der extrem hohe Niedriglohnanteil bei Minijobs wirft einen weiteren Schatten auf das vermeintliche ""Beschäftigungswunder Minijob"" und signalisiert, dass es an der Zeit ist, den Arbeitsbedingungen der so Beschäftigten größere Aufmerksamkeit zu widmen.",2,150919,2006,5
"Das produzierende Gewerbe hingegen hat durchweg eine Abnahme der Beschäftigten hinzunehmen, am stärksten in den Städten Würzburg und Schweinfurt, dort sogar jeweils um minus zwei Prozent.",0,49485,2002,5
Mit einer Leistung von mehr als 1 Petaflop/s (1 Billiarde Rechenoperationen pro Sekunde) zählt es zu den leistungsfähigsten Supercomputern der Welt.,0,464865,2012,5
"Diese Strategie setzt auf flexible Strukturen und Prozesse, die an die Wünsche der Kunden angepasst werden, zum Beispiel durch die Dezentralisierung von Planung und Steuerung der Produktion oder durch die Einführung von Gruppenarbeit.",0,82470,2004,5
Forschungen auf internationalem Spitzenniveau und wissenschaftlichem Exzellenzanspruch können damit noch effektiver umgesetzt werden.,2,629995,2015,5
"Das knappe Managementpersonal für diese kritischen Prozesse wird oft vom deutschen Stammsitz bezahlt, der dadurch künstlich verteuert wird, während der Auslandsstandort die Unterstützungsleistungen nicht tragen muss.",0,221444,2007,5
"Die Betriebsbefragung bestätigt dies: Von den insgesamt 173 jungen Leuten, die von den befragten Betrieben ins Ausland geschickt wurden, waren in der Gruppe der Auszubildenden nur 35% Frauen (gegenüber 65% Männern), bei den jungen Fachkräften betrug der weibliche Anteil sogar nur 18% (gegenüber 82% bei den Männern).",0,50962,2002,5
Anreizmechanismen lassen sich so besser und flexibler gestalten.,2,72019,2003,5
"Claus Heitmann, Geschäftsführer der C2GO inprocess solutions ist hocherfreut, das FBH in seiner Forschungs- und Entwicklungsarbeit zu unterstützen, und das volle Vertrauen für eine anschließende federführende Vermarktung des Produktes zu genießen: „Nach mehreren Monaten intensiver ingenieurstechnischer Entwicklungsarbeit mit engster Abstimmung und Zusammenarbeit mit den Kollegen des FBH freuen wir uns, durch die erfolgreiche Erstinbetriebnahme einen sehr wichtigen Meilenstein erreicht zu haben.",2,621130,2015,5
"Es geht vielmehr auch darum, Prozesse und Standards anzuwenden, die nicht nur wirtschaftlichen Erfolg ermöglichen, sondern zugleich im Sinne der Beschäftigten sind.",0,529031,2013,5
Eine positive Stimmung kann also Angebote in einem rosigeren Licht erscheinen lassen und damit zu einer flüchtigeren Informationssuche führen.,0,471597,2012,5
"Ein Fachausschuss des ForschungsVerbunds Erneuerbare Energien (FVEE) hat im Juni 2013 ein Positionspapier erarbeitet, das Zieldimensionen für ein zukünftiges Systemdesign des Strombereichs beschreibt und Empfehlungen formuliert.",0,540213,2013,5
"Die Vorlage für diesen Steckbrief speichert das Bakterium in seinen eigenen Genen, und zwar in Regionen, die Wissenschaftler als CRISPR bezeichnen (englisch: „Clustered regularly interspaced small palindromic repeats“, etwa: „Regelmäßige Anordnung von kleinen, symmetrischen Wiederholungen“ in der Abfolge der DNA-Bausteine).",0,531381,2013,5
Das zeigt der aktuelle Bericht des Instituts Arbeit und Technik (IAT/Gelsenkirchen) zur Entwicklung der Dienstleistungswirtschaft an Rhein und Ruhr.,0,57966,2003,8
Ebenso wichtig ist die Verankerung einer objektivierenden Sichtweise im Service Engineering.,0,585564,2014,8
"Aus insgesamt 20 eingereichten Arbeiten kürte die Jury den Beitrag von Kerstin Schmidt (Universität Marburg), »Ein stochastisches Modell zur Ertragsmessung in der privaten Krankenversicherung«, als beste (DM 8000,-).",0,16052,1999,8
Allein in Deutschland sind es derzeit sieben.,0,425276,2011,8
Biological Reviews 2015.,0,635216,2015,8
Im ersten Quartal 2008 ist der Durchschnittswert des Allianz Zuversichtsindex stabil gegenüber dem Jahresende 2007.,0,251843,2008,8
Die Diskussion über die Verkehrsinfrastruktur genießt aktuell eine hohe Aufmerksamkeit in Deutschland.,1,622516,2015,8
"""Bildung, Forschung und Innovation müssen gerade in der Rezession weiter Priorität haben"", schreiben die Experten.",0,303718,2009,8
"Die räumliche Trennung von Einkommensgruppen könne bei einer starken Ausprägung unerwünschte Folgen haben: „Im Ergebnis kann innerstädtische Einkommenssegregation dazu führen, dass sozioökonomisch schwächeren Bewohnern qualitativ schlechtere lokale öffentliche Ressourcen und Netzwerke zur Verfügung stehen.",3,595271,2014,8
"Die Lohnpolitik war in diesen Ländern - nicht zuletzt aufgrund der zumeist nach wie vor nur schwach entwickelten tarifvertraglichen Strukturen - insgesamt nicht in der Lage, Lohnerhöhungen durchzusetzen, die der ökonomischen Leistungsfähigkeit entsprechen und einen angemessene Partizipation der Beschäftigten an der ökonomischen Entwicklungsdynamik sicherstellen.",0,84088,2004,8
Klassische Experimente zur Zellmigration werden auf einheitlich beschichteten Glasplatten durchgeführt.,0,606446,2014,5
"Sie werden somit auch in die Umsetzung eines bundesweiten Biotopverbundkonzeptes einzubeziehen sein, so Vogtmann weiter.",0,42737,2001,5
"Im Gegensatz zu anderen Ländern, in denen sich die moderne Wundbehandlung bereits etabliert hat, besteht in Deutschland auf diesem Gebiet großer Nachholbedarf.",1,22117,2000,5
"Die Ausweitung von Zeitarbeit und Minijobs habe die Verbreitung von Niedriglöhnen besonders vorangetrieben, stellt das IAQ fest.",1,284575,2008,5
Laut Studie haben Unternehmen mit besonders flexiblen Organisationsformen im Mittel 33 neue Mitarbeiter eingestellt.,0,82470,2004,5
"Die Auswertung der Ergebnisse zeigt: Die Studentenwerke sehen ihre Aufgabe vor allem darin, Studierende durch geeignete Rahmenbedingungen und Services zu unterstützen; fast 90 % der Studentenwerke heben diese Rolle als wesentlich hervor.",0,457854,2012,5
"Die interdisziplinären Forschungsgruppen konzentrieren sich auf neue Technologien, Industrie- und Serviceinnovationen, Energiepolitik und nachhaltiges Wirtschaften sowie auf die Dynamik regionaler Märkte und die Innovationspolitik.",0,217916,2007,5
"Wie aber lässt sich dieser Prozess vollständig anonym und sicher gestalten, wobei es zu verhindern gilt, dass Nutzer nach ihrer Teilnahme identifiziert oder gehackt werden können?",0,631033,2015,5
"Die erste Machbarkeitsstudie 1994 Unter Professor Kreibichs Leitung haben Wissenschaftler des ""IZT - Institut für Zukunftsstudien und Technologiebewertung"" bereits 1994 eine erste Machbarkeitsstudie für das Internationale Solarzentrum erarbeitet.",0,71147,2003,5
"Dazu untersucht die Studie regelmäßig die Zuversicht der Menschen im Lande für die jeweils kommenden zwölf Monate in insgesamt zwölf Lebensbereichen – sechs persönlichen und sechs übergreifenden, gesellschaftlichen Bereichen.",0,375703,2010,5
"Informations- und Kommunikationstechnologien spielen eine wichtige Rolle, um die unterschiedlichen Akteure zu koordinieren und ihre Leistungsbestandteile zusammenzuführen.",0,636226,2015,8
Damit leistet der Preis einen wichtigen Beitrag zur Translation erfolgreicher Grundlagenforschung in klinische Anwendungen.,1,629788,2015,8
Die Arbeiten wurden vom Bundesministerium für Bildung und Forschung im Rahmen der Projekte „Bernstein-Zentrum Berlin“ und „Bernstein-Fokus Lernen: Gedächtnis und Entscheidungsfindung“ finanziert.,0,411024,2011,8
Das DNP - eine jährlich wiederholte Erhebung - wird von Wissenschaftlern des Fachgebietes Innovationsökonomie der Technischen Universität (TU) Berlin unter Leitung von Professor Dr. Knut Blind organisiert.,0,556064,2013,8
Dazu wurden umfangreiche Förderprogramme aufgelegt.,0,318442,2009,8
"Lediglich jeder fünfte Befragte fühlt sich gut über den Volksentscheid informiert, selbst unter denjenigen, denen der Volksentscheid wichtig ist, fühlt sich lediglich jeder Dritte gut informiert.",0,373678,2010,8
Der eigene Job wird von 64 Prozent der Befragten als sicher empfunden.,0,578477,2014,8
"Die neuen Handlungsanforderungen, die sich im Zuge des Umbruchs in den Unternehmen den Gewerkschaften stellen, skizzierte Christiane Benner, geschäftsführendes Vorstandsmitglied der IG Metall, in ihrem Vortrag „Zukunft der Arbeit im Unternehmen der Zukunft“.",0,531704,2013,8
"Technologie-Ideen zugänglich machen Das Projekt PLEEC soll nicht nur neue technologiezentrierte Konzepte für energieeffizientere Städte entwickeln, es geht vor allem darum, Verbindungen zwischen Technologie, Verwaltung und Politik und insbesondere zur Gesellschaft aufzubauen.",3,547666,2013,8
"Die Ergebnisse der Veranstaltung werden für die Öffentlichkeit dokumentiert, unter anderem auf der Webseite des Projekts: <www.frauen-in-karriere.de> Das Projekt „Frauen in Karriere“ wird vom Bundesministerium für Bildung und Forschung im Themenschwerpunkt „Frauen an die Spitze“ im Rahmen des Förderbereichs „Strategien zur Durchsetzung von Chancengleichheit für Frauen in Bildung und Forschung"" gefördert und vom Europäischen Sozialfonds der Europäischen Union kofinanziert.",0,485958,2012,8
"So kann bestimmt werden, wie viel Gewicht die Aktivität eines einzelnen Neurons im Entscheidungsprozess hat.",0,514924,2013,5
"Heike Fischer hingegen, die mit Ditte Kotzian Bronze im Synchronspringen vom Drei-Meter-Brett und damit die erste Medaille für Deutschland geholt hatte, habe sich in Peking als Ergebnis ihres sportpsychologischen Trainings selbst regulieren können, meint der Sportpsychologe, der mit der Sportlerin nach einem missglückten zweifachen Auerbach-Salto vor gut einem Jahr ein Angstbewältigungsprogramm absolviert hatte.",0,282648,2008,5
"Ziel war herauszufinden, wie sich die Qualitätswahrnehmung nach der Finanzmarktkrise geändert hat.",0,426752,2011,5
"Hochschulen, die sich 2007 nicht an der Befragung beteiligt haben, können sich jetzt noch um eine Beteiligung beim Studienqualitätsmonitor 2008 bewerben.",0,246423,2008,5
"Vor allem steht einer verbesserten Sicherheit der große Mangel an Experten für Netzsicherheit entgegen: ""Der Personalmarkt ist in der Informationstechnologie leer gefegt, es fehlen qualifizierte Leute.""",1,18127,2000,5
Der Europäischen Stabilisierungsmechanismus ESM ist in seiner rechtlichen Ausgestaltung nicht verfassungswidrig.,0,495203,2012,5
"Sie behält sich deshalb die Möglichkeit vor, bestimmte Projekte, die zu den Bereichen Energieeffizienz und Solarenergie gehören, getrennt zu finanzieren.",0,470419,2012,5
"Teilnehmer des Spitzengesprächs waren u.a. Siemens-Chef Heinrich von Pierer, der Vorstandsvorsitzende der Deutschen Telekom, Kai-Uwe Ricke, Lufthansa-Chef Wolfgang Mayrhuber, der Vorstandsvorsitzende des Pharmakonzerns Schering, Hubertus Erlen, Unternehmensberater Roland Berger, der Vizepräsident des Bundesverbands der Deutschen Industrie (BDI), Dietmar Harting, BMW-Aufsichtsrat Joachim Milberg und Dr. Gunter Thielen, Vorsitzender des Vorstandes der Bertelsmann AG.",0,74604,2004,5
Die Daten werden für die Berichterstattung zur na-tionalen Nachhaltigkeitsstrategie und zur Nationalen Strategie zur biologischen Vielfalt der Bundesregierung verwendet.,0,348433,2009,5
Platz.,0,634555,2015,8
"„Das würde auch bedeuten, Strukturen zur Finanzierung von Schutzmaßnahmen für die nicht von REDD erfassten Ökosysteme aufzubauen.“ Um eine geringere Verfügbarkeit von zusätzlichen landwirtschaftlichen Flächen auszugleichen, die Folge eines stärkeren Schutzes von Wäldern und anderen Ökosystemen wäre, ist laut der Studie eine Erhöhung der landwirtschaftlichen Produktivität erforderlich.",0,613168,2014,8
Kerngedanke der in den Schutzprofilen definierten Sicherheitsanforderungen ist die Kontrolle aller von kritischen Applikationen ausgelösten Informationsflüsse eines Rechners gemäß einstellbarer Informationsflussregeln.,0,55561,2002,8
Die Ergebnisse des vierten Quartals 2011 erscheinen im Dezember 2011.,0,443124,2011,8
"Er entwickelt darin eine neue Vorgehensweise, um die Anbieter insbesondere bei der systematischen Ausgestaltung der Dienstleistungsprozesse zu unterstützen.",0,261965,2008,8
Gleichzeitig nimmt die Bedeutung dieser Effekte mit steigender Qualität der Strahlquellen zu.,0,346325,2009,8
"Bei der Frauenerwerbstätigkeit im Ruhrgebiet (37,7 %) zeigt sich im Vergleich zum Durchschnitt der alten Bundesländer (44,1 %) ein deutlicher Nachholbedarf.",1,57966,2003,8
"Unterschiede liegen vor allem im Bereich der generellen betrieblichen Infrastruktur, d.h. der strategischen Unternehmensplanung, bei der Installation starker Personen (Promotoren), die den Innovationsprozess vorantreiben, und bei der Einbindung von externem Know-how bei der Entwicklung neuer Produkte, Dienstleistungen oder der Erschließung neuer Märkte.",0,174296,2006,8
"Zur zweitägigen Fachkonferenz der Deutschen Gesellschaft für Krankenhaushygiene (<www.dgkh.de>) in Zusammenarbeit mit der Arbeitsgemeinschaft für Qualität und Sicherheit in der Chirurgie (CAQS) der Deutschen Gesellschaft für Chirurgie (<www.dgch.de>), der Deutschen Gesellschaft für Unfallchirurgie (<www.dgu-online.de>), der International Society of Skin Pharmacology and Physiology (www.isp-society.org) und der International Society for Plasma Medicine (ISPM) sind die Vertreter der Medien herzlich eingeladen.",0,322034,2009,8
"""Das Innovationsbewusstsein der Regulierungsbehörden muss geschärft werden"", fordert Blind.",0,84403,2004,8
Die STAEDTLER-Stiftung hat das Projekt mit mehr als einer Million Euro unterstützt – ein für die Geisteswissenschaften herausragendes Volumen.,2,597902,2014,5
Open Innovation legt den Fokus dadurch weniger auf den Ursprung der Innovationsidee als vielmehr auf deren erfolgreiche Umsetzung und Verwertung.,0,603294,2014,5
Damit wird der Austausch von Individuen und ihren Genen zwischen den Beständen der Alpenpflanzen gewährleistet und die genetische Vielfalt auch langfristig erhalten bleiben.,0,498223,2012,5
Im Gegensatz zu Chemotherapien werden hier die körpereigenen Abwehrkräfte gezielt gegen den Tumor mobilisiert.,0,489963,2012,5
"Der Film erzählt in knapper Form eine Bildergeschichte, die über Sprachbarrieren hinweg mit viel Humor die Bedeutung der Immunität für den Menschen im täglichen Leben verdeutlicht, ohne auf die Immunologie auch nur mit einem Wort einzugehen.",0,332897,2009,5
Noch im ersten Quartal des Vorjahres hatten die Zuversichtswerte für die deutsche Wirtschaft mit nur 14 Prozent positiver Antworten einen Tiefpunkt erreicht.,1,361483,2010,5
"Das Vorhaben der neuen Bundesregierung, das ärztliche Vergütungssystem neu zu ordnen, weist in die richtige Rich­tung.""",1,140777,2005,5
"Firoz Kaderali angesichts der aktuellen Ereignisse in den USA die Gefahren im Internet-Business auch für deutsche Unternehmen: ""Den nur als rasant zu bezeichnenden Entwicklungen aller Geschäftstätigkeiten im Internet stehen völlig unzureichende Sicherheitsvorkehrungen gegenüber, Angriffen von Hackern sind Tür und Tor geöffnet.",2,18127,2000,5
Bund und Länder finanzieren gemeinsam die bun-desweite Koordination dieses Vogelmonitorings durch den DDA.,0,348433,2009,5
"Der Nagel erfüllt in diesem Fall also gleich zwei Funktionen: Er stabilisiert den gebrochenen Knochen und er dient gleichzeitig als ""Carrier"" des Antibiotikums, das auf diese Weise unmittelbar vor Ort an die Frakturstelle gebracht und dort über einen bestimmten Zeitraum kontinuierlich in hoher Konzentration freigesetzt wird.",0,71744,2003,5
"„Die Menschen sind in ihrem persönlichen Leben fest verankert“, sagt Frank Brettschneider.",0,539689,2013,5
"„Das Ergebnis ist eindeutig“, betont der Leiter der Studie Prof. Dr. Frank Brettschneider.",1,630227,2015,5
"„Das neue deutsche Rentenmodell ist auf Sand gebaut"" Zudem wecke die internationale Fachdebatte begründete Zweifel an der häufig vorgebrachten These, dass das sogenannte Kapitaldeckungsverfahren (die finanztechnische Basis der privaten Vorsorge) langfristig eine verlässliche Versorgung der Ruheständler sichern kann.",1,608014,2014,5
Auch das Beizen von Saatgut gegen Pilzbefall und das Sterilisieren von Lebensmitteln sowie die Aufbereitung von Abgasen aus Kohlekraftwerken mit energiereichen Elektronen wird heute bereits weltweit industriell durchgeführt.,0,160381,2006,5
"„Als die Staats- und Regierungschefs der EU sich auf den Vertrag von Lissabon geeinigt haben, waren sie offensichtlich bestrebt, verschiedene Ziele unter einen Hut zu bringen: Der Ministerrat sollte nicht von einer Koalition der bevölkerungsreichen Länder Deutschland, Frankreich und Italien blockiert werden können.",0,635584,2015,5
"Fink: Woher weiß die Hand, wohin sie greifen muss?",0,138786,2005,5
"Bei den 6 Patienten ohne Begleitprobleme (periphere arterielle Verschlusskrankheit, Rauchen oder fehlende venöse Kompressionstherapie) wurde ausnahmslos eine vollständige oder fast vollständige Wundheilung erreicht.",1,284525,2008,5
Dies wird nur von einem wesentlich geringeren Anteil der Hochschulen (28 %) bestätigt; die Hochschulen denken bei Studentenwerken in erster Linie ebenfalls an ‚Service für alle Studierende‘ (knapp 80 %).,3,457854,2012,5
Es erzeuge – weil vieles dem Zufall oder dem Gebaren von Finanzdienstleistern überlassen bliebe – neue Ungleichheiten.,0,608014,2014,5
"Eine Herausforderung für die Informatiker bestand darin, dass das Gehirn anders arbeitet, als herkömmliche Computer – seine Funktion aber dennoch durch die Rechner abgebildet werden soll, da Spezialhardware noch nicht flexibel genug ist.",0,641187,2015,5
Staatssekretär Machnig freute sich über die große Resonanz auf den Wettbewerb.,0,318442,2009,5
"Für die Untersuchung wurde eine Vollerhebung über alle Elfmeter aus der Bundesliga von 2010 bis 2014 vorgenommen, die als Videoaufnahmen vorlagen.",1,595386,2014,5
"Auch im Gesamtsystem von Gebäude-Leittechnik, Medizinprodukten sowie Informations- und kommunikationstechnischen Systemen können CO2-Emissionen eingespart werden.",0,451418,2011,5
Dieser als Carbon Leakage bekannte Effekt besteht normalerweise in einer möglichen Verschiebung des Ausstoßes von Treibhausgasen aus einem Land in ein anderes.,0,613168,2014,5
"Spitzenforschung in den Nanowissenschaften: Sonderforschungsbereich 277 ""Grenzflächenbestimmte Materialien"" wird erneut verlängert - Erste Ergebnisse und Ausblick in die Zukunft - Der Sonderforschungsbereich 277 ""Grenzflächenbestimmte Materialien"" geht mit neun Teilprojekten zu Synthese, Charakterisierung, physikalischen Eigenschaften und Modellierung nanokristalliner Materialien in die vierte Runde.",2,73369,2003,5
"Es tritt B-Zell-spezifisch auf und bewirkt, dass eine bestimmte Base der DNA in eine andere umgewandelt wird.",0,183449,2006,5
Anschließend konnten die Zwoelfjährigen mit den Betreuern ueber die Ursachen von Erfolg oder Mißerfolg sprechen.,0,12696,1999,5
"Die Mindestlohnexpertin vom Institut Arbeit und Qualifikation (IAQ) der Universität Duisburg-Essen und der Forscher des Wirtschafts- und Sozialwissenschaftlichen Instituts (WSI) der Hans-Böckler-Stiftung sehen trotzdem noch Nachbesserungsbedarf: Kontrolle und Durchsetzbarkeit des Mindestlohns sollten gestärkt werden, empfehlen die Wissenschaftler.",0,637553,2015,5
"Mehr Zeit ist kein Ersatz für zielbewusste Entscheidungsfindung Ließe sich ein derartiger Effekt auch dadurch erreichen, dass Menschen einfach mehr Zeit eingeräumt wird, um eine Entscheidung vorzubereiten?",0,637479,2015,5
In einfacheren Lagen haben die Immobilienpreise vielerorts schon die Preisobergrenzen erreicht.,2,450565,2011,5
"Moderne Forschung muss stärker auf einer Verzahnung aller Innovationsphasen und starken Innovationspartnerschaften beruhen, um den sehr kurzen Zyklen der Innovation gerecht zu werden.""",2,74604,2004,5
"""Die Gesundheits- und Sozialwirtschaft ist die ""heimliche Heldin"" des Strukturwandels im Ruhrgebiet, hat die meisten neuen Arbeitsplätze geschaffen"", so Dr. Josef Hilbert, Leiter der Abteilung Dienstleistungssysteme am Institut Arbeit und Technik (IAT/Gelsenkirchen).",2,37752,2001,5
"Diese wiederum kann dafür sensibilisieren, wie stark Fragen der Kunst und ihrer Wahrnehmung generell mit Aspekten der Psychologie verbunden sind.",0,636056,2015,5
"""Bislang war nur von Nagetieren bekannt"", erklärt Freundlieb, ""dass Regulationsfaktoren wie Dopamin eng mit der Neubildung von Gehirnzellen zusammenhängen.",0,148243,2006,5
"Ihr Ansprechpartner für weitere Informationen: Fraunhofer IAO Marc Opitz Nobelstraße 12, D-70569 Stuttgart Telefon: +49 (0) 7 11/9 70-51 29, Fax: +49 (0) 7 11/9 70-21 92 E-Mail: marc.opitz@iao.fraunhofer.de",0,92545,2004,8
"In dem Votum hieß es, die Projekte verliefen sehr zielgerichtet, anwendungsorientiert und effektiv.",0,27629,2000,8
"Eine beachtliche Zahl dieser Neuerungen basiert darauf, das das Eindringen magnetischer Felder in die Supraleiter manipuliert werden kann.",0,23317,2000,8
"„Die Menschen sind in ihrem persönlichen Leben fest verankert“, sagt Frank Brettschneider.",0,539689,2013,8
"Die Aktivierung von PPARβ/δ führt nicht zu einer simplen Hemmung des Knochenabbaus, sondern – über eine Aktivierung der Osteoblasten – zu einer Wiederherstellung des normalen Gleichgewichts aus Knochenaufbau und Knochenabbau.",0,526239,2013,8
"Dem Basismodell und den Spezialmodellen übergeordnet steht das Metamodell, das die allgemeine Struktur der Modelle definiert und Verbindungen schafft.",0,363416,2010,8
Hinweis: Die Publikation kostet 12 Euro und kann über den Buchhandel oder direkt beim Landwirtschaftsverlag in Münster bezogen werden (www.lv-h.de).,0,72014,2003,8
Die Studie kann unter <http://www.umweltdaten.de/publikationen/fpdf-l/3779.pdf> angesehen und heruntergeladen werden.,0,397599,2010,8
Hemmnisse sind insbesondere: •	Kosten und •	Risiken durch Arbeitslosigkeit oder Krankheit sowie •	das Risiko der Trennung vom Partner.,0,630227,2015,8
"Große Augen, volle Lippen, dazu ebenmäßige Gesichtszüge – dass Schauspielerin Angelina Jolie weltweit als Inbegriff weiblicher Attraktivität gilt, ist für PD Dr. Holger Wiese von der Friedrich-Schiller-Universität Jena kein Wunder.",2,572220,2014,5
In der Schweiz wird die seit 1996 geltende Versicherungspflicht hingegen streng überprüft.,0,291121,2008,5
Darüber hinaus gelten seit dieser Zeit besondere Artenschutzbestimmungen.,0,239399,2007,5
"Dieses Verfahren, das uber hundertmal so empfindlich ist wie fruhere Methoden, zeigt, wie Temperaturveranderungen feste Strudel dazu bringen konnen, zu schmelzen oder komplexe, zwischen fest und flussig alternierende Strukturen zu bilden.",1,23317,2000,5
"Demgegenüber diagnostizierte Joergen Kjaer dem jungen Nietzsche ein synkretistisches Weltbild, in dem sich das Christentum als mythischer Horizont mit Elementen der griechischen Welt vermischt habe: der lebenslange Hang zur Selbstschöpfung und Selbstrechtfertigung aus dem Urtrauma einer narzistischen Kränkung.",0,12937,1999,5
"Die Lösung der Bürgerversicherung löst das strukturelle Problem der GKV also nicht, sondern sie multipliziert es.",1,65139,2003,5
"Jedoch legte die Natur auch hier wieder einen Stolperstein auf den Erfolgsweg der Supraleitung: Die in fast allen Materialien vorhandenen mikroskopischen Defekte, die sich durch das Aufeinandertreffen einzelner, gegeneinander verdrehter Materialkörner ausbilden, wirken sich in diesen neuen Supraleitern ganz besonders negativ auf den Stromtransport aus.",1,376818,2010,5
"Viele Menschen der Gegenwart sind fasziniert vom Schicksal vergangener Gesellschaften und sind an den Umständen interessiert, wie und warum archäologische Kulturen entstehen und wieder verschwinden.",0,289453,2008,5
Die Wissenschaftler stehen gerne für Gespräche auch vor und nach der Veranstaltung zur Verfügung.,0,484217,2012,5
"Die Entdeckung der String-Theorie hat erneut die Hoffung geweckt, dass die Struktur der Materie und die Struktur des Universums in einer gemeinsamen Sprache ausgedrückt werden und ihre Widersprüche schließlich im Rahmen einer einheitlichen Theorie aufgehen können.",0,90952,2004,5
"""Somit ist PCNA-Ubiquitinierung sowohl für DNA-Reparatur als auch für Hypermutation notwendig"", erklärt Buerstedde.",0,183449,2006,5
"Dieser starke Zusammenhalt zeigt sich jetzt auch bei der Elbe- und bei der Donau-Flut: Menschen stehen zusammen und helfen sich gegenseitig, packen gemeinsam an.“ Etwas weniger positiv als vor einem Jahr beurteilen die Befragten die Entwicklung ihrer persönlichen finanziellen Versorgung im Alter (44 Prozent; minus zwei Prozentpunkte) sowie bei Krankheit und Pflege (45 Prozent; minus drei Prozentpunkte).",1,539689,2013,5
"Mithin eine sehr nützliche Basis für die anstehende US-Reform, war offenbar auch die dortige Versicherungsaufsicht überzeugt.",0,360373,2010,5
"Wohnumfeld von großer Bedeutung Ob man zufrieden ist mit seiner Wohnung, ist jedoch nicht nur eine Frage des Eigentums, sondern auch des Wohnumfeldes an sich.",0,630227,2015,5
"Ihr mathematisches Modell wurde in der Fachzeitschrift ""Nature Neuroscience"" veröffentlicht.",0,301565,2009,5
In Hinblick auf die staatliche Rente allerdings sind die Menschen in Deutschland (6%) und Portugal (7%) am skeptischsten.,1,263257,2008,5
"Die ESO ermöglicht astronomische Spitzenforschung, indem sie leistungsfähige bodengebundene Teleskope entwirft, konstruiert und betreibt.",1,521115,2013,5
"Gesetzlich Krankenversicherte geben hingegen häufiger an, dass die Krankenversicherungs­beiträge zu hoch sind (76 im Vergleich zu 67 Prozent) und dass sie zu viele Zuzahlungen für Medikamente und medizinische Leistungen aufbringen müssen (82 zu 64 Prozent).",0,140777,2005,5
"Rang drei (DM 3.000,-) belegt der Ulmer Andreas Koch mit der Arbeit »Der Einfluß des Versicherungsvertrags auf die Rechnungslegung des Lebensversicherungsunternehmens«.",0,16052,1999,5
Als zentrales Problem wurde von den Unternehmen die schlechte Verkehrsanbindung Torgau-Leipzig identifiziert.,0,15100,1999,8
"Sie werden jedoch für Hochfeldlasersysteme, die auf leistungsstarken Ultrakurzpuls-Lasern basieren, dringend benötigt.",3,621130,2015,8
Staatssekretär Machnig freute sich über die große Resonanz auf den Wettbewerb.,0,318442,2009,8
"Die gewerkschaftliche Forderung, einen gesetzlichen Mindestlohn in Höhe von 7,50 € brutto pro Stunde einzuführen, orientiert sich an dem absoluten Mindestlohnniveau vergleichbarer europäischer Nachbarländer wie den Niederlanden (7,96 €), Großbritannien (7,86 €) und Frankreich (8,03 €).",0,183737,2006,8
"Die Resultate deuten darauf hin, dass der Volksentscheid bislang bei vielen Bürgern noch nicht angekommen ist.",3,373678,2010,8
"Mobile Dienstleistungen, die an jedem Ort und zu jeder Zeit nutzbar sind, eröffnen neue Leistungsmerkmale für den Kunden und können in einer Vielzahl von Branchen als Innovationsmotor wirken.",0,42773,2001,8
"Wer einmal einen Schrank selbst montieren musste, dürfte sich Ähnliches gewünscht haben: Bauteile, die von selbst zueinander finden, sich an den Klebestellen erkennen, dabei gleich selbst zusammenbauen und obendrein noch beliebig vervielfältigen lassen - mit Methoden, die man aus der Biochemie kennt.",1,15766,1999,8
Das entspricht einem Minus von fünf Prozentpunkten gegenüber dem Vorjahreszeitraum.,0,552113,2013,8
Neben einer Übersicht über alle Themenschwerpunkte der z.Z.,0,86502,2004,8
77 Expertinnen und Experten aus der ganzen Welt haben das aktuelle Wissen zu einem weiten Feld von Fragen zur Bestäubung zusammengetragen: Welche Rolle spielt Bestäubung für die Nahrungsproduktion?,2,646774,2016,8
"Nutzer von Satelliten-Zugängen sollten die vorhandenen Sicherheitsmechanismen aktivieren und im Zweifel mit Ihrem Anbieter Kontakt aufnehmen und sich die korrekten Einstellungen erläutern lassen"", erklären die wissenschaftlichen Mitarbeiter: ""Wer grundsätzlich alle Daten verschlüsselt, braucht keine Angst zu haben, dass versehentlich vertrauliche Informationen an Millionen von Empfängern gesandt werden, so wie es bei den Satelliten-Datendiensten täglich der Fall ist"", so Greveler und Adelsbach, die sich in ihren Forschungsgebieten mit IT-Sicherheitstechnologien beschäftigen.",2,92384,2004,5
"Doch um wirklich herauszufinden, wo eine Art vorkommen kann, müssen außerdem unterschiedlichste biotische Faktoren berücksichtigt werden.",0,516925,2013,5
"Rheinland-Pfalz ist bislang das einzige Bundesland, dessen Datenschutzbeauftragter einen Wissenschaftspreis ausschreibt.",0,603888,2014,5
"Er wird in drei Stufen auf 8,00 Euro (Dezember 2014), 8,60 Euro (Oktober 2015) und schließlich auf 8,75 Euro (Dezember 2016) angehoben.",0,590336,2014,8
"In diesem Zusammenhang haben die Wittener Forscher ihr Augenmerk auf „neue Zellentitäten“ gelegt, die sich aus einer Fusion zwischen Tumor-(Stamm)Zellen und anderen, normalen Zellen wie Makrophagen oder Tumorstromazellen ergeben können.",3,521587,2013,8
Ein Schwerpunkt der bisherigen Experimente lag auf der Beeinflussung des Wundheilungsprozesses.,0,60163,2003,8
"Die Forschungsergebnisse fließen in Ecuador direkt in politische Prozesse ein und unterstützen die Entscheidungsfindung, so Dr. Olschewski, im ""Konfliktfeld Biodiversitätsschutz und Landnutzung"".",0,121504,2005,8
"Nicht zuletzt unterstreichen die Ergebnisse des IAT, dass die Einführung zusätzlicher Kombilöhne in Deutschland ohne die Festlegung eines gesetzlichen Mindestlohnes für den Staat ein Fass ohne Boden werden könnte: In Frankreich und Großbritannien muss niemand für solche Niedrigstlöhne arbeiten: Denn beide Länder haben gesetzliche Mindestlöhne, die zwischen 7,50 und 8 € pro Stunde liegen.",1,142462,2006,8
"Die Wundkammer ist mit einem Schraubverschluss luftdicht und keimfrei abgeschlossen, so dass keine unerwünschte Infektion entsteht und das Tier keinen Schmerz spürt.",0,79892,2004,8
"Wenn ich beispielsweise ein Instrument lerne und die Bewegung meiner Hände trainiere, speichert mein Gehirn diese Information durch entsprechend angelegte Nervenverbindungen», so Scheiffele.",0,457640,2011,8
"Die Kombination von Auenschutz und ökologischem Hoch-wasserschutz führt nicht nur zu einem funktionalen, sondern auch zu einem volkswirtschaftlich darstellba-ren Mehrwert.",0,462603,2012,8
Hinzu kommen die Vielzahl industrieller Netzwerke sowie der hohe Spezialisierungsgrad einzelner industrieller Mittelständler.,0,547677,2013,8
"Asthma, Heuschnupfen und andere Allergieformen sind das Resultat einer fehlgeleiteten Immunantwort; wie auch bei Rheuma, bestimmten Formen von Diabetes und vielen anderen Autoimmunerkrankungen eine 'falsche' Immunantwort die Ursache ist"", so der Wissenschaftler.",0,332897,2009,8
"Dennoch weisen Softwareprodukte immer wieder Fehler auf, durch die man die Sicherheit seiner eigenen Daten in Frage gestellt und das Vertrauen in die Korrektheit kritischer Anwendungen beeinträchtigt sieht.",1,286442,2008,3
"- Konsequente Überwachung der Versicherungspflicht, etwa durch einen Abgleich von Meldedaten und Versichertenlisten.",1,291121,2008,3
"Content Provider und Endnutzer zahlen Preise wie bisher, solange sie auf dem „Best Effort“-Niveau bleiben.",1,406613,2011,3
"Mit der Qualität der Krankenhausgebäude und -einrichtungen sind 68 Prozent der Ärzte zufrieden, aber nur 53 Prozent der Patienten.",3,148698,2006,3
"Die Expertenkommission betont in ihrem Gutachten ausdrücklich die Bedeutung von Bildung und Forschung bei der Bewältigung der Wirtschafts- und Finanzkrise: ""Die Bundesregierung hat mit den Konjunkturpaketen wichtige Maßnahmen zur Konjunkturstützung und -belebung ergriffen.""",3,303718,2009,3
Die Perspektiven für Deutschland hingegen schätzten Frauen (24%) und Männer (23%) ganz ähnlich ein.,1,280861,2008,3
"Die Ergebnisse für den Fachbereich Wirtschaftswissenschaften sind erfreulich: Forschungsprofil, Drittmittelaufkommen und Nachwuchsförderung auf internationalem Niveau werden ausdrücklich gelobt.",2,42599,2001,3
Das Projekt nova-net wird vom Bundesministerium für Bildung und Forschung (BMBF) gefördert und ist Bestandteil des Förderschwerpunktes Internetökonomie.,0,179237,2006,3
"Zum anderen signalisieren sie jedoch auch, dass das soziale Sicherungssystem bislang nur unzureichend an die gewandelten sozialökonomischen Rahmenbedingungen angepasst wurde.",1,18056,2000,3
"Ein gutes Beispiel ist für Prof. Bierhoff der Fußball: „Es ist interessant, wie Sportpsychologen Fußballmannschaften der 1. oder 2.",1,468896,2012,3
"Biochemische Forschung Licht in's Dunkle hitzestabiler Proteine Optimierung im Ladungsmuster an der Proteinoberfläche spielt große Rolle Bayreuth (UBT) Extremophile sind Mikroorganismen, die unter extremen äußeren Bedingungen wachsen können.",1,21425,2000,3
"Die Ergebnisse, die jetzt veröffentlicht wurden, sind überraschend: anders als die Tier- und Pflanzenwelt der Ostsee zeigt sich die Welt der Bakterien unbeeindruckt von den hier herrschenden wechselnden Salzgehalten.",0,441126,2011,3
Die Liberalisierung des europäischen Strommarktes im allgemeinen und die überaus schnelle Öffnung des Marktes für Elektrizität in Deutschland im speziellen haben die stromwirtschaftliche Situation grundlegend umgestaltet.,1,21218,2000,3
"Fernsehen werde so zum sozialen Event: Sieht man sich beispielsweise gemeinsam mit anderen ZuseherInnen, die verstreut auf der ganzen Welt vor ihren Geräten sitzen, eine Sportübertragung an, kann man sich gleichzeitig via Text, Sprache oder Videotelefonie über das Gesehene austauschen.",1,625240,2015,3
"Die Szenarien sehen u.a. vor, die Vertragsstrukturen aufzubrechen und wettbewerbliche Elemente einzuführen.",0,57215,2002,3
"Ziel des Managementleitfadens ist es, die Immobilienbranche langfristig nachhaltig aufzustellen: Das heißt sowohl umweltverträglich und nutzerfreundlich als auch vermögenserhaltend.",3,591959,2014,3
Viele dieser Arten und Lebens-räume sind gefährdet.,1,462603,2012,3
"Als Dozent ist er an zwei von der Universität Augsburg federführend geleiteten Studiengängen des Eiltenetzwerks Bayern (ENB) beteiligt - sowohl an ""Software Engineering"" als auch ""Finance an Information Management"".",0,286442,2008,3
"DOI: 10.1016/j.immuni.2014.05.018 Kontakt Prof. Dr. med. Dirk H. Busch Institut für Medizinische Mikrobiologie, Immunologie und Hygiene Technische Universität München Tel: +49 89 4140 4120 dirk.busch@tum.de www.mikrobio.med.tu-muenchen.de/",0,597487,2014,8
"Das Kursverhalten des ""Tankers"" Sozialversicherung in Sachen Wettbewerb ist kaum prognostizierbar.",3,75882,2004,8
"Die RUB-Neurowissenschaftler um PD Dr. Hubert Dinse (Neural Plasticity Lab, Institut für Neuroinformatik) und Prof. Dr. Martin Tegenthoff (Klinik für Neurologie, BG-Universitätsklinikum Bergmannsheil) berichten in der aktuellen Ausgabe des Magazins Frontiers in AgingNeuroscience.",0,520842,2013,8
"Es sei durchaus möglich, dass ein erheblicher Teil der ehemaligen Minijobs in reguläre Beschäftigungsverhältnisse umgewandelt wurde.",3,637553,2015,8
"Weitere Informationen: Ulrich Greveler, André Adelsbach, Horst-Görtz-Institut für IT-Sicherheit der RUB, Lehrstuhl für Netz- und Datensicherheit, Tel.",0,92384,2004,8
"Mit Innovationserfolgen können diese neu hinzugekommenen Unternehmen allerdings noch nicht aufwarten, da ihre Aktivitäten bisher nicht zur Markteinführung neuer Produkte oder zur Implementierung neuer Prozesse geführt haben.",3,148680,2006,8
Zu diesem Schluss kommen Wissenschaftler des Instituts für Forstökonomie an der Universität Göttingen.,0,121504,2005,8
"Dazu gehöre eine aktive Forschungsförderung, der Transfer zwischen Wissenschaft und Wirtschaft und die Integration und Unterstützung des wissenschaftlichen Nachwuchses.",0,138786,2005,8
Mehrere Unternehmen haben bereits Interesse an entsprechenden Kakaoextrakten und den isolierten Reinsubstanzen bekundet.,0,186419,2006,8
Die Kreativwirtschaft in Baden-Württemberg ist breit aufgestellt.,0,535875,2013,8
"Nur wenig relevant sind Zusatzdienstleistungen, die technische Anbindung an bestehende Systeme und Ausschreibungsmöglichkeiten.",0,67258,2003,8
"""Die Fakultäten, die sich solchen neuen, leistungsorientierten Methoden öffnen, haben die Chance, bislang ungenutzte Potenziale zu aktivieren und so ihre eigene Situation und die Position der Hochschule erheblich zu verbessern"", prognostiziert Bayer.",0,52237,2002,8
Für die Gesamtsituation Deutschlands ist die Stimmung daher gesunken.,1,469049,2012,8
Er stellt übersichtlich und hoch aktuell die verschiedenen Elemente des deutschen Forschungs- und Innovationssystems mit ihren Daten und Fakten vor.,1,370249,2010,8
Für die Übersendung eines Belegexemplars wären wir Ihnen dankbar.,0,70667,2003,8
2011 veröffentlichte die Forschungskooperation e&mLanguageLearning zwischen dem Bereich Angewandte Sprachen am Campus Alt-Saarbrücken unter Leitung von Prof. Dr. Christine Sick und der Firma EUROKEY Software GmbH die zweite Version des PC-gestützten multimedialen Sprachlernprogramms für Business und Technisches Englisch.,0,638655,2015,8
"Besonders schätzen sie den Fahrspaß, die positive Außenwirkung und die Umweltverträglichkeit ihrer Fahrzeuge.",1,460670,2012,8
Die Innovationswirkung des EEG kann an unterschiedlichen Faktoren abgelesen und mit zahlreichen Indikatoren gemessen werden: Positive Ergebnisse lassen sich über eine überproportionale Steigerung der Patentanmeldungen feststellen sowie durch Analysen von Kosten und Leistungsfähigkeit.,0,575663,2014,8
Elke Schröder per Telefon unter 03641/945207 oder per E-Mail Elke.Schroeder@rz.uni-jena.de melden.,0,38164,2001,8
"„Beispielsweise könnte hier eine Übersicht über infrage kommende Handwerker oder auch ein Wohneigentümer-Stammtisch hilfreich sein“, empfiehlt Prof. Dr. Brettschneider.",0,630227,2015,8
"Bochum, 08.05.2003 Nr. 138 ""Laufen macht klug"" Leistungssteigerung und Plastizität bis ins hohe Alter NeuroRUBIN erschienen: Hirnforschung an der RUB ""Forever young"" oder ""Laufen macht klug"" versprechen die Fitness-Gurus.",1,63072,2003,8
"Die Ergebnisse der Studie stehen auch im Internet zum Herunterladen unter http://www.ikf-server.de Weitere Informationen Prof. Dr. Stephan Paul, Prof. Dr. Stefan Stein, ikf, Fakultät für Wirtschaftswissenschaft der RUB, Tel.",0,426752,2011,8
Die Produktivitätssteigerung sei eine der zentralen Herausforderungen des 21. Jahrhunderts.,3,615627,2014,8
Witten wirkt.,0,626912,2015,8
"Anlässlich des Kongresses ""Lymphoma 2000: First International Symposium on Biology and Treatment of Aggressive Lymphomas"" berichtete Prof. Pfreundschuh erstmals über Ergebnisse einer Therapiestudie, die die von der Deutschen Krebshilfe geförderte Deutsche Studiengruppe Hochmaligne Non-Hodgkin-Lymphom (DSHNHL) bei 1700 Patienten mit aggressiven Lymphomen von September 1994 bis Juni 2000 durchgeführt hat.",0,24796,2000,8
"Das Werner Reichardt Centrum für Integrative Neurowissenschaften (CIN) ist eine interdisziplinäre Institution an der Eberhard Karls Universität Tübingen, finanziert von der Deutschen Forschungsgemeinschaft im Rahmen der Exzellenzinitiative von Bund und Ländern.",0,514924,2013,8
"In diesem Zusammenhang wurde entschieden, für vier Projekte einen globalen Förderansatz, der 80 Millionen Euro nicht übersteigen dürfe, zu reservieren.",0,470419,2012,8
Die Bestimmung der Temperaturauswirkungen auf die Leistung von Supraleitern ist dank einer neuen Entwicklung von Wissenschaftlern des Weizmann-Instituts sehr viel praziser geworden.,1,23317,2000,8
"Inhibierende Neurone sind wesentlich fuer die Entwicklung des Gehirns, fuer Lernen und Gedaechtnis, und so ueberrascht es nicht, dass sie bei den meisten neurologischen Stoerungen eine Rolle spielen.",1,17231,2000,8
"Die Regierungskoalition wird nach der Modellprognose der Wissenschaftler am 22. September auf 47,9 Prozent der Zweitstimmen kommen.",0,50348,2002,8
Dazu bedarf es einer positiven Reformperspektive.,0,18056,2000,8
Michaela Reistenhofer und Andreas Koch waren vom Konzept über die gesprochenen Texte der Stifte bis hin zur Programmierung für alle Arbeitsschritte selbst verantwortlich.,0,366533,2010,8
"Parallel entwickeln die Quamoco-Projektmitglieder Methoden für die Anpassbarkeit für den unternehmenseigenen Zuschnitt, für die Qualitätsbewertung und das Anforderungsmanagement.",0,363416,2010,8
Ausbau und Sicherung - Grundlage für die temporäre Nutzung eines Gebäudes ist die bauliche Bewertung und die daraus resultierende Grundsicherung.,0,360195,2010,16
In den Niederlanden und der Schweiz gilt die Versicherungspflicht schon länger.,0,291121,2008,16
"Zuständig für wissenschaftliche Bearbeitung und Kartographie war eine Arbeitsgruppe am Institut für Geographie der Universität Stuttgart unter Leitung von Simone Strambach, Professorin für Dienstleistungs- und Kommunikationsgeographie an der Philipps-Universität Marburg.",0,78821,2004,16
"Zahlreiche Fallbeispiele dokumentieren, dass Unternehmen bewusst ihre Innovationsprozesse öffnen und mit einer Vielzahl von neuen Open Innovation Praktiken experimentieren.",3,544200,2013,16
Andere Staaten wie Frankreich und Deutschland knüpfen Vergütung und Preisbildung dagegen an den relevanten Zusatznutzen und den Innovationsgrad medizinischer Leistungen.,0,470200,2012,16
"Dieser Effekt ist nach Angaben der Wissenschaftler umso größer, je besser die Probanden ihre eigenen Fähigkeiten einschätzten.",3,636056,2015,16
"Das Bundesministerium für Bildung und Forschung hat in den letzten Jahren ein umfangreiches Forschungsprojekt zum Wildkaffee in Äthiopien unterstützt, das vom Zentrum für Entwicklungsforschung der Universität Bonn zusammen mit äthiopischen Partnern durchgeführt wird.",0,228935,2007,16
"Neuer Rekord: Femtosekundenlaser mit 1,5 kW Mit einer Kombination aus INNOSLAB- und Scheibenverstärker wurde am Fraunhofer ILT ein neuer Rekord für UKP-Laser erreicht: Das System liefert 1,5 kW mittlere Leistung bei einer Pulsdauer von 710 fs.",1,633037,2015,19
"Weiterhin ist bekannt, daß die Modalitäten einer UV-Bestrahlung (z.B. Dosis, Form, Qualität und Häufigkeit der Anwendung) von entscheidender Bedeutung sind, ob erwünschte oder unerwünschte Effekte auftreten.",1,103473,2005,19
"Die isländischen Befragten dagegen sehen Freundschaft als eine sehr private Beziehung, in der Freunde die Rolle von Therapeuten bei der Lösung persönlicher Problem einnehmen.",0,53001,2002,19
"Die neueste Publikation „Role of Cancer Stem Cells in Cancer Biology and Therapy” ist bei CRC Press (Boca Raton, USA) erschienen und fasst in den einzelnen Kapiteln, geschrieben von anerkannten Wissenschaftlern aus forschungsstarken Instituten, die Rolle von Krebsstammzellen auf dem neuesten Stand der Erkenntnis zusammen, so zum Beispiel für Therapieoptionen für eine Rezidiv- oder Metastasenbildung.",1,521587,2013,19
Die 72-seitige Publikation liefert auch für Unternehmen interessante Ergebnisse.,0,92545,2004,19
"Das Gutachten macht aber auch den künftigen Handlungsbedarf deutlich, um die Wettbewerbsfähigkeit des deutschen Innovationssystems zu sichern.",0,303718,2009,19
"Ebenso zulässig sei es, solche Patienten zu bevorzugen, bei denen ein längeres Transplantatüberleben zu erwarten sei, da hierdurch ebenfalls eine Steigerung der Anzahl der geretteten Patienten erreicht werden könne.",0,490050,2012,19
Auch fast alle Lebensbereiche zeigen im Vergleich zum Vorjahreszeitraum weitgehend stabile Stimmungswerte – und wie gewohnt auf deutlich höherem Niveau als für die Bereiche des öffentlichen Lebens.,1,552113,2013,19
Allerdings blieben die Lohnsteigerungen in den meisten neuen EU-Ländern zum Teil deutlich hinter den nationalen Verteilungsspielräumen zurück.,0,84088,2004,19
Jeweils rund vier von fünf Anbietern setzen darauf.,0,340010,2009,19
"Gleichgewicht zwischen Knochenneubildung und Knochenabbau wiederherstellen „Fehlt dieser Rezeptor, so kommt es zu einer beschleunigten Osteoporose“, erklärt Diplom-Biologin Carina Scholtysek, die an dem Projekt maßgeblich beteiligt war.",1,526239,2013,19
Die Göttinger Studie baut auf zwei bundesweiten Untersuchungen der Unternehmensberatung McKinsey & Co.,0,349811,2009,19
"""Die europäische Vogelschutzrichtlinie verpflichtet uns zum Schutz aller wildlebenden Vogel-arten.",0,348433,2009,19
"Es wird allerdings auch deutlich, dass gegenwärtig in Ostdeutschland eine zunehmende Angleichung an die arten- und individuenarmen westdeutschen Verhältnisse zu beobachten ist.",0,42737,2001,19
"Darüber hinaus soll die Technologie hinsichtlich Zuverlässigkeit und Robustheit optimiert werden, um sie schließlich für die industrielle Fertigung zu qualifizieren.",0,592126,2014,19
"Bei der Unterscheidung nach drei Priorisierungstypen, der Priorisierung nach Empfänger, nach Dienst oder nach Tageszeit, wird die bevorzugte Durchleitung von Daten an bestimmte Empfänger als die wichtigste Form der Priorisierung angesehen.",0,540117,2013,19
"Eine intakte Natur mit einer hohen Vielfalt an Lebensräumen und Arten ist in aller Regel zugleich auch ein Indikator für eine nachhaltige und die Ressourcen schonende Nutzung und gewährleistet zugleich auch eine hohe Lebensqualität"".",1,348433,2009,19
In der vierteiligen Broschürenreihe zum Projekt InProDi werden Grundkonzepte einer komplementären Produkt- und Dienstleistungsentwicklung zur Bereitstellung und Vermarktung integrierter Problemlösungen vorgestellt.,0,341958,2009,19
"Die Forscher hoffen, dieses Ziel in ein bis zwei Jahren zu erreichen.",0,63215,2003,19
"Der IAQ-Report ist abrufbar unter: www.iaq.uni-due.de/iaq-report/2009/report2009-05.shtml Weitere Informationen: Thorsten Kalina, Tel.",0,325132,2009,19
"Anspruchsvolles Ziel mit beschränkten finanziellen Ressourcen erreichen Bevorzugt sollen die Instrumente zum Einsatz kommen, die eine kosteneffiziente Förderung erlauben, denn es geht darum, ein anspruchsvolles Ziel – nämlich den Umbau des Energiesystems – mit beschränkten finanziellen Ressourcen zu erreichen.",1,495057,2012,19
Lediglich die Parameter „Intelligenz“ und„Herz-Kreislauf-Leistungsfähigkeit“veränderten sich nicht.,0,520842,2013,19
"Das Softwaretool kombiniert mehrere methodische Ansätze (Kostenstrukturvergleich, Investitionsrechnung, Nutzwertanalyse) und rechnet fundierte und zukunftsorientierte Vergleiche für verschiedene Standorte durch, in die Optimierungspotenziale an bestehenden Standorten systematisch einbezogen werden.",1,221444,2007,19
"Wenn die Funktion dieser Hirnregion gestört ist, gelingt dieser Belohnungsaufschub nicht mehr.",0,362174,2010,19
"Auf dem Paranal betreibt die ESO mit dem Very Large Telescope (VLT) das weltweit leistungsfähigste Observatorium für Beobachtungen im Bereich des sichtbaren Lichts und zwei Teleskope für Himmelsdurchmusterungen: VISTA, das größte Durchmusterungsteleskop der Welt, arbeitet im Infraroten, während das VLT Survey Telescope (VST) für Himmelsdurchmusterungen ausschließlich im sichtbaren Licht konzipiert ist.",1,521115,2013,19
Danach will PACE Forschern in ganz Europa als zentraler Versorger für ihren Rechenbedarf dienen.,0,204696,2007,19
"Zur Spieltheorie Die Spieltheorie ist eine Entscheidungstheorie, die Situationen untersucht, in denen das Ergebnis nicht von einem Entscheider allein bestimmt werden kann, sondern nur von mehreren Entscheidern gemeinsam.",0,595386,2014,19
"Dabei geht es um die Weiterentwicklung des sogenannten Cluster-Modells, da es aufgrund der erforderlichen, sehr heterogenen Mitgliederstruktur neuer Ansätze zur überbetrieblichen Kooperation bedürfe.",0,554850,2013,19
: 0211-7778-150 E-Mail: Rainer-Jung@boeckler.de,0,326174,2009,19
"Um den Rückstand Deutschlands bei den Dienstleistungen aufzuholen, ist ein Maßnahmenpaket der gesellschaftlichen und wirtschaftlichen Modernisierung nötig - vom Übergang zur Qualitätsproduktion, Professionalisierung von Dienstleistungen und moderne Arbeitszeiten über die Förderung der Frauenerwerbstätigkeit bis zum Ausbau der Sozialstaats zur Überwindung der ""Kostenkrankheit"" zentraler Dienste wie Bildung und Gesundheit.",0,55874,2002,19
"„Unsere Experimente im Modell haben gezeigt, dass Osteoporose auf diese Art sogar heilbar sein kann.“ *Carina Scholtysek, Julia Katzenbeisser, He Fu, Stefan Uderhardt, Natacha Ipseiz, Cornelia Stoll, Mario M Zaiss, Michael Stock, Laura Donhauser, Christina Böhm, Arnd Kleyer, Andreas Hess, Klaus Engelke, Jean-Pierre David, Farida Djouad, Jan Peter Tuckermann, Béatrice Desvergne, Georg Schett, Gerhard Krönke, Nature Medicine, doi: 10.1038/nm.3146 Informationen für die Medien: Dr. Gerhard Krönke Tel.",1,526239,2013,19
Dabei findet die Nutzung von Gutscheinen selektiv statt.,0,162574,2006,19
:	+49-209/1707-176 Fax:	+49-209/1707-110 E-Mail:	braczko@iatge.de WWW:	http://www.iatge.de,0,66996,2003,19
Die Gleichstellung von Frau und Mann ist auch heute noch nicht erreicht.,0,405628,2011,19
"In diesem Jahr erstmals eingebettet in einen Science Campus werden Know-how und aktuelle Ergebnisse aus der anwendungsorientierten Grundlagenforschung des IPF präsentiert, die der Kunststoffindustrie den Weg zu interessanten Innovationen hinsichtlich Multifunktionalität von Materialien, Energieeffizienz und Ressourcenschonung öffnen.",1,556217,2013,19
"In einer aktuellen Studie sind Forscher des Leibniz-Institutes für Neurobiologie in Magdeburg dieser Frage auf den Grund gegangen, in dem sie Mongolische Wüstenrennmäuse in einem kognitiv anspruchsvollen Umlern-Experiment untersucht haben.",1,572538,2014,19
"Diese Ergebnisse wurden von den internationalen Experten als eine Sensation gewertet, da auf dem Gebiet der aggressiven Lymphome in den letzten 25 Jahren kein therapeutischer Fortschritt mehr erzielt werden konnte.",2,24796,2000,19
"„Unsere Ergebnisse liefern starke experimentelle Hinweise darauf, dass die langfristige Wirksamkeit von T-Zell-Immuntherapien gegen Infektionen und Krebs durch die Verwendung spezifischer T-Zell-Untergruppen verbessert werden kann.“ Diese Forschungsarbeiten wurden von der Deutschen Forschungsgesellschaft (DFG) durch den SFB TR36 (TP-B10/13) und den SFB 1054 (TP-B09), vom Impuls- und Vernetzungsfonds der Helmholtz-Gemeinschaft im Rahmen der Helmholtz-Allianz zur Immuntherapie von Krebserkrankungen, vom Bundesministerium für Forschung und Bildung (BMBF) durch das e:Bio-Programm (T-Sys) sowie von der US-amerikanischen National Science Foundation unter dem Kennzeichen NSF PHY11-25915 gefördert.",1,597487,2014,19
Doch das funktioniert nicht immer so reibungslos: Infektionen können die Wundheilung empfindlich stören.,0,79892,2004,19
"Weitere Informationen zum Arbeitsschwerpunkt ""Modellversuche"" im BIBB s. im Internet unter www.bibb.de/de/1233.htm Hinweis Das Thema ""Innovationen durch Modellversuche"" steht im Mittelpunkt von Heft 2/2004 der BIBB-Zeitschrift ""Berufsbildung in Wissenschaft und Praxis"" (BWP).",0,86502,2004,19
"Klimawandel, Ressourcenknappheit sowie konkrete Maßnahmen wie Strompreiserhöhungen erfordern Konzepte für ökologische Nachhaltigkeit.",0,413104,2011,19
"Bei den Menschen in Bremen, Hamburg und Schleswig-Holstein hat sich ein Plus von neun bzw. drei Prozentpunkten gegenüber dem Vorjahreszeitraum ergeben.",0,485454,2012,19
"Auf die Frage, wie sie ihre aktuelle persönliche Situation einschätzen, antwortet derzeit mehr als die Hälfte der Befragten (56%) mit ""gut"" oder ""sehr gut"".",0,294709,2008,19
"Ob Stadt- und Regionalentwicklung, Wirtschaftspolitik, Städtebau, Soziale Themen, Umwelt, Verkehr, Kultur, Recht, Verwaltungsthemen oder Kommunalfinanzen: Das 1973 gegründete unabhängige Institut bearbeitet ein umfangreiches Themenspektrum und beschäftigt sich auf wissenschaftlicher Ebene mit allen Aufgaben- und Problemstellungen, die die Kommunen heute und in Zukunft zu bewältigen haben.",1,318442,2009,19
"Hier ist der fachliche Austausch über Standorte und Disziplinen hinweg besonders wichtig, denn um im internationalen Vergleich auf hohem Niveau zu bestehen, geht es nicht ohne Vernetzung und Konzentration auf erfolgreiche Gebiete.""",1,138786,2005,19
"Auch wenn noch eindeutiger Forschungsbedarf besteht, zeigen die Veröffentlichungen in diesem Sonderheft bereits, dass die Berücksichtigung biologischer Prozesse bei Anwendung entsprechender statistischer Methoden die Nischenmodelle entscheidend verbessern kann.",1,516925,2013,19
Es nimmt sowohl die Mission einer Universität als auch die Mission eines nationalen Forschungszentrums in der Helmholtz-Gemeinschaft wahr.,1,447042,2011,19
"Bonn, 8. Februar 2012: Das letzte Rheinhochwasser ist erst ein paar Wochen her und vor fast genau einem Jahr erreichten die Wasserstände an der Elbe zum dritten Mal in neun Jahren Re-kordwerte.",0,462603,2012,19
"Außerdem stellt Fraunhofer IAO zusammen mit Projektpartnern den Zwischenstand der Forschungsarbeiten in den Themenschwerpunkten ""Innovative Geschäftsmodelle im Vertrieb"", ""IT-Anforderungen und Lösungen für den Beraterarbeitsplatz"" und ""Industrialisierung der Finanzbranche"" vor.",0,147008,2006,19
Das zeigt eine Zwischenbilanz des Instituts Arbeit und Technik (IAT/Gelsenkirchen) zu den neuen Förderkonzepten haushaltsbezogener Dienstleistungen.,0,66996,2003,19
"""Jedoch können einige ökologische Funktionen selbst von naturnah bewirtschafteten Wäldern nicht ausreichend erbracht werden.",1,306430,2009,19
"In einer umfangreichen Messkampagne gelang es den Warnemünder Mikrobiologen Daniel Herlemann, Matthias Labrenz und Klaus Jürgens die gesamte Ostsee vom salzreichen Skagerrag im Südwesten bis zum Süßwasser des Bottnischen Meerbusen im Norden in hoher Auflösung zu beproben und die jeweiligen Bakterien-Gemeinschaften mittels modernster Hochdurchsatz-Sequenzierverfahren zu analysieren.",2,441126,2011,19
"Im ersten Seminar der neuen Reihe informiert das Fraunhofer SIT darüber, wie diese Technologie in Unternehmensnetze integriert und sicher genutzt werden kann.",0,62129,2003,19
Die genannten 13 Gene werden interessanterweise ausschließlich über die Mutter eines jeden Individuums vererbt.,0,239965,2007,19
Die gute klinische Wirkung von wIRA auf Wunden und Wundinfektionen lässt sich über die Verbesserung sowohl der Energiebereitstellung pro Zeit (Zunahme des Stoffwechsels) als auch der Sauerstoffversorgung erklären.,1,284525,2008,19
"Neurowissenschaftler, Psychologen, Elektrotechniker – jeder, der über Grundkenntnisse der Programmierung verfügt, kann mithilfe des Neuro-Simulators ANNarchy abbilden, wie sich die Neuronen verhalten, wenn der Mensch zum Beispiel visuelle Reize verarbeitet oder wenn er lernt, oder ihn nutzen, um Krankheiten zu erforschen.",0,641187,2015,19
Dazu wird regelmäßig die Zuversicht der Menschen für die jeweils kommenden zwölf Monate in sechs persönlichen und sechs gesellschaftlich übergreifenden Lebensbereichen erfasst.,0,539689,2013,19
"Ein weiteres Szenario, das sich abzeichnet, ist die „Disruption der Arbeitsmärke“ in Folge neuer Produktionsmodelle wie Cloudworking und Crowdsourcing.",0,645155,2016,19
"Die zum Patent angemeldete Förderkette ist leiser und leichter als Stahlketten, muss nicht geschmiert werden und lässt sich wesentlich wirtschaftlicher herstellen.",1,413554,2011,19
"So müssen Interessen und Ängste der Nutzer in Fragen des Datenschutzes, der Datensicherheit und der Gesundheit (z.",0,42739,2001,19
"Ziel: Immunologische Forschung fördern ""In erster Linie ist EFIS ein wissenschaftlicher Dachverband, der die wissenschaftliche Zusammenarbeit zwischen den Immunologen in Europa fördert"", betont Kaufmann.",0,332897,2009,19
"Wissenschaftsministerin Kraft: ""Wissenstransfer ist besonders für Nordrhein-Westfalen von großer Bedeutung, denn als exportierendes Industrieland sind wir darauf angewiesen, dass wissenschaftliche Erkenntnisse so schnell wie möglich in neue Technologien, Produkte und Dienstleistungen umgesetzt werden.",1,81087,2004,19
"Für die Wissenschaft bedeutet dies beispielsweise, das „disziplinäre Einzelkämpfertum zu überwinden, wie es vor allem in den Geistes- und Sozialwissenschaften vorkommt, und zu einer neuen Forschungsorganisation zu finden“.",1,467617,2012,19
"Seit 1995 sind der Güterumschlag, das Transportaufkommen und die Transportleistung in Niedersachsen im Vergleich zu den anderen Bundesländern überdurchschnittlich stark gewachsen.",1,622516,2015,19
"Moderne PCs besitzen mehrere Prozessorkerne, die bei der normalen Verwendung häufig nicht genutzt werden.",0,631033,2015,19
"Immer wieder wird die Frage gestellt, ob nicht auch medizinischer Mund-Nasen-Schutz als Schutz vor Aerosolen, die z.B. Vogelgrippe-Viren enthalten können, geeignet sei.",0,147560,2006,19
"Österreich könnte diese Nachfrage bedienen und bei Übererfüllung des 34%-Ziels Geld verdienen – und hätte außerdem ein „Sicherheitspolster“ für den Fall, dass unvorhergesehene Entwicklungen die Situation verschlechtern“, erklärt Gustav Resch von der Energy Economics Group der TU Wien.",0,522990,2013,19
Ungetrübt scheint momentan ebenfalls der Blick in die persönliche Zukunft: 50 Prozent der insgesamt über 2.000 Interview-Partner sehen die Entwicklung ihres Privatlebens in den kommenden 12 Monaten optimistisch.,1,294709,2008,19
"Die Partner kommen aus Belgien, Deutschland, Italien, Spanien, Türkei, U. K., Ungarn Projektlaufzeit: 01/2015 – 12/2019 Kontakt: Verena Neubauer, Tel.",0,628871,2015,19
"Die Software- und Games-Industrie blickt etwa optimistisch in die Zukunft (80 Prozent), im Buchmarkt sind die Erwartungen dagegen gedämpfter (30 Prozent).",0,535875,2013,19
"In Staaten, die wie Deutschland zuletzt ihre Einbürgerungsbestimmungen liberalisiert haben, führt eine bereits nach kürzerer Aufenthaltsdauer ermöglichte Einbürgerung zu größeren Lohnsteigerungen und stabileren Beschäftigungsverhältnissen.",0,624783,2015,19
"Erhaltung und Nutzung sind hier unmittelbar miteinander verknüpft und müssen Sorten und Rassen sowie wild lebenden Tieren und Pflanzen auch zukünftig eine Chance auf Überleben bieten"", sagte Prof. Dr. Hartmut Vogtmann, Präsident des BfN.",0,227776,2007,19
"Die neuere, methodisch fortgeschrittene internationale Forschung kommt zu dem Ergebnis, dass sich keine signifikanten Beschäftigungswirkungen von Mindestlöhnen feststellen lassen.",0,592767,2014,19
Dies müsse selbstverständlich mit einem sorgfältigen Schutz der elektronisch gespeicherten Daten einhergehen.,1,634721,2015,19
"Neuere Studien und Meta-Analysen kommen ganz überwiegend zu dem Ergebnis, dass die Beschäftigungswirkungen von Mindestlöhnen gering sind.",1,592767,2014,19
"Der VDI-Statusreport „Additive Fertigungsverfahren“ beschreibt, wo die Technik heute steht, welche Branchen davon schon heute profitieren können und welche Fortschritte noch zu erwarten sind.",0,610578,2014,19
Ausgestattet mit vielseitigen technischen Möglichkeiten bietet das ServLab Dienstleistungsunternehmen eine umfassende Plattform für die Entwicklung und Gestaltung moderner Serviceleistungen.,1,178542,2006,19
Auch für die Bewältigung dieses Konflikts sollen die dargestellten guten Bei-spiele wichtige Impulse geben.,1,462603,2012,19
"""Eine dieser Erkrankungen ist die schwere, häufig sehr schmerzhafte Bewegungsstörung NBIA, die zwar Menschen jedes Alters treffen kann, an der jedoch vorwiegend Kinder erkranken"", erklärt Prof. Timmermann.",0,358620,2010,19
"Zusammengenommen unterstreichen alle Ergebnisse des Forschungsprojekts REM 2030, dass die urbane Individualmobilität der Zukunft zugleich von technischen Innovationen, einer intelligenten Anwendung, Wirtschaftlichkeit und einer stärkeren Berücksichtigung von Nutzerbedürfnissen gekennzeichnet sein sollte.",1,633229,2015,19
Formlose Anmeldungen zur Konferenz werden erbeten an <presse@volkswagenstiftung.de>.,0,603396,2014,19
"Da kleine Unternehmen überwiegend im Inlandsmarkt tätig sind, sind sie von der Konjunkturschwäche in Deutschland besonders betroffen.",1,110794,2005,19
"030/20370-650, E-Mail: jentsch@diejungeakademie.de",0,299845,2009,19
"Diese Sammlung der „Guten Beispiele“ soll Impulse für neue Projekte geben und helfen, die Synergien zwischen dem Schutz der Biodiversität in Auen und Fließge-wässern und ökologischem Hochwasserschutz zu nutzen.",0,462603,2012,19
"Auf dieser Grundlage stellen wir unseren Auftraggebern aus Wirtschaft, Politik und Wissenschaft Handlungsempfehlungen und Perspektiven für wichtige Entscheidungen zur Verfügung.",1,564747,2013,19
Diese für die medizinische Forschung spektakulären Ergebnisse wurden als Titelgeschichte in der neuen Ausgabe (Juni 2011) des renommierten Fachjournals Journal of Clinical Investigation publiziert.,1,428265,2011,19
Rezensionsanfragen bitte ausschließlich an die Difu-Pressestelle (s.u.).,0,222671,2007,19
"Seltene Erkrankungen werden oft nur unzureichend erforscht, da es dafür wenige öffentliche, industrielle oder private Geldgeber gibt.",0,358620,2010,19
"Sie werden dabei nicht nur branchenübergreifend dargestellt, sondern durch fünf spezifische Brachenauswertungen (Banken, Versicherungen, Versorger, Automobil und Nahrungsmittel & Getränke) ergänzt.",0,59346,2003,19
"„Nachhaltigkeit in der Immobilienbranche ist nicht nur ein gesellschaftspolitisches Ziel, sondern schafft auch einen finanziellen Mehrwert für Unternehmen“, sagt David Lorenz, Experte vom Fachgebiet Immobilienwirtschaft des KIT.",0,591959,2014,19
"Originalveröffentlichung: Gerhard Dannecker, Anne Franziska Streng: Rechtliche Möglichkeiten und Grenzen einer an den Erfolgsaussichten der Transplantation orientierten Organallokation, Juristenzeitung 9/2012, 444-452 doi: 10.1628/002268812800567113.",0,490050,2012,19
Der Erfolg in diesem Wettbewerb wird definiert über die Akzeptanz der Forschungsberichte in Top-Wissenschaftsjournalen wie zum Beispiel dem ‚New England Journal of Medicine‘.“ In Kürze werden die Gießener Lungenforscher an einer weiteren Publikation im NEJM über ein neues Wirkprinzip beteiligt sein.,1,545063,2013,19
0228/28711050 E-Mail: pknolle@uni-bonn.de,0,528341,2013,19
"Im Zuge des Projekts sollen die drei Standorte des Gauss Centre für Supercomputing (GCS) – das HLRS in Stuttgart, das Leibniz-Rechenzentrum der Bayerischen Akademie der Wissenschaften (LRZ) in Garching bei München und das Forschungszentrum Jülich (JSC) – in einem Zeitraum von sechs Jahren mit Petascale-Systemen ausgestattet werden.",0,464865,2012,19
"Für deren Logik ist zunächst einmal eine Kombination von „und“ und „oder“ charakteristisch: Ein Vorschlag ist angenommen, wenn (a) und (b) der Fall ist oder wenn (c) der Fall ist.",0,635584,2015,19
"Diese Fälle sollten immer kritisch beleuchtet und diskutiert werden, und wenn sie zeigen, dass Abläufe optimiert und der Schutz der Frühgeborenen noch weiter verstärkt werden kann, dann ist das hilfreich.",0,450177,2011,19
"Von den 1.041 Befragten finden lediglich 9% das Produktinformationsblatt weniger oder gar nicht nützlich, beim Beratungsprotokoll sind es 11%.",0,623789,2015,19
"49, DE-60323 Frankfurt/M.",0,62129,2003,19
"0203/379-1353, claudia.weinkopf@uni-due.de Redaktion: Claudia Braczko, Tel.",0,325132,2009,19
Diese Gutachten werden von den amtlich anerkannten Begutachtungsstellen für Fahreignung er-stellt.,0,70667,2003,19
Anfang Oktober war die Innovation auf einem wissenschaftlichen Symposium (ACM User Interface Software and Technology 2013) im schottischen St. Andrews mit dem „Best Paper Award“ ausgezeichnet worden.,0,566055,2013,19
Krankmachende Antikörper neutralisieren In den letzten zehn Jahren haben sich die Erfolge in der Behandlung neurologischer Autoimmunerkrankungen stark verbessert.,2,191915,2007,19
Bei einer Ablehnung steht das Angebot nicht mehr zur Verfügung – zum Beispiel wurde die Wohnung bereits an den nächsten Interessenten verkauft.,0,471597,2012,19
Der Rat der Europäischen Union – oder kurz: der EU-Ministerrat – hat eine entscheidende Funktion bei der Gesetzgebung der EU.,1,635584,2015,19
"Die Erfindung aus Münster wurde bereits zum Patent angemeldet und wird von ""Provendis"", der Patentverwertungsagentur der Hochschulen des Landes NRW, im Auftrag der Universität Münster vermarktet.",0,186419,2006,19
"Damals hieß es, dass es sich der Staat nicht leisten kann (und will), für niedrige Löhne die Ausfallbürgschaft zu übernehmen, weil das Einkommen nicht zur Existenzsicherung ausreicht.",0,325132,2009,19
"– dann ist ein großer Schritt in die richtige Richtung gemacht“, bilanziert Lore Funk.",1,600863,2014,19
"Die behandelnden Ärzteteams in Hannover und Greifswald bewerteten täglich die neurologischen Ausfälle wie Halluzinationen, Sprachstörungen und Krampfanfälle und konnten so einen deutlichen Effekt der Therapie mittels Immunadsorption feststellen.",1,439383,2011,19
"Von Kranken und Künstlern Altersveränderungen sind kein Ausdruck des Absterbens und Untergangs von Nervenzellen, wie man immer glaubte, sondern einer ""gebrauchsabhängigen"" Plastizität des Gehirns.",0,63072,2003,19
"Der Anbieter der Inhalte wird anschließend in einer virtuellen Währung für die Menge der Berechnungen bezahlt, die vom Nutzer durchgeführt wurde.",0,631033,2015,19
"Werden dadurch Marktanteile hinzugewonnen, können trotz Rationalisierung neue Mitarbeiter eingestellt werden.",0,82470,2004,19
"Pressemitteilung Heidelberg, 27. Juli 2012 Heidelberger Juristen plädieren für erweitertes Verfahren bei Lebertransplantationen Neben der medizinischen Dringlichkeit sollen auch Erfolgsaussichten bei der Verteilung von Spenderlebern berücksichtigt werden Bei der Transplantation von Spenderorganen ist es nach Ansicht Heidelberger Rechtswissenschaftler verfassungsrechtlich zulässig und geboten, die Verteilung knapper Organe nicht nur an der medizinischen Dringlichkeit auszurichten, sondern auch die Erfolgsaussichten der Transplantation zu berücksichtigen.",0,490050,2012,19
Ähnlich erfolgreiche klinische Studien liefen bereits unter Tübinger Leitung beim Darmkrebs (mit immatics) und beim Prostatakrebs.,1,489963,2012,19
"Die Ergebnisse sind nun in Form mehrerer Publikationen zugänglich und richten sich als Empfehlungen an Entscheidungsträger in Politik und Gesellschaft, sowie an Projektkoordinatorinnen und -koordinatoren von Bildungsprojekten.",0,438668,2011,19
"Wie können sie aber herausfinden, welche Qualitäten beim Verbraucher am besten ankommen?",0,188936,2006,19
"Zielsetzung bei der Gründung dieser wohl einmaligen Kompetenzbündelung ist es, für öffentliche und industrielle Auftraggeber geeignete technische und konzeptionelle Lösungen zu entwickeln und in die Anwendung zu überführen.",1,71843,2003,19
Noch immer treffen Frauen bereits bei der Entscheidung für einen technischen Beruf auf Vorurteile und Widerstände.,0,333178,2009,19
Hinweis an die Redaktion: Für weitere Fragen steht Ihnen der Dekan des Fachbereiches Wirtschaftswissenschaften Prof. Dr. Stefan Homburg unter 762- 5350 gern zur Verfügung.,0,42599,2001,19
"Gefragt, was notwendig ist, damit die Unternehmen Innovationsaktivitäten aufnehmen bzw. verstärkt Mittel für Innovationen bereitstellen, nennen sie vor allem eine Stärkung der Nachfrage und eine Verbesserung der Gewinnsituation.",0,110794,2005,19
"Statt sich in spezifischen Fragen zu verlieren, müsse bei der Gestaltung der regulativen Rahmenbedingungen der komplette Innovationsprozess im Blick sein.",0,84403,2004,19
"B. bei der ersten Untersuchung aus Sorge, ""etwas Falsches zu sagen"", völlig nichts sagende oder zum Teil sogar - ohne sich dessen bewusst zu sein - zu ihren eigenen Lasten falsche Angaben gemacht, so dass die Erstgutachter gar keine Anhaltspunkte dafür finden konnten, dass der Betreffende sich in seiner Einstellung und seinem Verhalten positiv geändert hat.",0,70667,2003,19
Unterschiede fanden die Forscher auch im innovationsbezogenen Planungs- und Entscheidungsverhalten der Unternehmer und bei der Nutzung des kreativen Potenzials der Mitarbeiter.,0,174296,2006,19
"Sie versteht sich als 'Entrepreneurial University' und damit auch als 'Dienstleistungsunternehmen' mit dem Anspruch von Exzellenz und Weltspitze"", erklärte er.",2,226065,2007,19
Die Studie wurde im Auftrag der Akademien der Wissenschaften Schweiz vom Institut für Pharmazeutische Medizin der Universität Basel in Zusammenarbeit mit den Instituten für Sozial- und Präventivmedizin und für Biomedizinische Ethik der Universität Zürich durchgeführt.,0,470200,2012,20
"In den westeuropäischen Ländern Großbritannien, Irland, Frankreich und den BeNeLux-Staaten liegt der Mindestlohn mittlerweile knapp unter oder deutlich über 8 Euro pro Stunde, in Luxemburg bei 9,08 Euro.",0,191962,2007,20
Die Untersuchungen wurden in der neuesten Ausgabe der Proceedings of the National Academy of Sciences (PNAS) veröffentlicht.,0,289453,2008,20
"Somit finden sich zwar keine Belege für einen echten Mehrwert, aber immerhin auch keine Hinweise auf unnötig hohe Kosten.",3,543085,2013,20
"Die gleiche Induzierbarkeit der Amyloid-Pathologie konnten die Forscher nachweisen, wenn sie anstelle der Extrakte von Alzheimer Patienten, Extrakte von alten Mäusen mit Amyloidablagerungen in das Gehirn von jungen Mäuse injizierten.",0,176296,2006,20
"Quartal 2013 in Prozentpunkten) Die Allianz Zuversichtsstudie Basis der Allianz Zuversichtsstudie, einer gemeinschaftlich durchgeführten Untersuchung der Allianz Deutschland AG und der Universität Hohenheim, sind repräsentative monatliche Befragungen mit jeweils mindestens 500 bis 1.000 Interviewpartnern.",0,592837,2014,20
"Dienstleistungen können – entsprechend ökologisch nachhaltig gestaltet – einen bedeutenden Beitrag zur Gesamt-Ökobilanz der Wirtschaft leisten, da der Dienstleistungssektor aufgrund seiner wirtschaftlichen Bedeutung ein entsprechend hohes Ausmaß an Aktivitäten aufweist, die mit hohen Ressourcenverbräuchen und einer beträchtlichen Menge an Emissionen verbunden sind.",0,469787,2012,20
"Vorbilder sollten eher die beschäftigungspolitisch ebenso erfolgreichen europäischen Länder, wie die Niederlande oder Dänemark, sein.",0,55874,2002,20
"Schritt für Schritt bestärkten die Ergebnisse die Hypothese, dass die Langlebigkeit des immunologischen Gedächtnisses auf den Stammzelleigenschaften einer T-Zell-Untergruppe, den zentralen T-Gedächtniszellen, beruht: Einzelne zentrale T-Gedächtniszellen erwiesen sich als „multipotent“.",0,597487,2014,20
"Neben der Konzeption und Herstellung innovativer Einzelkomponenten, die teilweise zusammen mit externen Industriepartnern erfolgte, bestand ein weiteres zentrales Projektvorhaben in deren Integration in eine Kleinfahrzeugplattform.",2,633229,2015,20
"Auf dieser Grundlage stellen wir unseren Auftraggebern aus Wirtschaft, Politik und Wissenschaft Handlungsempfehlungen und Perspektiven für wichtige Entscheidungen zur Verfügung.",1,460670,2012,20
Mehr unter www.bik‐f.de,0,516925,2013,20
Studenten sollen aber auch die Vielfalt kreativer Schreib- und Gestaltungstechniken kennenlernen.,1,597902,2014,20
Die Landnutzung der Flächen variierte von extensiver Beweidung bis zu intensiver Mahd oder Beweidung mit hohem Düngereinsatz.,0,568060,2014,20
"Auf der Systems zeigt die Initiative erstmals ihre neue Online-Plattform, mit der Mitgliedsunternehmen ihre Produkte und Dienstleistungen wirkungsvoll einem internationalen Interessentenkreis präsentieren können.",2,127875,2005,20
"Einige dieser ""Schwerter"" attackieren die fremden Eindringlinge mit solch starken und fehlgeleiteten Kräften, dass auch der eigene Körper Schaden erleidet, etwa bei Allergien oder Immunpathologien.",1,184764,2006,20
"Bis auf deutlich weniger als einen Nanometer passgenau Bislang war es allerdings technologisch nicht möglich, die Frequenz bzw. Wellenlänge dieser Quanten-Lichtquellen exakt auf den Durchlassbereich des photonischen Kristalls abzustimmen.",3,446379,2011,20
Im Vergleich zu Standardverfahren ergab sich hierbei eine wesentlich zuverlässigere Bestimmung von Kanten und daraus resultierend eine wesentlich verbesserte Erkennungsrate.,2,16305,1999,20
81%) von der Geschäftsleitung aus.,0,605580,2014,20
"Neue Leitbilder und veränderte Regelungen in der Arbeitsmarkt- und Familienpolitik, die auf die Erwerbstätigkeit auch von Frauen und die Vereinbarkeit von Beruf und Familie setzen, scheinen diesem Wandel Rechnung zu tragen.",0,537182,2013,20
"Weitere Auskünfte PD Dr. Matthias Schwenkglenks, MPH, Institut für Pharmazeutische Medizin (ECPM), Tel.",0,470200,2012,20
"„In begrenztem Maße kann sogar davon ausgegangen werden, dass mit der Einführung des gesetzlichen Mindestlohns ein zusätzlicher Kaufkraftgewinn entstanden ist, der die Inlandsnachfrage gestärkt und damit die Entstehung neuer Beschäftigung gefördert hat“, schreiben Weinkopf und Schulten über die gesamtwirtschaftlichen Beschäftigungswirkungen der neuen Lohnuntergrenze.",3,637553,2015,20
Die Faktoren werden in dieser Arbeit unterschiedlichen Dimensionen zugeordnet.,0,529473,2013,20
Das Pulsverkürzungs-Modul kann mit einem neu am Fraunhofer ILT entwickelten Femtosekundenlaser in der Leistungsklasse von 150 W kombiniert werden.,1,633037,2015,20
Professionelle Schauspieler des Münchner Unternehmens¬theaters Vitamin T demonstrierten vor diesem Hintergrund eindrucksvoll verschiedene Servicesituationen in der virtuellen Hotellobby.,1,178542,2006,20
"Weitere Informationen <www.thelancet.com> <www.thelancet.com/journals/lancet/article/PIIS0140-6736(11)61253-1/fulltext> Lancet 2011, DOI:10.1016/S0140-6736(11)61253-1 THE LANCET ist die führende internationale Wochenzeitschrift für die Krebsforschung, Neurologie und Infektionskrankheiten.",1,439383,2011,20
"Ziel des Forschungsprojektes war es, das Bau- und Immobilienmanagement im Hochschulsektor auf die Implementierungsmöglichkeit des Lebenszyklusansatzes beim Planen, Bauen und Betreiben zu prüfen.",0,261638,2008,20
"„Allerdings macht Punk nur im Zusammenhang mit dem Sinn, wovon er sich distanzieren will.",1,556681,2013,20
Damit entwickelt er einen neuen integrierten Geschäftsmodellansatz für Lern-Service-Anbieter.,1,261965,2008,20
"41, Juli 2014.",0,597487,2014,20
"Dass dieses Ergebnis keinen ""Sonderfall Alpen"" darstellt, zeigte eine parallel durchgeführte Untersuchung in den Karpaten.",0,498223,2012,20
Sie gelten sowohl für die internen (Gesamt- und Eigenkapitalrendite) als auch für die externen Kennzahlen (Markt-zu-Buch-Wert).,0,447042,2011,20
Auch die Rolle der deutschen Aufsicht bei der Weiterentwicklung der Aufsichtsnormen in internationalen Gremien beurteilen die befragten Bankvorstände äußerst kritisch.,0,426752,2011,20
Datenintensive Anwendungen wie Online-Videos und „Cloud-Gaming“ haben in den letzten Jahren die Nachfrage für hohe Internet-Bandbreiten gesteigert.,0,406613,2011,20
"Ende April nimmt die Regierung mit dem Bericht ""Forschung und Innovation für Deutschland"" detailliert Stellung.",0,303718,2009,20
"In diesen Bemessungsnormen sind Sicherheitsfaktoren eingeführt wor-den, um die Wahrscheinlichkeit eines Tragwerksversagens auf einem Niveau zu halten, welches zu einem optimalen Gleichgewicht zwischen den Investitionen in die Bauwerkssicherheit und dem damit verbundenen Ertrag aus dem Gewinn von Sicherheit führt.",1,51804,2002,20
"Bei der Frage, welche Unternehmen zukünftig wettbewerbs- und überlebensfähig sein werden, spielt die Dienstleistungskompetenz eine immer größere Rolle.",0,585564,2014,20
"Die anbieterseitig teilweise auch geäußerte Vermutung, dass Beratungsprotokoll und Produktinformationsblatt für den Kunden keinen besonderen Nutzen hätten und gerade Kunden mit einer hohen Beratungsfrequenz hierauf auch gerne verzichten würden, lässt sich in der jüngsten Studie des PFI Private Finance Institute der EBS Business School zur „Bedeutung von Vergütungsstrukturen im Nachfrageverhalten nach Finanzdienstleistungen“ indes nicht bestätigen.",3,623789,2015,20
"Bei Menschen, die über nur wenige externe wie interne Ressourcen verfügten, steige das Risiko psychosomatischer Erkrankungen deutlich, warnte der Sozialpsychologe: „55 Prozent der Ressourcenarmen, aber nur 15 Prozent der Ressourcenreichen berichten in vergleichbar exkludierenden Lebenssituationen über regelmäßige Niedergeschlagenheit, 43 gegenüber 11 Prozent über Angstgefühle, 28 gegenüber 5 Prozent über Antriebslosigkeit.“ Ähnliches gelte für das Risiko, sich in exkludierenden Situationen überfordert zu sehen: „46 Prozent der Ressourcenarmen, aber nur 2 Prozent der Ressourcenreichen geben an, dass die Anforderungen, die mit exkludierenden Lebenslagen einhergehen, ihre Möglichkeiten übersteigen.",0,472891,2012,20
"Ich bin sicher, dass die Johan-nes Gutenberg-Stiftungsprofessur 2007 erneut die Aufmerksamkeit der Öffentlichkeit - national und international - auf sich ziehen und damit maßgeblich zum Ansehen der Universität beitragen wird"", betont der Vizepräsident der Johannes Gutenberg-Universität, Univ.-Prof. Dr. Johannes Preuß.",1,184764,2006,20
"Ob ein Erfolg oder Misserfolg erzielt wurde, kann den Neuronen durch das Ausschütten eines bestimmten Neuromodulators (z.",0,301565,2009,20
"Eine zweite Studie ausschliesslich mit jüngeren Erwachsenen – 81 Studierenden im Durchschnittsalter von 23 Jahren – zeigte, dass auch diese eher bereit waren, Angebote früher anzunehmen, wenn sie mit Bildern in eine positive Stimmung versetzt wurden.",3,471597,2012,20
"Eine der Forschungsfragen, der die Autorinnen nachgehen, ist, ob Mädchen mit einer Neigung zu MINT-Berufen ein besonderes Werteprofil aufweisen, das sie von anderen Mädchen unterscheidet.",0,600863,2014,20
"Die Frage, welche Prozesse dem Produkt oder der Dienstleistung (k)einen Mehrwert hinzufügen, wird im „Business as usual“ allzu oft nicht gestellt.",1,584235,2014,20
06841-16-3002 oder per E-Mail an: unmpfr@med-rz.uni-sb.de.,0,24796,2000,20
"Bad Hofgastein, 2. Oktober 2014 – Wie gestaltet man ein Gesundheitssystem auf allen Ebenen effizienter?",0,606206,2014,20
Folglich sind an vielen Auslandsstandorten die Material- und Vorleistungskosten höher als im Inland.,0,221444,2007,20
Die insgesamt 97 Naturparke nehmen dabei etwa ein Viertel der Landesfläche Deutschlands ein und stellen somit neben anderen Schutzgebieten einen Baustein für die Schaffung eines Netzes ökologisch repräsentativer nationaler und regionaler Schutzgebietssysteme dar.,0,222917,2007,20
Auch hier zeigt sich im europäischen Vergleich (für 2002) eine große Spannbreite.,0,183737,2006,20
"Eine Stunde pro Woche genügt Während sich bei der Kontrollgruppe keine Veränderungen zeigten, stellten die Forscher bei den Tänzern nach dem Kurs signifikante Verbesserungen in den Bereichen „Kognition / Aufmerksamkeit“, „Reaktionszeit“, „Hand-/Motorische Leistungsfähigkeit“, „Taktil-/Sensorische Leistungsfähigkeit“, „Stand- und Balance“ und „Lebensstil“fest.",0,520842,2013,20
"Durch sie können ähnliche Leistungen, welche aus einer Vielzahl an Informationen mit unterschiedlichen Merkmalen und Strukturen bestehen, erst vergleichbar gemacht werden.",0,236917,2007,20
"""Es hat sich gezeigt, dass dieses Verfahren sehr schnell zu sehr genauen Ergebnissen führt und genau erkennt, welche maximalen Stressbelastungen ein Brett auszuhalten in der Lage ist und wo sich die schwachen Punkte in der Konstruktion befinden"", so Dr. Schwarzer.",1,117847,2005,20
Muth und Koschnick bearbeiten bereits seit mehreren Jahren an verschiedenen Modellen die Frage der Auswirkung von hyperbarem Sauerstoff auf die Wundheilung.,0,41287,2001,20
"In drei dieser Branchen (Maler und Lackierer, Gerüstbauer, Fleischindustrie) steht die Allgemeinverbindlicherklärung von bereits tariflich vereinbarten Anhebungen der Mindestlöhne zurzeit noch aus.",0,590336,2014,20
"Es entsteht nur ein vorübergehender positiver Finanzierungseffekt, der aber im Zeitablauf durch einen negativen Ausgabeneffekt überkompensiert wird.",0,65139,2003,20
Dennoch sind nicht nur die genannten Gruppen von Niedriglohnbeschäftigung betroffen.,0,142462,2006,20
So war das Votum der anwesenden Praktiker einstimmig: Ohne Beratung geht es im Moment noch nicht.,0,192597,2007,20
"In Ostdeutschland entspricht dies rechnerisch 5,22 €; in Westdeutschland 7,19 € pro Stunde.",0,142462,2006,20
"Bislang konnten Mediziner mit betroffenen Patienten, bei der Entscheidung zwischen der Behandlung mit Hirnelektroden oder der Tiefen Hirnstimulation, nur auf Einzelberichte und kleine Fallserien in der Literatur bauen, obwohl andere Formen der Dystonie schon heute erfolgreich mit der Tiefen Hirnstimulation behandelt werden.",1,358620,2010,20
"""Durch neue Beschichtungen auf der Kettenoberfläche wird zum einen der Verschleiß vermindert und zum anderen der Reibwert verringert"", versichert Sebastian Weise von der Professur Fördertechnik der TU Chemnitz und ergänzt: ""Dafür wurden amorphe Kohlenstoffschichten und Kohlenstoff-Stickstoffschichten im Magnetron-Sputter-Verfahren auf typische, polymere Kettenwerkstoffe aufgebracht.",0,413554,2011,20
"„Die modernen Technologien erlauben bei einer sinnvollen Anpassung der Rahmenbedingungen zur Markt- und Systemintegration einen umfassenden Handlungsspielraum“, fasst Knorr die Ergebnisse zusammen.",0,559168,2013,20
"Am Montag, dem 1. November, 19.00 Uhr, werden die Ergebnisse in Kooperation mit dem Landratsamt und der Wirtschaftsförderung der Stadt Torgau öffentlich vorgestellt (Ort: Saal des Kulturhauses, Rosa-Luxemburg-Platz 16, Torgau).",0,15100,1999,20
"Nur 30 Prozent der befragten Mediziner geben an, dass es mehr moderne medizinische Be­handlungen und Dienstleistungen geben müsste, bei den Versicherten sind es deutlich mehr: 54 Prozent.",0,148698,2006,20
"Neue Techniken sind in die Unternehmen getragen und junge Diplom-ingenieurinnen und -ingenieure mit hervorragender Anwendungsorientierung in den Projekten für die Industrie ausgebildet worden.« Ein Gutachtergremium, bestehend aus Vertretern der Industrie sowie Hochschulen aus anderen Bundesländern hatte bereits anlässlich einer Zwischenpräsentation den beteiligten Forschern eine hervorragende Leistung bescheinigt.",2,27629,2000,20
"Dies kann innerhalb der Sozialsysteme erfolgen (durch Aufbau einer Demographiereserve) oder außerhalb der Systeme (alternative Deckung von bestimmten Leistungsbündeln durch die Privatversicherungswirtschaft) oder - am besten - beides, aber an dem zumindest graduellen Aufbau einer Kapitaldeckung führt kein Weg vorbei, wenn man eine wirklich nachhaltige Lösung finden möchte, die auch die Gerechtigkeit zwischen den Generationen nicht außen vor lässt.",1,65139,2003,20
: 030/884594-16 richard.harnisch@ioew.de Das Institut für ökologische Wirtschaftsforschung (IÖW) ist ein führendes wissenschaftliches Institut auf dem Gebiet der praxisorientierten Nachhaltigkeitsforschung.,0,612616,2014,20
"Dieser bisher nur innerhalb der Konsumentenforschung untersuchte Aspekt stellt gleichzeitig den Beweis dafür dar, dass für eine Analyse des persönlichen Verkaufs als Interaktion die Methoden und Erkenntnisse aus der Konsumentenforschung genutzt werden können.",0,42136,2001,20
"""Damit wird"", so Schulten, ""ein wichtige Chance vergeben, durch eine produktivitätsorientierte Lohnpolitik die nach wie vor äußerst schwache private Konsumnachfrage in Europa zu stärken und damit eine wesentliche Vorrausetzung für mehr Wachstum und Beschäftigung zu schaffen.""",0,84088,2004,20
"Der Forderung des TEEB-Berichtes, dass Biodiversität und Ökosystemdienstleistungen in Zukunft deshalb bei allen relevanten Entscheidungen systematisch in Kosten-Nutzen-Analysen einbezogen werden müssen, kommt das BfN mit der Studie „Ökonomische Bewertung naturverträglicher Hochwasservorsorge an der Elbe und ihren Nebenflüssen“ entgegen.",0,382914,2010,20
"Vor diesem Hintergrund erscheint es aus Sponsorensicht fraglich, ob der beabsichtigte positive Einstellungstransfer für Wiesenhof oder Gazprom hinreichend gelingen kann.",3,599984,2014,20
"Jetzt ist der Einsatz dieser Fähigkeiten notwendig, um die von den Unternehmenszentralen formulierten Leistungsziele überhaupt erreichen zu können.",0,58823,2003,20
"Informationen und Wissen müssen effektiv und effizient im Innovationsmanagement eingesetzt werden, damit Unternehmen die richtigen Entscheidungen treffen und zeitnah auf den Markt reagieren können.",0,50684,2002,20
Damit wurde erstmals seit Bestehen des Deutschen Zukunftspreises ein Informatiker nominiert.,1,39271,2001,20
Die dort veröffentlichten Artikel werden vorab von unabhängigen wissenschaftlichen Gutachtern überprüft.,0,478424,2012,20
"Vor und nach dem Kurs durchliefen die Studienteilnehmer 18 Tests, in denen über 80 Parameter untersucht wurden, um ein möglichst detailliertes individuelles Leistungsprofil zu erhalten.",0,520842,2013,20
"Kleine Acetylgruppen dienen dabei als molekulare Schalter, mit denen die Zelle die Zugänglichkeit und damit die Aktivität von Genen regulieren kann.",0,645149,2016,20
"Bei einer Gesamtzahl von rund 31 Millionen abhängig Beschäftigten beziehen demnach knapp 6,9 Millionen Beschäftigte in Deutschland Niedriglöhne.",0,142462,2006,20
"Diese Erkenntnis und Möglichkeiten, sie verstärkt in die internationale Diskussion über die Wirksamkeit von Corporate Governance Systemen einzubringen, sind das Thema eines Symposions, das die Hans-Böckler-Stiftung und das Institut der Wirtschaftsprüfer in Deutschland e.V.",1,529031,2013,20
Die von der konjunkturellen Lage und der Finanzmarktenwicklung unabhängigen kontinuierlichen Transferzahlungen aus der Gesetzlichen Rentenversicherung stützen die verfügbaren Einkommen der privaten Haushalte und damit Konsumnachfrage und Investitionsaktivitäten.,0,326174,2009,20
"Gefährlich: die selbsterfüllende Prophezeiung Anhand der Ergebnisse und angesichts der aktuellen Debatte um den Frauenanteil in Führungspositionen und um Fachkräftemangel warnen die Autoren der Studie vor der „selbsterfüllenden Prophezeiung“: Frauen könnten von vornherein auf den Typ „Assistenzkraft“ festgelegt und abgestempelt werden, ohne vorhandenes oder schlummerndes Potenzial richtig zu fördern.",2,412370,2011,20
Einen besonders hohen Beschäftigungsbeitrag leisteten dabei nach Angaben des Instituts für Mittelstandsforschung Bonn (IfM) die Kleinstunternehmen mit weniger als zehn Beschäftigten und bis zu 2 Millionen Euro Umsatz.,1,534515,2013,20
Entsprechend der OECD-Definition wurden sie bei zwei Drittel des Medianlohns angesetzt.,0,595271,2014,20
"Die Autorinnen und Autoren tragen ihre Perspektiven, Erkenntnisse, Argumente und Handlungsprioritäten in der Form eines Handbuches mit dem Ziel zusammen, sie für Politik, Wirtschaft, Nicht-Regierungs-Organisationen und Wissenschaft nutzbar zu machen.",0,68360,2003,20
"In der PKV befürworten die Wissenschaftler für den Basistarif ein gesetzliches Verbot von Wartezeiten, bis der Versicherungsschutz gilt.",0,291121,2008,20
Professor Stephan zog nun eine Bilanz für die ersten vier Jahre seit Geltung der neuen Fahrerlaubnisverordnung und seit dem Beginn seiner Amtsübernahme.,0,70147,2003,20
"Für Kaffee gilt, dass die Verbraucher durchaus bereit sind, für eine gute Qualität einen höheren Preis zu bezahlen.",1,188936,2006,20
Aber wie misst man die Produktivität einer Dienstleistung?,0,531188,2013,20
"Eine interdisziplinäre Forschergruppe unter der Leitung der Friedrich-Alexander-Universität Erlangen-Nürnberg (FAU) hat nun herausgefunden, wie man das kreative Potenzial junger Menschen entwickelt und erfasst sowie welche Rolle die Selbstreflexion im künstlerischen Schaffensprozess spielt.",2,597902,2014,20
"""Dies eröffnet hervorragende Möglichkeiten einer Zusammenarbeit aus diesen Ländern mit deutschen Firmen, sei es auf der Ebene von Verwaltungen, im Geschäftsleben oder in der Forschung.""",1,127875,2005,20
"Entgegen aller vorherrschenden Aussagen der Meinungsforschungsinstitute prognostiziert ein Forscherteam von Politikwissenschaftlern der State University New York in Stony Brook und der Universität Mannheim, dass die rot-grüne Koalition bei der kommenden Bundestagswahl erneut stärkste Kraft im Bundestag wird.",3,50348,2002,20
"Es erweist es sich jedoch als deutlich effektiver, mehr Aufwand in die Entwicklung von Alternativen zu investieren.“ Die Vergegenwärtigung von Zielen – ein Schlüssel für die Entdeckung vorteilhafter Handlungsmöglichkeiten Was aber können Menschen im Vorfeld einer Entscheidung tun, damit ihnen ein größeres Spektrum möglicher Alternativen vor Augen steht – insbesondere solche Handlungsmöglichkeiten, die in ihrem wohlverstandenen Interesse liegen?",2,637479,2015,20
Auch die Perspektiven für den Schienentransport werden viel günstiger eingeschätzt als in früheren Umfragen.,1,213171,2007,20
(VDD) vergeben wird.,0,41287,2001,20
"Das Vorhandensein ausreichender persönlicher Ressourcen allein sei allerdings noch keine Gewähr dafür, dass der Einzelne sich mit schwierigen Lebenssituationen erfolgreich auseinandersetze oder an ihnen scheitere, sagte der Soziologe Prof. Dr. Heinz Bude.",3,472891,2012,20
"Das DFKI ist eine Private-Public-Partnership mit Großunternehmen, Mittelständlern, den Ländern Rheinland-Pfalz und Saarland als Gesellschaftern der DFKI GmbH und dem BMBF als wichtigem Projektförderer.",0,74604,2004,20
"Noch deutlicher ist der Vorsprung bei der virtuellen Produktentwicklung und Simulation (Virtual Reality): Diese nutzen bereits 58 Prozent der Betriebe, im gesamten Verarbeitenden Gewerbe sind es nur 35 Prozent.",1,218958,2007,20
"Basis hierfür ist eKaay, ein von Informatikern der Universität Tübingen entwickeltes Authentifizierungsverfahren, das hier erstmals im breiten Umfeld erfolgreich eingesetzt wird.",1,423983,2011,20
Während einer durch Pneumokokken (Streptococcus pneumoniae) hervorgerufenen Lungenentzündung (Pneumonie) werden zentrale Abwehrzellen der Lunge – die Alveolarmakrophagen – über den Mechanismus des induzierten Zelltods (Apoptose) aus der Lunge entfernt.,0,502305,2012,20
"Da ein Rückgriff auf die Dokumente z.B. als Beweismittel vor Gericht für einen Zeitraum von 30 Jahren und mehr erforderlich sein kann, muss eine beweissichere Aufbewahrung der Dokumente für die entsprechende Zeit gewährleistet sein.",0,141418,2005,20
"Auf der vom 30. September bis 1. Oktober 2004 gemeinsam mit dem Bundesministerium für Bildung und Forschung und dem Forschungsinstitut Betriebliche Bildung veranstalteten Fachtagung ""Betriebliche Veränderungen wissenschaftlich unterstützen"" stellt das BIBB die Potentiale und Leistungen von Modellversuchen zur Diskussion.",0,86502,2004,20
"„Neben der Informationsvermittlung an Jugendliche könnte die Puppe auch in Krankenhäusern zur Information der Patientinnen und Patienten vor Operationen oder in Erste Hilfe-Kursen eingesetzt werden“, so Alexander Nischelwitzer, Lehrender und Betreuer des Projekts am Studiengang „Informationsmanagement“.",3,366533,2010,20
"Die Studie verglich ein REDD-Szenario mit einem Szenario ohne Waldschutz-Maßnahmen, und mit Simulationen mit internationalen Schutzmaßnahmen, die auch andere Landtypen und Ökosysteme umfassen.",0,613168,2014,20
In Mooren mit ihren Torfkörpern sind große Mengen an Kohlenstoff gespeichert.,0,508530,2012,20
"Dabei zeigt sich, dass Dienstleistungstätigkeiten inzwischen fast die Hälfte (48 Prozent) des produzierenden Gewerbes ausmachen, in den USA sind es nur etwa 37 Prozent.",0,46644,2002,20
"„Dieses Top-Ergebnis bestätigt erneut die exzellente Forschungsqualität der Mainzer Physiker, die auch in vielen anderen Rankings vorne liegen“, erklärt der Präsident der Johannes Gutenberg-Universität Mainz, Univ.-Prof. Dr. Georg Krausch.",2,437633,2011,20
Im Hinblick auf den Workflow sind die Netzwerke im Krankenhaus ein wichtiger Ansatzpunkt.,0,451418,2011,20
"„Aufstocker suchten erwartungsgemäß deutlich häufiger nach Arbeit als Niedriglohnbezieher, die keine Leistungen der Grundsicherung erhalten.",0,639804,2015,20
"Im Vergleich zum Tiefstpunkt der Stimmung im März 2009, als die wirtschaftliche Zukunft Deutschlands lediglich jeden zehnten Befragten zuversichtlich stimmte, liegt der Zuversichtswert für die Wirtschaft im dritten Quartal 2011 mit einem Mittelwert von 43 Prozent jedoch noch immer deutlich höher.",0,443124,2011,20
Hier wünschen sich die befragten Nutzer deutliche Verbesserungen sowie den Ausbau der Ladeinfrastruktur.,0,460670,2012,20
"Dank ihrer Flexibilität und Leistungsfähigkeit können wir unseren Partnern einen sehr effizienten Support bei der Lösung ihrer Anwendungsprobleme geben.""",1,17284,2000,20
+49 6131 39-22242 Fax +49 6131 39-25132 E-Mail: altkw@mail.uni-mainz.de E-Mail: minneken@uni-mainz.de http://www.uni-mainz.de/FB/Biologie/Anthropologie/,0,289453,2008,20
"Singlemodig heißt, dass innerhalb der Faser nur eine Lichtverteilung möglich ist und damit eine gute Fokussierbarkeit der Laserstrahlung bei der Übertragung durch die Glasfaser gewährleistet ist.",1,346325,2009,20
"–Wirkungen von Mindestlöhnen theoretisch unbestimmt– In der ökonomischen Theorie lasse sich kein strikter Zusammenhang zwischen Mindestlöhnen und Beschäftigung ableiten, betonen Weinkopf und Bosch.",0,592767,2014,20
"Im Vorfeld der Implementierung analysierten Schäfers und Wansing vor allem die Situation im europäischen Ausland, denn in Ländern wie Holland oder Großbritannien gibt es bereits Persönliche Budgets.",0,124368,2005,20
"Vor dieser Entscheidung stehen zunehmend auch mittelständische Unternehmen, vor allem Automobilzulieferer sind hier im Zugzwang.",1,221444,2007,20
"IMA901 wird therapeutisch verabreicht, wenn der Patient bereits an Krebs erkrankt ist.",0,489963,2012,20
"Für diese Aufgaben ist Modell A mit einem Flüssigmetall-Blanket ausgerüstet: Es nutzt ein flüssiges Lithium-Blei-Gemisch zur Tritiumerzeugung, die Fusionswärme wird mit Wasser aufgenommen und weitergeleitet.",0,145375,2006,20
"Denn wie Keeney und Siebert in der gleichen Studie belegen konnten, sind Menschen in Entscheidungssituationen oftmals für Optionen blind, die sie nachträglich als besonders vorteilhaft bewerten.",1,637479,2015,20
"""Allerdings räumt das Völkerrecht bestimmten Arten von Kulturgütern den Status von nicht substitutionsfähigen Kulturgütern ein und schützt sie daher auch im Rahmen einer Substitution gegen Wegnahme.""",0,102961,2005,20
"Da die Finanzierung im deutschen Gesundheitssystem schwierig sein kann, gehen Unternehmen mit ihren Produkten oft zuerst ins Ausland.",3,323164,2009,20
"Die positiven Erwartungen, die hiermit verbunden waren, seien nicht eingetreten, konstatieren die Forscher.",0,592767,2014,20
Begrenzt durch die bisher eingesetzten Pumpmodule lag die Wiederholrate dieser Lasersysteme mit Impulsenergien im Joule-Bereich vorher bei nur 10 Hz.,0,621130,2015,20
Das Engagement der Lehrenden bezeichnen drei Viertel der Studierenden als „gut“ oder „sehr gut“.,0,632466,2015,20
"Darüber hinaus erneuern sich diese einzelnen T-Zellen selbst zu neuen T-Gedächtniszellen, die ebenfalls wieder auf der Einzelzellebene multipotent sind.",0,597487,2014,20
"Der neu entdeckte Planet befindet sich in den äußeren Bereichen des Systems, nochmals etwa zehnmal weiter vom Zentralstern entfernt [1].",0,521115,2013,20
Die Tiere erlernten die Bedeutung der beiden akustischen Reize schnell und lösten die Aufgabe schon nach einigen Tagen Training perfekt.,0,572538,2014,20
"Vor allem Unternehmen der Branchen Chemie/Pharma, Banken/Versicherungen und technische Dienstleistungen sehen sich durch Regulierungen in ihren Innovationsbemühungen eingeschränkt.",0,110794,2005,20
"Prof. Dr. Martin Wietschel, Leiter des Geschäftsfelds Energiewirtschaft am Fraunhofer ISI, betont, dass neben den rein technischen Innovationen ebenfalls Soft- und Orgware-Lösungen zur Effektivität der urbanen Mobilität beitragen: „Das Forschungsprojekt REM 2030 verfolgt einen neuen Mobilitätsansatz, der sich aus dem Zusammenspiel dreier Fahrzeugkonzepte ergibt: Dabei kommen elektrische Fahrräder auf kürzeren Strecken, speziell für die Stadt entwickelte Kleinst-Elektrofahrzeuge sowie herkömmliche Autos für weitere Strecken zum Einsatz.“ Damit sich diese unterschiedlichen Fahrzeuge effektiv nutzen lassen, müssen diese laut Wietschel durch Software noch besser untereinander sowie mit Carsharing-Angeboten und dem öffentlichen Nahverkehr verbunden werden.",1,633229,2015,20
"Von 27 dieser Arten bestimmten sie die genetischen Fingerabdrücke und fanden, dass Gebiete mit hoher Artenvielfalt nicht mit Gebieten mit einer hohen genetischen Vielfalt übereinstimmen.",0,498223,2012,20
"Diese Vermutung trifft aber nicht zu“, so Rieck.",0,595386,2014,20
"Bisher ist jedoch offen, wie und nach welchen Kriterien dies erfolgen soll.",3,648014,2016,20
So liegen die Preise für Dieselkraftstoff momentan wieder nahe bei ihrem langjährigen Höchststand und die Lkw-Maut wird voraussichtlich noch im laufenden Jahr angehoben werden.,0,213171,2007,20
Gleichzeitig verbessert sie auch die Aufstiegschancen von Zuwanderern in besser bezahlte Berufe und Branchen.,0,624783,2015,20
"Von der Verwaltung werden primär Flexibilität, Bürgernähe, unbürokratisches Handeln und eine Verkürzung von Bearbeitungszeiten erwartet.",0,15100,1999,20
"(INL) und dem Öko-Institut ist der interdisziplinäre Ansatz: Aus der ackerbaulichen, ökologischen und technisch-ökonomischen Perspektive wurde die gesamte Kette vom Anbau bis zur energetischen Nutzung betrachtet, um zu einem umfassenden Urteil bezüglich der Nachhaltigkeit verschiedener Nutzungsoptionen zu gelangen.",0,439475,2011,20
"Umfasssende Schutzprogramme könnten auch zusätzlichen Nutzen für die Umwelt bringen: Eine Verringerung von Landnutzungsänderungen würde etwa auch zur Erhaltung der Artenvielfalt beitragen.“ ***Auswirkungen auf Lebensmittelpreise müssen im Blick bleiben*** Allerdings könnten solche umfassenden Schutzpgrogramme als arg optimistisch betrachtet werden, gerade angesichts des langsamen Fortschritts in den jüngsten Klima-Verhandlungen, so Ko-Autor Hermann Lotze-Campen, der zugleich Leiter des PIK-Forschungsbereichs Klimawirkung und Vulnerabilität ist.",3,613168,2014,20
"Wichtig ist dabei, dass bei der Entwicklung »grüner« Dienstleistungen frühzeitig und gezielt Wirtschaftlichkeitsfaktoren adressiert werden und eine gründliche Analyse von Markt- und Unternehmensanforderungen sowie Nachhaltigkeitskriterien vorgeschaltet wird.",0,469787,2012,20
Ansprechpartner für Rückfragen: Prof. Dr. Dr. h. c. Stefan H. E. Kaufmann Direktor Max-Planck-Institut für Infektionsbiologie Department of Immunology Charitéplatz 1 10117 Berlin Tel: +49 30 28460-500/ -506 Fax: +49 30 28460-501 E-Mail: kaufmann@mpiib-berlin.mpg.de Internet: http://www.mpiib-berlin.mpg.de/ Prof. Dr. med. Reinhold E. Schmidt Klinik für Immunologie und Rheumatologie Medizinische Hochschule Hannover Carl-Neuberg-Str.,0,332897,2009,20
"Häuslebauer wussten es schon immer, doch nun ist es wissenschaftlich belegt: Die eigenen vier Wände machen glücklich.",2,630227,2015,20
Anzustreben ist ein eigenständiges Profil in den einzelnen Kommunen und Teilregionen.,0,57966,2003,20
Auch die Service- und Beratungseinrichtungen der Hochschule Osnabrück können sich über gute Bewertungen von bis zu zwei Dritteln der Studierenden freuen.,0,632466,2015,20
Dazu absolvierten 122 Studenten des Studiengangs Diplom-Sportwissenschaft an der MLU nach dem Ausfüllen eines Perfektionismus-Fragebogens mehrere Serien eines im Training oder Spiel so nicht durchgeführten Wurfs auf einen Basketballkorb.,0,282648,2008,20
Eine ausführliche Darstellung des INNOWAVE-Ansatzes steht als PDF zur Verfügung.,0,412572,2011,20
"Im weiten Abstand folgen mit jeweils rund 10 Prozent die Immobilienwirtschaft, Unternehmensberatung und Freizeitwirtschaft.",0,49485,2002,20
"Neue Standorte sollten nicht eingerichtet werden, es sei denn, sie weisen außergewöhnliche Innovationspotenziale auf.",0,574352,2014,20
Dabei ist Deutschland für seine Dienstleistungsforschung bereits international anerkannt.,0,226065,2007,20
"Dagegen ist der Anteil wirtschaftlicher Beratungstätigkeiten (Unternehmensberater, Werbe-agenturen) an den unternehmensnahen Dienstleistungsgründungen mit 23,5 Prozent im Land geringer als in den anderen alten Bundesländern (25,9 Prozent).",0,12332,1999,20
"Der Kunde erreicht eine erhöhte Sicherheit und Kostenreduktion bei der Planung und Durchführung von komplexen Engineeringprozessen, der Dokumentation, kontinuierliche Prozessverbesserung und Wiederverwendbarkeit der Prozesse.",1,59826,2003,20
So stütze beispielsweise die Mehrheit der „Wirtschaftsweisen“ in ihrem Jahresgutachten 2013/2014 ihre Ablehnung von Mindestlöhnen vor allem auf einen einzelnen Forschungsüberblick zweier amerikanischer Forscher aus dem Jahr 2006.,0,592767,2014,20
Die Arbeit „Sportpsychologische Einflussfaktoren der Leistung von Elfmeterschützen“ erhielt den erstmals vergebenen Wissenschaftspreis des Deutschen Fußball-Bunds (DFB).,0,525101,2013,20
"Nachher wird ein Signal ausgesendet, das den Nervenzellen mitteilt, ob die Entscheidung richtig oder fehlerhaft war.",0,301565,2009,20
Zusammen versorgen die Gauss-Zentren Forscher in Deutschland und Europa mit zurzeit rund 90 Teraflops Rechenleistung.,0,204696,2007,20
Unter den durch Abriss und Verfall bedrohten Gebäuden finden sich eine Reihe historisch wertvoller Baudenkmäler und für die Stadtstruktur prägende Gebäude.,0,360195,2010,20
"Nutzerinnen und Nutzer können sich dieser Praxis bislang nur entziehen, wenn sie bestimmte Angebote ausdrücklich nicht nutzen – oder sich mit der Datensammlung einverstanden zeigen.",0,648014,2016,20
"Diese Position müssen wir sichern – und ausbauen“, sagte Schavan.",0,370249,2010,20
Zur Realität geworden sind diese Highlights jedoch nur durch die an der Universität des Saarlandes mit Begeisterung und Engagement betriebene Pionierarbeit.,2,73369,2003,20
"Besonders hervorzuheben gilt es, dass die materialspezifische Größe des pyroelektrischen Koeffizienten für SrTiO3 bei Raumtemperatur zu 30μC/m2K bestimmt werden konnte und dabei im Bereich herkömmlicher oxidischer Pyroelektrika, wie Lithiumniobat liegt“, beschreibt Nachwuchsforscherin Juliane Hanzig die wesentlichen Ergebnisse der Arbeit.",0,624936,2015,20
"Das Modellverfahren wurde von Prof. Dr. Helmut Norpoth, State University of New York in Stony Brook, und Dr. Thomas Gschwend, Mannheimer Zentrum für Europäische Sozialforschung (MZES), entwickelt.",0,50348,2002,20
"ABS-Systeme in Autos können noch sicherer werden, wenn es gelingt, die Leistungsfähigkeit der elektronischen Steuereinheit zu steigern.",0,401466,2010,20
Nur so kann die zusätzliche Bereitstellung an Informationen auch in besseren Entscheidungen münden bzw. Fehlentscheidungen reduziert werden.,1,623789,2015,20
"Das umgekehrte Bild zeigt sich für Brandenburg, das ab dem Jahr 2000 zwar über die zweitgrößte Gesamtstromkapazität verfügt, jedoch laut Modellabschätzung nur einen Bruchteil der Gewinne Niedersachsens oder Schleswig-Holsteins erzielt.",0,597650,2014,20
"Die Beobachtungen wurden mit dem Koronografen von NACO durchgeführt, der im nahinfraroten Spektralbereich arbeitet und das gleißend helle Licht des Sterns ausblenden kann, das ansonsten an der Position des Protoplaneten-Kandidaten noch immer alles überstrahlen würde [2].",1,521115,2013,20
Wir konnten dieses Ergebnis nun an Primaten bestätigen und damit erstmals einen molekularen Beeinflussungsmechanismus der Neurogenese beim Primaten nachweisen.,0,148243,2006,20
"Unter den Immunzellen nehmen die dendritischen Zellen eine Schlüsselposition ein, da sie unter anderem die für die Immunabwehr wichtigen T-Zellen stimulieren.",0,588450,2014,20
"Eine wichtige Rolle spielen dabei bestimmte Komponenten am Vorderteil des Zellkörpers, die punktartige Strukturen ausbilden und während der Migration der Zelle unverändert an dieser Position bleiben.",0,606446,2014,20
"„Die gegenwärtige Minijobstrategie muss aus Perspektive der Geschlechtergleichstellung als desaströs bezeichnet werden“, so Prof. Dr. Ute Klammer.",1,406196,2011,20
Große Unterschiede bei Geschäftsbeziehungen mit dem Ausland bestehen zwischen west- und ostdeutschen Unternehmen.,0,168604,2006,20
"„Berücksichtigt man die fachspezifischen Unterschiede in der Zitationskultur, so erreicht unsere Universität immer noch einen hervorragenden Platz sechs unter den deutschen Universitäten“, so der Präsident.",1,437633,2011,20
"Im Projekt wurden zudem eine Reihe von Unterstützungs- und Mehrwertdiensten geschaffen, die Anbieter von Diensten und Apps und Betreiber von Dienstintegrationsplattformen unterstützen – beispielsweise Werkzeugen, um durch Rapid-Application-Development (RAD) schnell neue Internetdienste zu entwickeln, die dann über die Plattform angeboten werden können.",0,594324,2014,20
Einem leichten Anstieg in der Industrie (von 59 auf 60 Prozent) und bei den sonstigen Dienstleistungen (von 33 auf 35 Prozent) stand ein deutlicher Rückgang der Innovatorenquote in den wissensintensiven Dienstleistungen (von 57 auf 52 Prozent) gegenüber.,0,148680,2006,20
"Titelaufnahme Ralf Gold, Martin Stangel and Marinos C Dalakas: Drug Insight: the use of intravenous immunoglobulin in neurology - therapeutic considerations and practical issues.",0,191915,2007,20
Doch wie genau beeinflussen unterschiedliche Trainingseinheiten den menschlichen Körper?,0,585542,2014,20
"Daran hat sich grundsätzlich nicht viel geändert, doch die Hintergründe ihrer ökonomischen Bedeutung haben sich beständig weiterentwickelt.",0,627876,2015,20
"Die Probanden bekamen die Gesichter jeweils nur wenige Sekunden zu sehen, um sie sich einzuprägen.",0,572220,2014,20
"Umgekehrt wirft diese Synergie wiederum neue wissenschaftliche Fragestellungen auf, die als treibende Kräfte zum Erkenntnisgewinn in den noch jungen Nanowissenschaften beitragen.",0,73369,2003,20
Quartal 2014 wurden 1.507 Interviews geführt.,0,592837,2014,20
"""Natürlich können auch wir die Zukunft nicht vorhersagen"", schränkt er ein, ""aber wir versuchen die möglichen Entwicklungen durch Simulationsmodelle mit hoher Bandbreite zu prognostizieren und daraus Aussagen zur Finanzkraft der Unternehmen abzuleiten"".",3,360373,2010,20
"Hier nahm die TU Ilmenau 2007 rund neun Millionen Euro ein, fast drei Millionen Euro mehr als 2006.",0,248889,2008,20
"Staaten, die ihre Ziele nicht auf Basis nationaler Potentiale erreichen können oder wollen, können so Alternativenergie-Anteile von anderen Staaten zukaufen.",0,522990,2013,20
Außerdem scheint der Protoplanet seine Umgebung durch seinen Entstehungsprozess aufzuheizen.,3,521115,2013,20
Bird and bat predation services in tropical forests and agroforestry landscapes.,0,635216,2015,20
"Positive Aufmerksamkeit für das Thema ""Demografischer Wandel"" Die offensive Kommunikation der regionalen Aktivitäten war neben den Projekten ein zentraler Baustein des Modellvorhabens.",0,467481,2012,20
"Bewertungskriterien waren zum Beispiel die Strategie in der Patentierung und Verwertung, Rückflüsse, Qualifikation der Mitarbeiter, Branchen- und Marktkenntnisse, Anzahl der Erfindungsmeldungen im Verhältnis zur Zahl der Wissenschaftler an Hochschulen sowie der Zeitaufwand für die Bewertung der Schutzrechtsfähigkeit für eine Erfindung.",0,73437,2003,20
"Öffnung der Universität, Akzeptanz in der Öffentlichkeit Vorbehalten ist sie herausragenden Wissenschaftlern und Persönlichkeiten von internationalem Renommee: Die Johannes Gutenberg-Stiftungsprofessur der Vereinigung der Freunde soll das Ansehen und die Attraktivität der Universität über die Landesgrenzen hinaus fördern und neue Akzente setzen.",2,184764,2006,20
"Bochum 2003 ISBN 3-8316-0323-5 * 2004 20,5 x 14,5 cm * broschiert 400 Seiten * 15 Abb.",0,78869,2004,20
"Von der Erforschung der Mechanismen, warum Alterswarzen trotz onkogener Mutationen gutartig bleiben, erhoffen sich die Wissenschaftler in Zukunft neue grundlegende Erkenntnisse, was auf der molekulargenetischen Ebene den Unterschied zwischen gutartigen und bösartigen Tumoren bestimmt.",1,400214,2010,20
"05241 9761-56, ulrich.mueller@che-concept.de",0,457854,2012,20
"Entscheidend für den Verbraucher ist somit nicht ein „Mehr“ an Papier, sondern ein „Mehr“ an Erkenntnis.",0,623789,2015,20
"Die Präferenz für den öffentlichen Dienst sowie die mit der Geburt von Kindern verbundenen Erwerbsunterbrechungen bremsen die Karriere von Frauen.“ Die Ergebnisse der Studie beruhen auf der der ersten und zweiten Befragung des Absolventenjahrgangs 2003/2004, die das Bayerische Staatsinstitut für Hochschulforschung und Hochschulplanung (IHF) im Rahmen des Bayerischen Absolventenpanels (BAP) durchführt hat.",0,456020,2011,20
"Man kann die Kreativität des Punk nicht ohne Bezug zu etabliertem Denken verstehen.“ Die Rolle der Gruppe oder Gemeinschaft besteht auch darin, ein Publikum für Kreativität zu sein und das Umfeld zu bilden, in dem Kreativität sich entfalten kann, argumentieren die Forscher.",0,556681,2013,20
"In Prag, dessen Altstadt nach der samtenen Revolution von Investoren überrannt wurde, haben inzwischen die Denkmalschützer wirkungsvolle private Unterstützung und wieder mehr Gewicht.",1,425276,2011,20
Künftige Mobilitätskonzepte sollten hier ansetzen und die Attraktivität und Effizienz kombinierter Fortbewegungsmöglichkeiten hervorheben.,0,633229,2015,20
"Die Übergabe des Dokuments erfolgte in den Räumen des Technologie-partners TEM Messtechnik in Hannover, wo sich Bernd-Udo Hahn und Frau Dr. Bettina Pellio, die den Projektträger Innovationsförderung der Bundesanstalt für Landwirtschaft und Ernährung repräsentierte, sowohl die anspruchsvolle Technik als auch die praktische Anwendung der Terahertz-Technologie erklären ließen.",0,330576,2009,20
"Abhängig von ihren Anforderungen kann ein Content Provider eine teurere Premium-Qualitätsklasse erwerben, um eine hohe Erlebnisqualität für die Endnutzer zu sichern.",0,406613,2011,20
"„Die Hoffnung, dass sich das eigene Leben im nächsten Jahr positiv entwickelt, gründet wesentlich darauf, dass im realen Alltag der Job weiterhin sicher ist.",0,456995,2011,20
"Die genaue Positionsbestimmung des Anwenders erfolgt mit Hilfe der Satellitenortung durch das ""Global Positioning Systems"" (GPS).",0,37563,2001,20
"Ein Tumor besteht aus einer Population von unterschiedlichen Krebszellen, die untereinander um Platz und Nährstoffe konkurrieren.",0,622360,2015,20
"„There is no alternative!“, so begründete die britische Premierministerin Margaret Thatcher Ende der 1970er Jahre ihr wirtschafts- und sozialpolitisches Reformprogramm.",0,637479,2015,20
"Demzufolge könnte ein höherer Anteil an Mathematiklehrerinnen ein positives Vorbild für Mädchen darstellen oder zu der Anwendung didaktischer Methoden durch Mathematiklehrerinnen führen, die für Mädchen besser geeignet sind.",3,411685,2011,20
"Die Eignung ist insbesondere dann eingeschränkt, wenn man die ambitionierten Modernisierungsstandards zugrunde legt, die notwendig wären, um das von der Bundesregierung gesetzte Ziel eines nahezu klimaneutralen Gebäudebestands bis 2050 zu erreichen.",0,474849,2012,20
"Die aktuellen Ergebnisse der Allianz Zuversichtsstudie sowie Trends, die sich daraus ablesen lassen, werden der Öffentlichkeit in der Regel vierteljährlich vorgestellt.",0,552113,2013,22
; Tierphysiologie: Mäuse stehen Modell für neurodegenerative Erkrankungen sowie sechs Forschungsprojekte aus der International Graduate School for Neuroscience (IGSN).,0,63072,2003,17
"Sie lassen sich aber durch verschiedene Submodelle in den Modellen darstellen, so dass künftig Vorkommen und Populationsdichte von Arten in Raum und Zeit viel genauer modelliert werden können.",1,516925,2013,17
"Ein dominanter Aufsichtsrat, der alle Aktivitäten bei sich konzentriert, sollte dagegen der Vergangenheit angehören.“ Der AUFSICHTSRATS-SCORE hat das Ziel, über die vergleichende Analyse der Aufsichtsräte (Benchmarking) und die Identifikation vorbildlicher Vorgehensweisen in den Aufsichtsräten einzelner Unternehmen (Best Practices) Anregungen für eine weitere Professionalisierung der Aufsichtsratstätigkeit zu geben.",0,643021,2015,17
"Die interdisziplinären Forschungsgruppen konzentrieren sich auf neue Technologien, Industrie- und Serviceinnovationen, Energiepolitik und nachhaltiges Wirtschaften sowie auf die Dynamik regionaler Märkte und die Innovationspolitik.",2,108943,2005,17
"Man macht sich zu Nutze, dass die überirdischen Atombombentests zwischen den Jahren 1955 und 1963 zu einem steilen Anstieg der atmosphärischen Konzentration des radioaktiven Isotyps 14CO2 (genannt Radiocarbon) geführt haben.",0,592937,2014,17
"Hinweis für die Medien: Ein Foto des ATM-Switching-Moduls finden Sie unter http://www.indakom.de/images/x153.jpg , weitere technische Details unter http://www.indakom.de/general/produkte.php3 .",0,17284,2000,17
Ebenfalls befragt hat das ZEW die Unternehmen zu ihrer Einstellung zur Priorisierung von Daten.,0,540117,2013,17
Auch extrem mollige Models steigerten das Selbst-wertgefühl hier nicht.,2,361714,2010,17
Zwei Drittel der Patienten zeigten eine klinisch signifikante Verbesserung und im Mittel eine Verbesserung der Lebensqualität von 83 Prozent.,0,358620,2010,17
Download des Berichts: „Kommunale Wertschöpfungseffekte durch energetische Gebäudesanierung“ https://www.klimaschutz.de/de/meldung/meldung-energetische-geb-udesanierung-st-rkt-die-regionale-wertsch-pfung ++++++++++++++++++++++++++++++++++++++++++++++++ Inhaltliche Ansprechpartnerin Institut für ökologische Wirtschaftsforschung (IÖW) Dr. Julika Weiß Potsdamer Straße 10 10785 Berlin Tel.,0,612616,2014,17
"Für weibliche Normalarbeitnehmer im Westen, aber auch für ostdeutsche Normalarbeitnehmer liegt der entsprechende Anteil z. T. unter 10 %.",0,537182,2013,17
Diese Berechnungen basierten auf der Kanzlerpopularität des jeweiligen Monats.,0,51950,2002,17
Das Alter des aneurysmatischen Kollagens war weder durch das Lebensalter der Patienten noch durch die Größe des Aneurysmas bestimmt.,0,592937,2014,17
"Doch die Suche nach externen Innovationsquellen sollte systematisch erfolgen, sonst führt sie ins Abseits.",3,412572,2011,17
„Diese Frühwarnfunktion scheint bei VW versagt zu haben.,1,643021,2015,17
"Die Fülle der Aktivitäten und Erfolge machen Mut, dass der Einsatz zahlreicher Organisationen und Einzelpersonen Beiträge dazu leisten können, den anhaltenden Verlust der biologischen Vielfalt aufzuhalten.",1,477839,2012,17
Zudem erweisen sich nicht wenige Ausbildungsgänge und -stufen als unterschiedlich attraktiv für junge Männer und Frauen.,1,405628,2011,17
"«Im Gegensatz zu schweren, zerbrechlichen Glasmodulen, die auf grossen Lastwagen transportiert werden müssen, um anschliessend für die Installation mit einem Kran aufs Dach gehoben zu werden, könnten leichte, flexible Module auf Folienbasis für den Transport einfach aufgerollt und an ihren Einsatzort getragen werden», so Robert G. Schmidt, neuer Business Development Manager für Photovoltaik bei DuPont Circuit & Packaging Materials.",0,427359,2011,17
"Die Forscher konnten insbesondere zeigen, dass diese neu entdeckte Interaktion von neutrophilen Granulozyten mit Alveolarmakrophagen das Überleben von Mäusen selbst bei schwerer Pneumonie verbessert.",2,502305,2012,17
Die Marktfunktion im Mittelalter oder die große Bevölkerungskonzentration in der Zeit der Industrialisierung waren Garanten für die ökonomische Zukunftsfähigkeit der Städte.,1,627876,2015,17
Außerdem könne auch ein dauerhafter Niedriglohnjob die bessere Alternative zur Langzeitarbeitslosigkeit sein.,1,104206,2005,17
Kontakt: Prof. Dr. Bernd Stauss Lehrstuhl für Dienstleistungsmanagement Katholische Universität Eichstätt-Ingolstadt Auf der Schanz 49 85051 Ingolstadt Telefon: 0841/937-1861 E-Mail: bernd.stauss@ku-eichstaett.de Homepage: www.dlm-stauss.de,0,59346,2003,17
Doppelter Stimmungsaufschwung also – sowohl für das gesellschaftliche als auch das persönliche Leben.,2,485454,2012,17
"Wenn eine GmbH regelmäßig mehr als 500 Arbeitnehmer beschäftigt, muss ihr Aufsichtsrat auch mit Arbeitnehmervertretern besetzt sein.",0,636446,2015,17
"Kontaktadresse: Dr. Bea Maas Georg-August-Universität Göttingen Fakultät für Agrarwissenschaften Department für Nutzpflanzenwissenschaften Abteilung Agrarökologie Grisebachstraße 6, 37077 Göttingen Mobiltelefon (Österreich) +43 650 4200494 E-Mail: <beamaas@gmx.at>",0,635216,2015,17
"Von dieser Entwicklung profitieren wiederum vorrangig kleine und mittlere Unternehmen (KMU), die sehr viel flexibler als Großunternehmen Leistungen erstellen können und geringere Fixkosten besitzen.",2,534515,2013,17
Knapp 43 % aller Ingenieure arbeiten im Dienstleistungssektor.,0,64544,2003,17
"""AID ist das Mastergen für die Hypermutation"" erklärt Buerstedde.",2,183449,2006,17
"""Perfektionismus per se ist also keine negative Dimension in Bezug auf das Erlangen sportlicher Höchstleistungen, vielmehr hängt er positiv mit der motorischen Leistungsfähigkeit zusammen"", fasst der Sportwissenschaftler die Ergebnisse zusammen.",3,282648,2008,17
"Vielleicht können sich diese Minibauteile durch ""künstliche"" Evolution sogar einmal selbst optimieren.",1,15766,1999,17
"Die Kinder und Jugendlichen wurden zunächst befragt, ob und warum diese Situation problematisch ist.",0,53001,2002,17
Auf sehr originelle und informative Weise werden die Tübinger Bürgerinnen und Bürger ebenso nachdrücklich wie kontinuierlich zum Umdenken und zu klimaschützenden und energieeffizienten Verhaltensänderungen ermuntert.,2,318442,2009,17
"Wenn am 28. Oktober 2003 das Internationale Solarzentrum Berlin eröffnet wird, freut sich einer ganz besonders: Prof. Dr. Rolf Kreibich, Direktor des Berliner IZT - Institut für Zukunftsstudien und Technologiebewertung: ""Ich bin stolz, dass hier die Arbeit unseres Institutes außerhalb der Wissenschaft Früchte getragen hat.",2,71147,2003,17
"Bis zum Jahr 2007 soll das Projekt ""Trägerübergreifendes Persönliches Budget"" abgeschlossen werden - ab dem 1. Januar 2008 hat jeder dann Mensch mit Behinderung einen Rechtsanspruch auf das ""Persönliche Budget"".",3,124368,2005,17
"Die Ergebnisse der Studie deuten darauf hin, dass sexuelle Präferenzen die Reaktion auf Gesichtswahrnehmung im Belohnungssystem modulieren.",3,142310,2006,17
"Stattdessen sollten Unternehmen ihre Innovationsprozesse zunehmend öffnen, um möglichst viele Innovationsimpulse, Ideen und Know-how von externen Partnern, Experten, Kunden oder Nutzern zu erschließen – und damit marktfähige Innovationen realisieren.",1,603294,2014,17
"Deswegen hält sie es auch für sinnvoll, dass sich Unternehmen hinsichtlich der dynamischeren und komplexeren Systemänderungen für das Thema Diversität bewusst öffnen: „Im Moment liegt vielerorts Potential brach – durch die Etablierung weiblicher Führungskräfte erscheinen Unternehmen auch anderen sehr gut ausgebildeten Frauen als attraktiver Arbeitgeber.",1,594154,2014,17
"„Die positivere Wahrnehmung der Wirtschaftslage lässt auch die persönliche Zuversicht der Menschen wachsen,“ sagt Prof. Frank Brettschneider.",1,375703,2010,17
"Dabei verfolgt der Schütze einen genauen Plan und schießt in eine bestimmte Torregion – der Erfolg hängt hauptsächlich von der Schussgenauigkeit ab, die trainiert werden muss.",3,525101,2013,17
"In 24 Best-Practice-Empfehlungen zeigt der Managementleitfaden daher, wie Immobilienunternehmen den Nachhaltigkeitsgedanken in bestehende Geschäftsroutinen, Methoden der Wertermittlung und Entscheidungsprozesse einbinden und davon profitieren können.",1,591959,2014,17
"Bei technischen und organisatorischen Prozessinnovationen stammen diese eher von der betriebseigenen Produktion und der Geschäftsleitung sowie von externen Zulieferern, Ausrüstern und Messen.",0,603294,2014,17
"In seiner Diagnose stellte der Leiter des Projekts, PD Dr. Andreas Boes (Vorstand ISF München), darüber hinaus einen dringenden Handlungsbedarf in den Unternehmen fest: „Der Möglichkeitsraum ist kein Automatismus.",2,485958,2012,17
"Die aktuellen Ergebnisse der Allianz Zuversichtsstudie sowie Trends, die sich daraus ablesen lassen, werden der Öffentlichkeit in der Regel vierteljährlich vorgestellt.",0,469049,2012,17
"Eine besondere Rolle für die Leistungsbereitschaft und das Durchsetzungsvermögen spielen – weit über den Vereinskontext hinaus – das soziale Umfeld und die Erziehung, insbesondere auch in Hinsicht auf moderne Geschlechterbilder in der Erziehung.",2,625208,2015,17
"Angesichts des experimentellen Charakters eines solchen Transformationsprozesses geht es vielmehr um die Frage, wie die Gesellschaft mit Ungewissheit und Nicht-Wissen, mit überraschenden Ereignisketten sowie den nicht-intendierten Folgen des Handelns umgehen wird.",3,642491,2015,17
"Der bundesweite Trend, das zukünftige Privatleben positiver einzuschätzen als die Tendenzen für Gesamtdeutschland, zeichne sich auch bei den Großstädten ab: Die Zuversichtswerte für Deutschland seien fast durchgängig nur noch halb so hoch wie für das persönliche Leben.",1,280861,2008,17
Vergleichbar mit dem Jahresgutachten des Sachverständigenrates zur Begutachtung der gesamtwirtschaftlichen Entwicklung (das Gutachten der so genannten Wirtschaftsweisen) gibt es seit dem vergangenen Jahr regelmäßig eine wissenschaftlich fundierte Politikberatung für die Forschungs- und Innovationspolitik der Bundesregierung.,0,303718,2009,17
"Die „Nordvorpommersche Waldlandschaft“ ist eine von fünf Gewinnerregionen – bei insgesamt 122 Wettbewerbsbeiträgen – aus dem Bundeswettbewerb „idee.natur – Zukunftspreis Natur-schutz“, die der Bund im Juni 2009 ausgezeichnet und in das Programm chance.natur – Bundes-förderung Naturschutz aufgenommen hat.",1,483780,2012,17
Auch bei der Einschätzung der finanziellen Lage setzt sich die optimistische Stimmung fort (+5 Prozentpunkte): Jeder zweite Befragte erwartet für die kommenden zwölf Monate positive Impulse für den eigenen Geldbeutel.,1,375703,2010,17
"Leih-/Zeitarbeit: Hier wird der Mindestlohn von zurzeit 8,50/7,86 Euro (West/Ost) bis Juni 2016 in zwei Stufen auf 9,00/8,50 Euro angehoben.",0,590336,2014,17
"Zu dieser Auffassung kommt eine Studie des Berliner Europarechtswissenschaftlers Christian Calliess, Professor für Öffentliches Recht und Europarecht an der Freien Universität Berlin, im Auftrag der Bertelsmann Stiftung.",0,495203,2012,17
Dienste können jetzt verglichen und miteinander zu höherwertigen Anwendungen kombiniert werden.,1,594324,2014,17
"""Es ist daher unstrittig, dass auch zukünftig der ganz überwiegende Anteil der Waldfläche in Deutschland bewirtschaftet werden soll, aber dies muss nachhaltig und naturschutzgerecht geschehen.",1,306430,2009,17
Den ISO-Standard 9126 - den aktuellen Standard für Qualitätsmodelle - nutzen nur 28 Prozent.,1,363416,2010,17
"Eine weitere Herausforderung besteht laut Report darin, die Additiven Verfahren in die bestehenden Fertigungsprozesse sicher zu integrieren.",3,610578,2014,17
"Wenn z.B. eine Bank einen 50-Jährigen einstellt, erreicht dieser nach den Tarifbestimmungen erst mit 60 Jahren den besonderen Kündigungsschutz.",0,60682,2003,17
"Medikament in klinischer Erprobung Eine wichtige Erkenntnis früherer Forschungen könnte sogar dafür verantwortlich sein, dass schon bald Medikamente auf Basis dieses Ansatzes am Markt verfügbar sind: PPARβ/δ reguliert auch den Fett- und Cholesterinstoffwechsel.",2,526239,2013,17
"Weiterhin wurden ""Quadrupole"" bestimmt: Damit können die Bewegungen von zwei gegenüberliegenden Punkten weg (divergente Pole) zu zwei 90 Grad davon entfernten Punkten hin (konvergente Pole) beschrieben werden.",0,539868,2013,17
Die Arbeitsgruppe von Prof. Emmanuelle Charpentier hat jetzt die Genome einiger Hundert Bakterien-Arten nach CRISPR-Cas-Genen durchsucht – und ist fündig geworden.,1,531381,2013,17
"Darauf weist der Gelsenkirchener Arbeitsmarktforscher Prof. Dr. Gerhard Bosch, Vizepräsident des Instituts Arbeit und Technik (IAT/Gelsenkirchen) hin.",0,13456,1999,17
"Vor Therapiebeginn war typischerweise der Ulkusrand überwärmt und der Ulkusgrund relativ kühl mit teils bis zu 4,5°C Temperaturdifferenz.",0,284525,2008,17
"Erstmalig ist es gelungen, mit dem neuen Medikament Riociguat sowohl bei Patienten mit chronischen Lungenembolien als auch bei Betroffenen mit Lungenhochdruck einen positiven Therapieeffekt zu erzielen.",2,545063,2013,17
"Die Chancen, dass es sie einst tatsächlich gibt, seien trotz der ernüchternden Erfahrungen in den 90er Jahren gewachsen, meint Hilz: ""Großbritannien hat erst jüngst im Irak-Krieg wieder erfahren müssen, dass es keinen Sinn macht, sich in der Außenpolitik immer einseitig an den USA zu orientieren.""",1,141817,2006,17
Darüber hinaus werden zahlreiche lokale Akteure aus den unterschiedlichsten Disziplinen konsequent in die Planung und Umsetzung der vielfältigen Maßnahmen einbezogen.,2,318442,2009,17
"Nach bislang nur einer Amtsperiode der rot-grünen Regierung, hat die Amtsvariable folglich den Wert eins.",0,50348,2002,17
"Als Querschnitts-Ansatz betreffen Ökosystemleistungen eine Reihe von Politikfeldern, etwa die Naturschutz-, Wald-, Wasser- und Agrarpolitik.",1,533748,2013,17
"Dieses auf neurobiologischen Daten basierende Modell haben Hansen und Neumann dann, verknüpft mit einem nachgeschalteten Klassifikationssystem, zur Objekterkennung mittels Computer Vision eingesetzt.",0,16305,1999,17
"Wie Kreativwirtschaft funktionieren kann, zeigt ein aktuelles Beispiel: die „BlingCrete Materialforschung“.",3,467617,2012,17
"Vielmehr fragt der an der Professur für Allgemeine Soziologie II lehrenden Wissenschaftler, wie der Selbstbestimmungsbegriff in öffentlichen Diskussionen zum Tragen kommt und welche Rückschlüsse sich daraus für das Normen- und Werteverständnis unserer Gesellschaft ziehen lassen.",0,206192,2007,17
"Unter den deutschen Universitäten ist die Johannes Gutenberg-Universität Mainz auf einem der Plätze 11 bis 14, im Bereich Naturwissenschaften und Mathematik sogar unter den besten acht.",1,437633,2011,17
"„Glück ist kein objektiver Sachverhalt, sondern ein subjektives Empfinden.",3,630227,2015,17
"Mitherausgeber Higgins betont: „Vor dem Hintergrund, dass wir die Nischenmodellierung besonders zur Abschätzung der Auswirkungen des Klimawandels auf die Tier- und Pflanzenwelt brauchen, sind die durch diese neuen Ansätze eröffneten Perspektiven dieser Methode gar nicht hoch genug einzuschätzen.“ Veröffentlichung: Journal of Biogeography, Sonderausgabe „The ecological niche as a window to biodiversity“ (Volume 39, Issue 12, Pages 2089–2302, i–ii) http://onlinelibrary.wiley.com/doi/10.1111/jbi.2012.39.issue-12/issuetoc Für weitere Informationen kontaktieren Sie bitte: Prof. Dr. Christine Römermann Juniorprofessur für Theoretische Ökologie Institut für Botanik Universität Regensburg Tel.",3,516925,2013,17
"„Man könnte annehmen, dass der Torwart sich auf die Torseite konzentrieren sollte, bei der er die besten Chancen hat, den Ball zu halten.",1,595386,2014,17
Schulen und Hochschulen verschenken zunehmend ihre Definitionsmacht über Qualität und Kompetenz.“ Auf die Tendenz zu einer immer häufigeren Vergabe von guten Noten für Studienabschlüsse weist der Wissenschaftsrat hin.,2,593626,2014,17
Das Ergebnis: Immobilienbesitzer sind glücklicher als Mieter.,2,630227,2015,17
"""Der entscheidende Punkt ist, dass die von uns verwendeten Vorläuferzellen genetisch verändert sind, so dass sie erst nach Differenzierung in Neurone das Ras-Krebsgen herstellen"", so Heumann.",1,208186,2007,17
"Ein Ziel der Befragung bestand demzufolge darin, Informationen darüber zu gewinnen, wie die Unternehmen Bedeutung und Qualität dieser Standortfaktoren einschätzen.",0,15100,1999,17
"Nur bei Mehrpersonenhaushalten kann es dem IAB zufolge ein Lohnabstandsproblem geben, weil hier die vom IAB errechneten ""effektiven Stundenlöhne"" aus Arbeitslosengeld II und Mehraufwandsentschädigung schon an der Obergrenze dessen liegen, was momentan auf Einstiegspositionen mit niedrigen Qualifikationsanforderungen verdient wird.",3,112829,2005,17
"Mehr als 100 Kommunen und Regionen in Deutschland verfolgen das Ziel, sich selbst mit erneuerbaren Energien zu versorgen.",0,523135,2013,17
"Etwa die Hälfte der HUS-Patienten litt an neurologischen Symptomen, die von Erinnerungslücken und Wortfindungsstörungen bis zu anhaltenden Krampfanfällen reichten.",0,439378,2011,17
Damit würde sich Deutschland im internationalen Vergleich in die Gruppe der Länder mit einem relativ hohen Mindestlohn einreihen.,0,183737,2006,17
"In einer Übersichtsarbeit in der neuen elektronischen Fachzeitschrift ""GMS Krankenhaushygiene Interdisziplinär"" innerhalb des e-Journals ""German Medical Science"" der Arbeitsgemeinschaft der wissenschaftlichen medizinischen Fachgesellschaften AWMF werden die Ergebnisse u.a. von 4 wissenschaftlichen Studien erörtert: Wassergefiltertes Infrarot A (wIRA) als spezielle Form der Wärmestrahlung mit hohem Eindringvermögen in das Gewebe bei geringer Wärmeoberflächenbelastung vermag wesentliche, auch energiemäßig bedeutsame Faktoren der Wundheilung zu verbessern.",1,173140,2006,17
"Es muss dann aber sichergestellt werden, dass auch kleinere Standorte ihre innovativen Ansätze im Format der Exzellenzcluster verwirklichen können und dass die Sicherstellung qualitätsgesicherter, strukturierter Promotionen dort explizit mit aufgegriffen wird.",3,645504,2016,17
"Darüber hinaus beginnt der Sportler sich zu demontieren und hadert mich sich selbst und seinem Teamkollegen, wenn das vorgenommene Ziel nicht erreicht wird.",2,282648,2008,17
"Mit anderen Worten, sie koennten uns helfen, herauszufinden, wie Neurone miteinander verwandt sind.",0,17231,2000,17
Das gesamte HTA-System muss so transparent wie möglich gestaltet werden.,3,470200,2012,17
"Ihr Ansprechpartner für weitere Informationen: Fraunhofer IAO Martin Engstler Nobelstraße 12, 70569 Stuttgart Telefon: +49 (0) 7 11/9 70-54 75, Fax: +49 (0) 7 11/9 70-54 61 E-Mail: <martin.engstler@iao.fraunhofer.de>",0,147008,2006,17
Dagegen landet Mecklenburg-Vorpommern hinsichtlich der aktuellen persönlichen Lage und der persönlichen Zuversicht für das kommende Jahr auf dem letzten Platz der Tabelle.,0,294709,2008,17
"Die aktuellen Ergebnisse der Allianz Zuversichtsstudie sowie Trends, die sich daraus ablesen lassen, werden der Öffentlichkeit in der Regel vierteljährlich vorgestellt.",0,456995,2011,17
Verhandlungen über die konkrete Ausgestaltung der Mitbestimmung müssen mit einem speziell dafür zu bildenden Besonderen Verhandlungsgremium der Arbeitnehmerseite geführt werden.,2,138871,2005,17
"Die Entscheidung für einen eindeutigen Weg zur Sicherung der Weiterbildungsqualität fällt ihnen allerdings schwer: Die Weiterbildungseinrichtungen orientieren sich vielmehr an mehreren Konzepten zugleich, wobei die Mehrheit (76%) das Konzept der Selbstevaluation bevorzugt.",1,56332,2002,17
Moderieren wird die Gesprächsrunde die bekannte Stuttgarter Fernsehjournalistin Jacqueline Stuhler.,1,78821,2004,17
„Seit 20 Jahren veröffentlicht die Zeitschrift „Natur und Landschaft“ in einer Ausgabe einen „Jahresrückblick“ auf Arbeitsschwerpunkte und Aktivitäten aus der Naturschutzarbeit auf Bundes- und Landesebene sowie von Naturschutzverbänden und –stiftungen.,0,532272,2013,17
Das Spektrum der Gründungsideen der jungen Visionäre reichte diesmal von mobilen Internetanwendungen über nutzerfreundliche Visualisierungs- und Audiodarstellungen im Internet bis hin zu einer elektronischen »Kreidetafel«.,2,33591,2001,17
"Infrarot A, insbesondere wassergefiltertes Infrarot A, vermag als Wärmeeffekte die Gewebetemperatur, die Gewebedurchblutung und den Gewebesauerstoffteildruck zu steigern: optimal hohe Ausprägungen dieser drei Größen sind Voraussetzungen für eine hohe Energiebereitstellung im Gewebe und können deshalb energieabhängige Reaktionen des Immunsystems verbessern.",1,103473,2005,17
Diese Verbesserung zeigt sich auch an zahlreichen Einzelaspekten - beispielsweise: - Die Zahl der Konflikte bei Standortverfahren ist relativ gering.,1,60791,2003,17
"Der Allianz Zuversichtsindex Basis des Allianz-Zuversichtsindex, einer gemeinschaftlich durchgeführten Studie der Allianz Deutschland AG und der Universität Hohenheim, sind repräsentative monatliche Befragungen mit mindestens jeweils 500 - 1.000 Interviewpartnern.",3,294709,2008,17
"Das zeigt eine neue Bilanz zur aktuellen Mindestlohnentwicklung in Europa, die das Wirtschafts- und Sozialwissenschaftliche Institut (WSI) in der Hans-Böckler-Stiftung heute vorlegt.",0,191962,2007,17
"Durch die Vermeidung von Datenpannen erübrigen sich zudem Kosten für deren Behebung, mögliche Schadenersatzansprüche und Imageschäden in der Öffentlichkeit.",0,648014,2016,17
Seit 2007 unterstützt das BMBF die Forschung zu Schutz und Rettung von Menschen mit bisher rund 93 Millionen Euro.,0,632087,2015,17
"Nature Climate Change (Advance Online Publication) [DOI: 10.1038/NCLIMATE2444] Weblink zum Artikel, sobald er veröffentlicht ist: http://dx.doi.org/10.1038/nclimate2444 Kontakt für weitere Informationen: Potsdam-Institut für Klimafolgenforschung, Pressestelle Telefon: +49 (0)331 288 2507 E-Mail: presse@pik-potsdam.de Twitter: @PIK_Klima",0,613168,2014,17
"Die aktuellen Ergebnisse der Allianz Zuversichtsstudie sowie Trends, die sich daraus ablesen lassen, werden der Öffentlichkeit in der Regel vierteljährlich vorgestellt.",0,539689,2013,17
"Die Ergebnisse des Vorhabens sind in der Broschüre „Basisinformationen für eine nachhaltige Nutzung landwirtschaftlicher Reststoffe zur Bioenergiebereitstellung“ zusammengefasst, die beim DBFZ kostenfrei bestellt oder unter <http://www.energetische-biomassenutzung.de/de/downloads/vorhaben.html> heruntergeladen werden kann.",0,439475,2011,17
Auf die Frage „Wie sehen Sie die Gesamtsituation in Deutschland in den nächsten zwölf Monaten?“ antworten 39 Prozent der Bundesbürger „mit Zuversicht“ oder „mit großer Zuversicht“.,0,552113,2013,17
"„Nur wenn wir neben dem sicheren Betrieb auch den sicheren und dauerhaften Verschluss von CO2-Speichern belegen können, wird die CCS-Technologie ihr Potential entfalten können“, so Axel Liebscher abschließend.",1,560547,2013,17
"Darüber hinaus demonstrieren die neuen Ergebnisse, dass die chemische Oxidationsstabilität einiger weniger, aber zentraler Proteine für ein hohes maximales Lebensdauerpotenzial essentiell ist, was die sogenannte Oxidationstheorie des Alterns (auch Freie-Radikal-Theorie des Alterns genannt) nachhaltig stützt.",2,239965,2007,17
"Die Ergebnisse zeigen, dass besonders die Spielerinnen erfolgreich sind, die ein hohes Ausmaß dieser sogenannten „appetitiven Wettbewerbsmotivation“ aufweisen.",0,625208,2015,17
"Häufig starten die Wissenschaftler ohne konkrete Produktidee oder mit einem Produkt, das noch längst nicht marktreif ist oder vom Markt nicht angenommen wird.",2,161084,2006,17
"„Wir können bestätigen, was frühere und lokalere Meeresspiegeldaten schon nahegelegt haben: In den vergangenen Jahrtausenden ist der Meeresspiegel nie schneller angestiegen als im letzten Jahrhundert.“ Auf der Basis dieser Analyse vergangener Jahrtausende natürlicher Meeresspiegelschwankungen konnte die neue Studie abschätzen, wie stark menschliche Aktivitäten zum modernen Meeresspiegelanstieg beigetragen haben: Mit sehr hoher Wahrscheinlichkeit wurde mehr als die Hälfte des Meeresspiegelanstiegs im 20. Jahrhundert vom Menschen verursacht – und möglicherweise sogar der gesamte Anstieg.",0,646309,2016,17
So macht der Air Cesium den Einsatz von Dual-Density überflüssig.,2,137807,2005,17
"Den größten Aufschwung bei den persönlichen Lebensbereichen zeigt derzeit die Stimmung, wenn es um die Sicherheit des eigenen Arbeitsplatzes geht: Fast zwei Drittel (62 Prozent) gehen davon aus, dass ihr eigener Job sicher ist.",0,443124,2011,17
Kontakt: Christian D. León Geschäftsstelle des Nachhaltigkeitsbeirats Baden-Württemberg Tel.,0,117382,2005,17
"Insbesondere wird die Kooperationsfähigkeit zwischen Wirtschaft, Wissenschaft und Forschung immer wichtiger.",1,199472,2007,17
"Sie hat nach dem Studium der Wirtschaftswissenschaft an den Universitäten Hamburg und Hannover an der FU Berlin promoviert, sich mit einer Arbeit zum Thema ""Die Steuerung von Kundenintegrationsprozessen"" habilitiert und die Lehrbefugnis im Fach ""Betriebswirtschaftslehre"" erhalten.",0,21728,2000,17
"""Heute stehen in jedem Haus verschiedene Container, dazu gibt es noch spezielle Sammelstellen für besonders problematische Stoffe.",0,547666,2013,17
"Die Expertinnen und Experten betonen in ihren Ergebnissen, dass der Bedarf integrativer Forschung über Disziplinen hinweg und in direkter Zusammenarbeit mit Politik und gesellschaftlichen Gruppen wichtiger denn je ist, um den neuen Umweltgefahren zu begegnen.",3,207852,2007,17
"Während in der Elektroindustrie mit 43 Prozent und im Maschinenbau mit 32 Prozent ein bedeutender Anteil des Gesamtumsatzes mit Produktneuheiten erzielt wird, machen die hohen absoluten Innovationsumsätze in der Chemieindustrie nur 15 Prozent, bei den Banken und Versicherungen nur 12 Prozent und im Großhandel nur 6 Prozent der gesamten Erlöse in diesen Branchen aus.",0,203117,2007,17
"Zwei seiner Absolventen, Jürgen Brattge aus Hamm und Axel Willemsen aus Langenfeld, erhielten gestern (21.09.2000) den diesjährigen Energie- und Umweltpreis der Eon Engineering GmbH für eine Forschungsarbeit, in der sie praxisnah ein computergestütztes Datenbank-Netz gewebt haben, in das die Altautoverwerter Kraftfahrzeugteile als verfügbare Ersatzteile einspeichern.",0,24604,2000,17
Datenschutz-Folgeabschätzungen helfen Aufsichtsbehörden bei Wahrnehmung ihrer Aufgaben Neben den Technologieanbietern und Nutzern sind die Datenschutz-Folgeabschätzungen vor allem für Aufsichtsbehörden hilfreich: Die Durchführung standardisierter Folgenabschätzungen würde etwa eine bessere Wahrnehmung ihrer Aufsichtspflicht ermöglichen und Schwächen beim Datenschutz oder Rechtsverstöße schneller aufdecken helfen.,0,648014,2016,17
"Das so genannte mTOR ist ein wichtiges Stoffwechselenzym, das von einfachen Organismen wie Hefe und Fadenwurm bis hin zum Menschen ähnliche Funktionen steuert, so auch Zellwachstum und Zellvermehrung.",0,428265,2011,17
"Neutronenreiche Atomkerne, solche mit wesentlich mehr Neutronen als Protonen, befinden sich am Rande des Erkenntnisstandes der Kernphysiker.",1,489746,2012,17
"Überwiegend weniger Zuversicht in den Regionen Wenn es um die Einschätzung der Gesamtsituation in Deutschland für die kommenden zwölf Monate geht, fällt die Zuversicht im Vergleich zum Vorjahreszeitraum in den meisten Regionen der Bundesrepublik tendenziell ab.",0,539689,2013,17
"„Die Beschäftigungsquote befindet sich auf Rekordniveau und steigt weiter an“, sagtProf.",1,578477,2014,17
Im Auftrag der Wirtschaftsinitiative für Mitteldeutschland hat der Lehrstuhl für Marketingmanagement der HHL die Wettbewerbsfähigkeit Mitteldeutschlands untersucht.,0,463161,2012,17
"„Alle Regierungen befassen sich mit den Chancen, die sich aus der Verknüpfung einer großen Vielfalt und eines großen Volumens von Patientdaten, biologischen und administrativen Daten ergeben.“ Selbstverständlich, so Colombo, sei die Datensicherheit ein sensibles Thema: „Das ist zu respektieren.",1,606206,2014,17
"Im Naturschutzgroßvorhaben „Allgäuer Moorallianz“ soll dieser Prozess innerhalb von zehn Jahren durch den Rückbau von Entwässerungseinrichtungen, durch Staumaßnahmen sowie die Extensivierung der umgebenden Streuwiesen gestoppt und geschädigte Moore revitalisiert werden.",3,508530,2012,17
"Die Bienen lernten schnell, beim belohnten Duft ihren Rüssel auszustrecken, um die Zuckerlösung aufzulecken, und zeigten diese Reaktion auch noch drei Stunden nach der Lernphase.",0,411024,2011,17
"Sie konnte aber nicht berücksichtigt werden, weil sie zum damaligen Zeitpunkt noch nicht vollständig publiziert und mit hinreichender Sicherheit interpretierbar war.",3,247540,2008,17
"Aber drei Stunden nach der Lernphase fand sich eine Veränderung: Mehr Neurone reagierten auf den mit Lohn verknüpften Reiz, und die Antworten auf diesenfielen stärker aus.",0,411024,2011,17
"Bei einem Votum von fast acht Millionen Befragten in aller Welt ist das schon eine tolle Sache"", so Kerkloh.",1,226065,2007,17
"Das Enzym Cas erkennt DNA-Moleküle mit fremder Erbinformation, die beispielsweise von einem Bakteriophagen stammt, und spaltet sie an einer bestimmten Stelle.",0,531381,2013,17
Welche Rolle wird Führung künftig spielen?,1,531704,2013,17
"Möglich ist das nur durch schnelle situationsabhängige Organisationsprozesse (dynamische Links), durch die zwischen den Domänen und dem Fenster Punkt-zu-Punkt-Verbindungen aufgebaut werden.",1,63215,2003,17
"Prof. Dr. Günther Schuh, Direktor des Forschungsinstitutes für Rationalisierung (FIR), sagte in seiner Präsentation unter dem Titel ""Dienstleistungsstandards - Erfolg im Wettbewerb mit kundenorientierten Lösungen"", dass ""es nicht nur wichtig ist, den ""Spirit"" der Kunden zu treffen und ihn durch Mehrwert zu begeistern, sondern dass Kompatibilität durch Standardisierung bereits vor der Marktphase Technologie für den Kunden auf einfachste Weise bedienbar macht.",2,236917,2007,17
"Davon weichen die Bewertungen der befragten Pflegekräfte etwas ab, die vor allem die Koordination mit der Laienpflege, danach die Organisation und erst darauf folgend die Pflegeplanung und -dokumentation relativ schlecht bewerten und insgesamt eher positive Einschätzungen der Performance der eigenen Dienste liefern.",0,58602,2003,17
"Nur 7,6 Prozent der Unternehmen haben Frauen im Vorstand.",1,447042,2011,17
"Um diese unerwünschten Gäste los zu werden, bedienen sich viele Bakterien-Arten eines Arsenals von Molekülen, das nach ähnlichen Prinzipien arbeitet wie ein Immunsystem.",2,531381,2013,17
"Der Benutzer hat auch die Möglichkeit, sich bestimmte Einrichtungen, immer ausgehend von seiner derzeitigen räumlichen Position, in der Karte anzeigen zu lassen.",0,37563,2001,17
"Dieter Spath betonte in seinem Vortrag ""Innovative Dienstleistungen - Das ServLab: Eine Plattform zum Testen ganzheitlicher Dienstleistungskonzepte"" die herausragende Bedeutung von Dienstleistungsinnovationen: ""In der Praxis planen viele Unternehmen ihre Dienstleistungen bislang wenig strategisch.",2,232633,2007,17
"Wann und wo Extremereignisse wie Fluten, Kaventsmänner, Stürme und Erdbeben, aber auch Algenblüten, Versagen sicherheitsrelevanter Technologien oder ein Börsencrash auftreten, lässt sich nur schwer prognostizieren.",3,603396,2014,17
"Hilfe bieten Immunglobuline, die die krankmachenden Bestandteile des körpereigenen Abwehrsystems neutralisieren können.",0,191915,2007,17
"Nach dem zweiten Weltkrieg wurden die Annoncen schlichter; die Abbildung eines Leichenwagens trat an Stelle des Sarges, danach die stilisierte Fassade des Bestattungsunternehmens und schließlich einfach ein schlichtes Kreuz.",0,70274,2003,17
"In der Studie beleuchtet HIS die Hochschulsysteme von Australien, Belgien (Französische und Flämische Gemeinschaft), Dänemark, England, Finnland, Frankreich, Irland, Japan, den Niederlanden, Norwegen, Schweden, Spanien, der Tschechischen Republik und Ungarn.",0,80753,2004,17
"„Die von uns synthetisierte schichtartige Verbindung (Li,Fe)OH(FeSe) hat den großen Vorteil, dass sie auch bei höheren Temperaturen funktioniert, die im Labor leichter handhabbar sind“, sagt Johrendt.",1,607636,2014,17
"1965 wurde er von Henri Nannen, dem Gründer der Zeitschrift Stern, ins Leben gerufen.",0,64058,2003,17
»Nur so können sie ihre Wettbewerbsfähigkeit in einer sich wandelnden IT-Landschaft sichern.« Aus Sicht der Unternehmen bieten internetbasierte Softwaredienstleistungen eine Reihe von strategischen Vorteilen.,2,392319,2010,17
Ökologisch nachhaltig und gleichzeitig wirtschaftlich handeln – wie können diese scheinbar widersprüchlichen Ziele sowohl für Produkte als auch für Dienstleistungen in Einklang gebracht werden?,1,469787,2012,17
"Eine zweite Energielücke weit oberhalb der kritischen Sprungtemperatur ""Wir konnten nun beobachten, dass es die Symmetrieeigenschaften ihrer Orbitale sind, die bestimmen, bei welchen Temperaturen welche Elektronen jene sogenannten Cooper-Paare bilden, die nötig sind, um den supraleitenden Zustand zu erreichen"", so Dr. Joachim Deisenhofer vom Augsburger Institut für Physik.",0,573145,2014,17
Neuronale Ceroid-Lipofuszinosen (NCL) sind genetisch bedingte Stoffwechselerkrankungen des Gehirns.,0,526207,2013,17
"Neue Veröffentlichung belegt weiteren Fortschritt in der AIDS-Forschung: Ein Team aus Wissenschaftlerinnen und Wissenschaftlern um Professor Dr. Joachim Hauber vom Hamburger Heinrich-Pette-Institut (HPI), Leibniz-Institut für Experimentelle Virologie, und Professor Dr. Frank Buchholz von der TU Dresden, konnten eine hochsignifikante antivirale Wirkung der Tre-Rekombinase in humanisierten Mausmodellen nachweisen.",2,553802,2013,17
"Von vermutlich noch grösserer gesamtwirtschaftlicher Bedeutung dürften vielmehr die Optionen auf zukünftige Produkte wie neue Medikamente und die Ökosystemdienstleistungen wie Wasserfiltration, Bodenbildung, Erosionsvermeidung, Klimaregulation und die Regulation der Populationen von Krankheitserregern sein.",1,258558,2008,17
"Die Fördergelder des Zentralen Innovationsprogramms Mittelstand (ZIM) entfallen beispielsweise zu 16,1 Prozent auf Sachsen, der Freistaat befindet sich damit im Bundesvergleich auf dem 2.",0,634555,2015,17
Die Messunsicherheit von Prüflabors wird in Projekten häufig als Pass-/Fail-Kriterium für die Modulleistung verwendet.,3,607034,2014,17
"Die Expertenkommission begrüßt in ihrem Gutachten insbesondere die Investitionen in die Mobilitätsforschung, die Bildungsinfrastrukturen und den innovativen Mittelstand.",0,303718,2009,17
"„Wenn unsere Entdeckung wirklich ein Planet im Entstehungsstadium ist, dann versetzt das die Wissenschaft zum ersten Mal in die Lage, Entstehung und Wechselwirkung eines Planeten mit seiner Geburtsumgebung in einer sehr frühen Phase empirisch zu untersuchen.” Das System von HD 100546 ist gut untersucht, da man schon länger einen weiteren Riesenplaneten mit dem sechsfachen Abstand der Erde zur Sonne um den Stern vermutet.",1,521115,2013,17
"Bei der Nutzung dieser Gütern entsteht ein Ungleichgewicht zwischen denen, die Güter zur Verfügung stellen und die Kosten dafür tragen, und denen, die nicht bezahlen, aber die Güter konsumieren – eine Situation, die in der Ökonomie unter dem Namen Trittbrettfahrerproblem bekannt ist.",0,622360,2015,17
"Er konnte zeigen, dass diese im Labor generierten Zellen elektrophysiologisch funktionieren und Verhaltensdefizite im Tiermodell der Parkinsonschen Erkrankung kompensieren können.",0,157524,2006,17
Diese Zentren sollen die neue Spitze des Verbundes der europäischen Superrechner bilden.,1,204696,2007,17
"""In diese Systeme fehlt die Zuversicht mittlerweile nahezu vollkommen.""",1,280861,2008,17
Hinzu kommt der Mindestlohn („Lohnuntergrenze“) für die Leiharbeit/Zeitarbeit auf Basis des Arbeitnehmerüberlassungsgesetzes (AÜG).,0,590336,2014,17
"Einen Sonderpreis erhält der Dr. Christoph Brömmelmeyer, Humboldt-Universität Berlin.",0,16052,1999,17
"""Die neuen Doppelkerne übertreffen die Erwartungen an ihre Rechenleistung deutlich"", erklärt Dr. Matthias Brehm, Leiter der Gruppe Hochleistungsrechnen.",2,216098,2007,17
"Hohe Summen werden investiert, um Sicherheitsziele wie Vertraulichkeit oder Authentizität von Daten bei Entwurf und Implementierung solcher Anwendungen zu garantieren.",1,286442,2008,17
Die neu erschienene Bilanzbroschüre konzentriert sich auf die Darstellung vier aktueller Schwerpunktthemen.,0,585564,2014,17
"Ohne staatliche Grundfinanzierung, also durch reine Auftrags- und Projektforschung hat sich das DFKI nach 15 Jahren zum weltweit größten Zentrum für innovative Softwaretechnologien mit 200 Spitzenforschern entwickelt.",2,74604,2004,17
Eine Überarbeitung der Tarifbestimmungen sollte nach Auffassung des WSI-Tarifexperten vor allem an diesen Defiziten ansetzen.,3,60682,2003,17
Die Firmengründer - in der Regel hochkarätige Naturwissenschaftler oder Ingenieure - bringen zudem wenig Know-how in Betriebswirtschaft und Marketing mit und entwickeln oft erst sehr spät realistische Unternehmens- und Marktstrategien.,2,161084,2006,17
Dies gilt auch für Nutztierrassen.,0,227776,2007,17
"Damit wurde eine neue Bewertung notwendig, und zwar ausschließlich für Patienten, die trotz vollständiger Vorbehandlung mit mindestens einer krankheitsmodifizierenden Therapie (etwa Beta-Interferon oder Glatirameracetat) eine hochaktive RRMS aufweisen.",0,646949,2016,17
"Zu lange Studiendauer, sinkende Ausbildungsqualität, Ressourcenverschwendung und mangelnde internationale Wettbewerbsfähigkeit - es sind viele Kritikpunkte, denen die staatlichen Hochschulen in Deutschland seit Jahren ausgesetzt sind.",1,52237,2002,17
"Die novellierte Ausbildungsordnung zum Beruf ""Versicherungskaufmann / Versicherungskauffrau"" wurde am 22.07.2002 vom Bundesministerium für Wirtschaft und Technologie erlassen und tritt am 1. August 2002 in Kraft.",0,51451,2002,17
"In der Regel soll die Stabilität (Pronationskontrolle) durch zwei Härten in der Zwischensohle (""Dual-Density"", medial härter) und mediale Stabilisatoren im Obermaterial erreicht werden.",0,137807,2005,17
"Eine Forschergruppe, geleitet von Wissenschaftlern der Neurochirurgischen Klinik des Universitätsklinikums Düsseldorf und des St. Michael’s Hospital der Universität von Toronto, Kanada, hat in der Fachzeitschrift „Stroke“ dazu einen Beitrag veröffentlicht, der über eine Altersbestimmung von Gewebe aus Aneurysmen zeigen konnte, dass der Hauptbestandteil von Aneurysmen-Kollagen deutlich jünger ist als bisher angenommen und sich Aneurysmen unter Einfluss von Risikofaktoren wie Bluthochdruck und Nikotinkonsum vermutlich deutlich schneller entwickeln als bisher angenommen.",1,592937,2014,17
Alles in allem sind die Menschen in Deutschland dieses Jahr zur Weihnachtszeit zuversichtlicher als vor einem Jahr.,2,456995,2011,17
Mit dem Dienstleistungsatlas Baden-Württemberg liegt jetzt auf Initiative der Industrie- und Handelskammern in Baden-Württemberg und in Zusammenarbeit mit dem Statistischen Landesamt Baden-Württemberg eine fundierte Analyse der räumlichen Struktur und Entwicklung der baden-württembergischen Dienstleistungswirtschaft vor.,0,78821,2004,17
"Es ist an der Zeit, die zentralen Themen wirtschaftlicher und sozialer Innovationen anzupacken.",2,55874,2002,17
"Dr. Norbert Schmacke, Professor am Fachbereich Human- und Gesundheitswissenschaften der Universität Bremen und Leiter der Arbeits- und Koordinierungsstelle Gesundheitsversorgungsforschung in Bremen, untersuchte die Frage, ob Wettbewerb zwischen gesetzlichen Krankenkassen die Versorgungsqualität steigern und die Kosten effektiv senken kann.",0,75882,2004,17
"Die international renommierten Kölner Neurologen Prof. Dr. Timmermann und Dr. Pauls sammelten im Rahmen ihres neuen Forschungsansatzes nun weltweit Fälle dieser Form der Dystonie, um die therapeutischen Erfolge der Tiefen Hirnstimulation zu messen.",0,358620,2010,17
"Die Wahrnehmung und das Erleben von Schmerz ist damit ein komplexer kognitiver Vorgang, und keine 1:1 Übersetzung einer schädlichen Gewebereizung.",3,272947,2008,17
"Allerdings weisen sie ihnen aktuell und auch zukünftig die ausführende Rolle einer Werkbank zu, die Services zu niedrigen Preisen liefert"", heißt es in der Studie.",0,298383,2009,17
Für die exzellenten Präsentationen ihrer Forschungsergebnisse hat Staatssekretär Dr. Michael Stückradt gestern Abend (29.11.),2,138786,2005,17
Ein großes Hindernis bei der Durchführung der anstehenden Aufgaben stellt die immer noch fehlende Akzeptanz von Verordnern und Krankenkassen bezüglich der neuen Materialien und Methoden dar.,3,22117,2000,17
"Zwei Tabellen (Word-Dateien) mit Detailergebnissen können auf folgender Seite heruntergeladen werden: http://www.ruhr-uni-bochum.de/pressemitteilungen/msg00251.html Weitere Informationen Prof. Dr. Hans-Dieter Schwind, Ruhr-Universität Bochum, Juristische Fakultät, Tel.",0,14877,1999,17
"Marco Schöller: „Dasselbe gilt auch für die Titel ‚Emir‘ und ‚Sultan‘, die auch in den Golfstaaten verbreitet sind, deren Herrscher aus Sicht der Islamisten aber keinerlei religiöse Legitimität besitzen – im Gegenteil – und zudem zu sehr mit den USA verbündet sind.“ Die extremistische Gruppe „Islamischer Staat im Irak und in Syrien“ (ISIS) hatte am Wochenende zu Beginn des muslimischen Fastenmonats Ramadan ein Kalifat ausgerufen.",0,594334,2014,17
"""Erythropoetin könnte im Rahmen der Heilung von Knochenbrüchen eine bedeutende Rolle zu kommen.",1,180280,2006,17
"Ziel des Arbeitskreises ist es, hochrangige Expertinnen und Experten aus Unternehmen und Verbänden zu einem intensiven Austausch über grundlegende Fragen der Entwicklung der Wirtschaft im 21. Jahrhundert zusammenzubringen.",2,531704,2013,17
"Tendenziell führt ihr Weg damit in andere Berufsfelder, vor allem in den Öffentlichen Dienst.",0,412370,2011,17
Exzellencluster sind das Förderinstrument der Wahl Die klare Empfehlung zur Fortführung und Weiterentwicklung der Förderlinie „Exzellenzcluster“ ist ganz im Sinne der sehr interdisziplinär und auf vielfältige Kooperationen ausgerichteten medizinischen Forschung.,1,645504,2016,17
"Dies erfordert zum einen die Fähigkeit, sich schnell in diese komplexen Zusammenhänge einzuarbeiten und zum anderen die Möglichkeit, sich einfach und unkompliziert ein Bild über die eigene Leistungsfähigkeit zu machen und Verbesserungspotenziale zu erkennen.",3,389870,2010,17
"Doch dies erklaerte nicht, wie sie die richtigen Neurone genau zum richtigen Zeitpunkt und im richtigen Masse hemmen.",3,17231,2000,17
Die Fußballbegeisterung ist dabei immer weniger eine Geschlechterfrage: Vor allem junge Frauen bis 29 Jahren (40 Prozent) lassen sich fast gleichermaßen begeistern wie gleichaltrige Männer (43 Prozent).,0,592837,2014,17
"Aktuelle kariologische Forschungsvorhaben befassen sich mit innovativen anti-adhäsiven, immunologischen, nanotechnologischen, probiotischen, biomimetischen bzw. bioinspirierten Strategien aber auch mit Naturstoffen zum Biofilmmanagement in der Mundhöhle.",0,396586,2010,17
"Schließlich müsse die Bundesregierung nicht nur vorab, sondern auch im weiteren Umsetzungsprozess unmissverständlich signalisieren, „dass es ihr mit der Durchsetzung und Einhaltung des gesetzlichen Mindestlohns in allen Branchen und bei allen Beschäftigungsformen tatsächlich ernst ist“, schreiben Weinkopf und Bosch.",1,592767,2014,17
Das verringert den technischen Aufwand der Kühlung und macht Supraleiter für praktische Anwendungen immer interessanter.,1,13773,1999,17
"Der zentrale Teil von chronischen Wunden ist oft eindeutig hypoxisch (sauerstoffmangelversorgt) und relativ hypotherm (mit erniedrigter Temperatur) - wie dies thermographisch in der Studie gezeigt wurde -, was einer unzureichenden Energieversorgung des Gewebes entspricht, die eine Wundheilung behindert oder sie sogar unmöglich macht.",0,284525,2008,17
"Dies gelte allerdings nur, „wenn im anstehenden Beratungsprozess zum Gesetzentwurf keine weiteren Ausnahmen zugelassen werden“.",3,592767,2014,17
"""Zukunftsvision Immuntherapie: Neue Behandlungsformen gegen den Schwarzen Hautkrebs?""",2,76412,2004,17
Ziel der Allianz Zuversichtsstudie ist es die Stimmungslage in Deutschland zu erheben.,0,539689,2013,17
"Die Autoren begrüßen die geplante Verstetigung der Strategie als Innovationsprogramm, mahnen aber gleichzeitig mehr staatliche Maßnahmen zur Verbesserung der Rahmenbedingungen für Innovationen an sowie eine stärkere Kooperation von Bund und Ländern in der Innovationspolitik.",3,564747,2013,17
"Das würde bedeuten, dass ein Neutrino und ein Anti-Neutrino identisch wären.",0,408124,2011,17
"Damit die Leistungsträger der IT-Wirtschaft nicht ""ausbrennen"", muss Gesundheitsförderung vom Randthema zu einem integralen Bestandteil der Unternehmenspolitik und der Organisationsentwicklung werden.",1,337272,2009,17
"Es liefert damit facettenreiche Zukunftsbilder, wobei verschiedene Szenarien - von pessimistisch über realistisch bis optimistisch - durchgespielt werden.",1,221444,2007,17
"Die Menschen haben sich nicht nur daran gewöhnt, online kostenfreie Inhalte zu erhalten, zusätzlich gibt es auch zahlreiche Bedenken im Hinblick auf Datenschutz und Sicherheit.",0,631033,2015,17
"Bilanz und Perspektive stehen im Zentrum des zweiten Tages: Thematisiert werden der Einfluss der Modellversuche auf die Berufsbildungspraxis, -forschung und -politik aus der Sicht von Politik und Wissenschaft, und modellversuchserfahrene Experten aus der Praxis nehmen Stellung zu den Fragen, - wie Modellvorhaben dazu beitragen können, die Modernisierung von Unternehmen über eine integrierte Personal- und Organisationsentwicklung voran zu bringen und - was erforderlich ist, um den Innovationstransfer aus den Modellvorhaben in die Alltagspraxis der Unternehmen zu sichern.",1,86502,2004,7
"Inzwischen wurden auch Materialien entwickelt, die bereits bei Temperaturen des flüssigen Stickstoffs (-196°C) supraleitend sind.",0,13773,1999,7
"Nachdem Wissenschaftsminister Oppermann im letzten Jahr angekündigt hatte, künftig die Förderung auf exzellente Forschungseinheiten zu focussieren, sind die Erwartungen an der Universität Lüneburg jetzt natürlich groß, dass in nächster Zukunft eine verbesserte Ausstattung der Erziehungswissenschaften sowie der gesamten Lehrerbildung in Lüneburg eine Fortsetzung der bisherigen Erfolgsgeschichte ermöglichen wird.""",2,47188,2002,7
"Das zeigen die aktuellen Ergebnisse der seit 2007 monatlich durchgeführten repräsentativen Befragungen zur Allianz Zuversichtsstudie, einem Gemeinschaftsprojekt der Allianz Deutschland AG und der Universität Hohenheim.",0,578477,2014,7
"Diesem Bedürfnis trägt inzwischen eine ganze Armada von Consultingfirmen, Controllern und Softwarespezialisten Rechnung, die einzig damit befasst ist, das betriebliche Geschehen bis in die letzten Winkel quantifizierend zu erfassen.",2,243546,2008,7
Auch der einheitliche Leistungskatalog der Krankenversicherer steht nach Einschätzung des Bremer Gesundheitsexperten nicht zur Disposition.,0,75882,2004,7
"Der gesamte Weg, von der Erforschung in Grundlagenlabors bis hin zur klinischen Anwendung, wurde dabei von den Gießener Forschern koordiniert.",1,545063,2013,7
Optimistisch für Deutschland sind jedoch auch in diesen Altersklassen deutlich weniger Bürger (rund 30 Prozent).,1,251843,2008,7
"Das Handbuch wendet sich mit seinen vielfältigen Informationen an jene, die nachhaltiges Wirtschaften in die Praxis umsetzen wollen.",1,68360,2003,7
Sie sind weder stärker materiell orientiert – Karrierechancen und Verdienstmöglichkeiten sind ihnen im selben Maße wichtig wie allen Mädchen – noch lassen sich auffällige Abweichungen bei sozialen Orientierungen feststellen.,0,600863,2014,7
"Während die Bundesregierung in ihrer Stellungnahme zum Bericht nach wie vor an ihrem Vorhaben festhält, dass Wirtschaft und Staat ab 2010 jährlich drei Prozent des Bruttoinlandsprodukts für Forschung und Entwicklung ausgeben, hält das Fraunhofer ISI dieses Ziel wegen des Fachkräftemangels für nicht mehr erreichbar.",1,217916,2007,7
"Wie die Heidelberger Wissenschaftler erläutern, kann das Erfolgskriterium vor dem Hintergrund der sogenannten Lebenswertindifferenzkonzeption des Grundgesetzes problematisch sein.",0,490050,2012,7
Ralf Reichwald von der TU München.,0,232633,2007,7
"Diese Ergebnisse lassen hoffen, dass Tre-Rekombinase in absehbarer Zukunft Bestandteil einer Therapie zur Heilung von Infektionen mit dem AIDS-Virus HIV sein kann“, erklärt Prof. Joachim Hauber.",1,553802,2013,7
- Innovative Organisation.,1,82470,2004,7
"Die französische Regierung stellt jedoch gleichzeitig fest, dass bestimmte strategische Sektoren von den ausgewählten Projekten nicht abgedeckt sind.",0,470419,2012,7
"Bedrohte Arten wie der Fischotter, die Bekassine oder der Moorfrosch zeigen hierdurch im Projektgebiet wieder einen Aufwärtstrend in ihren Bestän-den.",0,483148,2012,7
Das zeigen Untersuchungen des Instituts Arbeit und Technik (IAT/Gelsenkirchen) zur Beschäftigung und neuen Formen der Arbeitsmarktorganisation im tertiären Sektor.,0,46644,2002,7
"Umfragen zeigen, dass wir eine Vorliebe für vielfältige Landschaften und blumenreiche Wiesen haben.",1,258558,2008,7
"Am Beispiel von vier Branchen - Einzelhandel, Maschinenbau, Software/IT-Service und Audio-visuelle Medien - wurden die Probleme von Dienstleistungsarbeit aufgezeigt, heutige Anforderungen an Unternehmen und Beschäftigte skizziert, unterschiedliche betriebliche Vorgehensweisen herausgearbeitet und die Triebkräfte der Entwicklung näher ergründet.",0,58823,2003,7
"Die identifizierten Auswirkungen des demografischen Wandels können unterschieden werden in betriebliche Auswirkungen für Wasserversorgung, Abwasserableitung und -behandlung und in die dadurch verursachten ökologischen und ökonomischen Effekte.",0,397599,2010,7
Unter Leitung von Prof. Dr. Ludger Pries haben die Forscher insgesamt 3.254 Betriebe der deutschen Privatwirtschaft befragt.,0,150120,2006,7
Sie bedingen sich wechselseitig und bilden gemeinsam die leistungsfähige Wirtschaft sowie das für Baden-Württemberg typische und äußerst erfolgreiche Netzwerk.,1,78821,2004,7
"Hierzu nutzt die Plattform ein Service Repository, in dem die Dienste abgelegt sind und über das deren Nutzung gemessen werden kann, ebenso Werkzeuge für die Dienstsuche und Dienstauswahl und das Billing der genutzten Dienste.",0,594324,2014,7
"Aus der Wissenschaft nahmen neben Prof. Wahlster der Präsident der Fraunhofer-Gesellschaft, Hans-Jörg Bullinger und der Präsident der Berliner Humboldt-Universität, Jürgen Mlynek teil.",0,74604,2004,7
"Viele Entscheidungen wie etwa beim Wohnungskauf oder der Jobsuche sind sequenziell: Man bekommt nacheinander verschiedene Angebote, die man jeweils annehmen oder ablehnen kann.",0,471597,2012,7
"Trotz aller Wertschätzung der historischen Leistungen von Heinrich Hoffmann und besonders seiner hellseherischen Fähigkeiten, ubiquitäre Fantasien wahrzunehmen, in Reimen zu gestalten und zu visualisieren, wünsche sich Marianne Leuzinger-Bohleber dennoch, dass der heutige Wissensstand von Psychoanalyse, Bindungs- und Mentalisierungsforschung eine ""verstehende, empathische Pädagogik"" befruchtet.",0,310871,2009,8
"Frauen: Gute Assistenzkraft statt Führungsnachwuchs RUB-Langzeitstudie mit Hochschulabsolventinnen Was zählt: Spaß im Beruf und ethische Werte Frauen sind zuverlässiger im Beruf als Männer, aber weniger durchsetzungsstark.",1,412370,2011,8
"Damit bieten sich sowohl hervorragende Kommerzialisierungsmöglichkeiten der Ergebnisse wie auch eine hohe Anschlussfähigkeit zu den nachfolgenden Zukunftsprojekten der Bundesregierung.“ Thomas v. Bülow, 1&1 Internet AG: „Die Erkenntnisse aus der in InDiNet entwickelten Plattform-Technologie werden wir bei der 1&1 Internet AG in der Weiterentwicklung des Produkt-Portfolio berücksichtigt: Software-Entwickler sollen sich über Integrationsplattformdienste leichter miteinander verbinden können und damit auch den Nutzen für Anwender verbessern.“ Elmar Eperiesi-Beck, eperi GmbH: „Web Services bieten zahlreiche sicherheitsrelevante Angriffspunkte.",1,594324,2014,8
ICES Journal of Marine Science; doi:10.1093/icesjms/fst010,0,524198,2013,8
"Volltext der englischsprachigen Studie: Christina Gathmann, Naturalization and citizenship: who benefits?, IZA World of Labor 2015: 125, doi: 10.15185/izawol.125 http://wol.iza.org/articles/naturalization-and-citizenship-who-benefits IZA World of Labor ist eine Online-Plattform für unabhängige evidenzbasierte Politikberatung des Bonner Instituts zur Zukunft der Arbeit (IZA).",0,624783,2015,8
Noch zufriedener sind die Studierenden im Master-Studium.,0,246423,2008,8
"Sie müssen in zunehmendem Maße durch Soft Skills, z.B. kommunikative Fähigkeiten und managementorientierte Kompetenzen, ergänzt werden.",0,64544,2003,8
"Bei alldem wächst in der UNESCO die Erkenntnis, dass die Maßnahmen zum Schutz des kulturellen Erbes zukünftig weit stärker mit der Entwicklung der Gesamtstadt und der sie umgebenden Landschaft verbunden sein müssen.",0,425276,2011,8
"Nun haben die Bürger das Wort: Am 4. Juli 2010 entscheiden sie in einer Volksabstimmung darüber, ob der Gesetzentwurf des Volksbegehrens „Für echten Nichtraucherschutz!“ an die Stelle der geltenden Regelung tritt und damit einige Ausnahmeregeln abgeschafft werden.",0,373678,2010,8
"Auf der Basis ihrer Untersuchungen haben sie den Wegweiser „Die Energiewende gemeinsam vor Ort gestalten“ veröffentlicht – einen Leitfaden, der kommunale Entscheidungsträger beim Ausbau erneuerbarer Energien unterstützen soll.",0,523135,2013,8
"Studie arbeitet Forschungsstand auf Forscher: Keine Belege für negative Arbeitsmarkteffekte durch Mindestlöhne – Ausnahmen schwächen Effektivität Der geplante gesetzliche Mindestlohn von 8,50 Euro ist notwendig und geeignet, um zu verhindern, dass das Lohnniveau in Deutschland immer weiter nach unten ausfranst.",1,592767,2014,8
Den bundesweiten Spitzenwert stellt mit 85 Prozent die Zuversicht für das eigene Zuhause.,0,361483,2010,8
In militärischer Hinsicht will sie im Irak und an der Levante ein Kalifat errichten.,0,642209,2015,8
"Die Konzeption der Bürgerversicherung erinnert zudem stark an das sozialistische Prinzip, dass, wenn schon ein System strukturelle Defizite aufweist, dann aber auch alle darunter leiden sollen.",0,65139,2003,8
Allein bei der Binnenschifffahrt sind die Erwartungen vergleichsweise zurückhaltend.,3,213171,2007,8
"Im Vorfeld der Entscheidung für ein Praktikum identifizierten sie aus eigener Kraft nur 37 Prozent derjenigen Handlungsmöglichkeiten, die sie später als relevant bewerteten, wenn ihnen eine umfassende ‚Master-Liste‘ von Optionen vorgelegt wurde.",0,637479,2015,8
"B. die Bund-Länder-AG „Naturschutz, Landschaftspflege und Erholung (LANA)“ und die Länderarbeitsgemeinschaft der Vogelschutzwarten sowie Naturschutzinstitutionen aller Bundesländer vertreten.",0,532272,2013,8
"Jedes Geschäftsmodell konzentriert sich auf einen speziellen Aspekt, wie das Management von Kapazitätsproblemen, die Ermöglichung von neuen Services oder die Produktauswahl für Verbraucher.",0,406613,2011,8
"Unstrittig ist, dass Mindestlöhne alleine nicht automatisch zu einer eigenständigen Existenzsicherung von Frauen führen: Selbst 7,50 oder 8 Euro reichen bei Teilzeit oder im Minijob dafür nicht aus.",0,284575,2008,8
So entsteht der nötige Rückenwind für die demografiegerechte Gestaltung ländlicher Infrastrukturen.“ Modellvorhaben „Demografischer Wandel – Region schafft Zukunft“ Die Sicherung der Lebensqualität im demografischen Wandel war Ziel des Modellvorhabens „Demografischer Wandel – Region schafft Zukunft“.,0,467481,2012,8
Das Pulsverkürzungs-Modul kann mit einem neu am Fraunhofer ILT entwickelten Femtosekundenlaser in der Leistungsklasse von 150 W kombiniert werden.,0,633037,2015,8
Professionelle Schauspieler des Münchner Unternehmens¬theaters Vitamin T demonstrierten vor diesem Hintergrund eindrucksvoll verschiedene Servicesituationen in der virtuellen Hotellobby.,1,178542,2006,8
"""Wir haben somit ein völlig neues Prinzip der Selbstreparatur des Gehirns aufgewiesen, eine so genannte 'phänotypische Transdifferenzierung' von reifen Nervenzellen.",0,148243,2006,8
Damit entwickelt er einen neuen integrierten Geschäftsmodellansatz für Lern-Service-Anbieter.,0,261965,2008,8
"In nur wenigen Unternehmen gerade aus den Dienstleistungsbranchen sind die Fach- und Führungskräfte jedoch für typische Verschwendungstreiber sensibilisiert, geschweige denn, dass es gängige Praxis wäre, die Mitarbeiter im verschwendungsarmen Arbeiten zu schulen und im Arbeitsalltag einzuüben, wie man mit bewährten Tipps und Tools Verbesserungsprozesse vorantreiben kann.",3,584235,2014,8
"Zugleich sollte gewährleistet sein, dass diejenigen Regierungen, die einem neuen Vorschlag zur Mehrheit verhelfen, eine große Mehrheit der in der EU lebenden Bevölkerung hinter sich haben.",0,635584,2015,8
"Friedhöfe und Bestattungen liefern seitens der Archäologie aus erster Hand nützliche Informationen über (prä)historische Gesellschaften, zum Beispiel über Bestattungssitten und Bestattungsumstände.",0,289453,2008,8
Für beide Themenschwerpunkte werden derzeit weitere Forschungsprojekte vorbereitet.,0,281949,2008,8
"Fehlende finanzielle Anreize, ausgeprägte Hierarchien an Hochschulklinika sowie die schwierige Vereinbarkeit von Patientenversorgung und Forschung werden von der Expertenkommission als Hauptgründe identifiziert.",0,574352,2014,8
"Der virtuelle CeBIT-Stand der Fraunhofer-Gesellschaft wurde mit WebGenesis aufgebaut: www.cebit2003.fraunhofer.de Ansprechpartner: Fernando Chaves, chaves@iitb.fraunhofer.de Projekt-Management Mit eProjectControl bieten wir eine Arbeitsumgebung und IT-Infrastruktur für die kollaborative Planung und Optimierung sowie das Management vernetzter Arbeitsprozesse mit mehreren teilnehmenden Einheiten.",0,59826,2003,8
Schwächer als vor der Krise Banken immer unzufriedener mit Aufsicht RUB-Großstudie zur Bankenaufsicht Die deutschen Kreditinstitute stufen die Qualität der Bankenaufsicht schwächer als vor der Krise ein.,0,426752,2011,8
Mit ihm und der TU München - gekürt zur Spitzenuniversität in der Exzellenzinitiative des Bundes und der Länder - hat Bayern gleich zwei Innovationsmotoren von beeindruckender Dynamik und Wirkung vorzuweisen.,2,226065,2007,8
"Sollte sich die Ergebnisse die Erwartungen bestätigen, könnte sich das Verfahren in der Unfallchirurgie durchsetzen und zahlreichen Patienten mit offenen Knochenbrüchen das Schicksal oft jahrelanger Komplikationen ersparen und zu einer früheren Mobilisation verhelfen.",0,71744,2003,8
"""Heinrich Hoffmann ist es in den Struwwelpeter-Geschichten mit bewundernswert treffsicherer Intuition gelungen, ubiquitäre unbewusste Fantasien von Kindern, aber auch von Erwachsenen, anzusprechen und die damit assoziierten Erinnerungen an intensivste Emotionen, Ängste und Konflikte wachzurufen"", so Leunzinger-Bohleber.",0,310871,2009,8
"Das Projekt wird vom Fraunhofer ISI koordiniert, Partner sind das Fraunhofer SIT, die Universität Hohenheim, die Universität Kassel, die Eberhard Karls Universität Tübingen, das Unabhängige Landeszentrum für Datenschutz Schleswig-Holstein sowie die Ludwig-Maximilians-Universität München.",0,648014,2016,8
Das Innovationsklima an den Schulen hat sich erheblich verbessert.,1,161353,2006,8
"""Potsdam wird zu einem international noch stärker sichtbaren Standort für Klima- und Nachhaltigkeitsforschung auf höchstem Niveau"", sagte Ministerin Schavan am Dienstag im künftigen Institutsgebäude.",0,323387,2009,8
"Der Autor Lambert Schneider untersucht konsequent aus der Perspektive eines Investors, in welcher Weise sich sowohl die energiewirtschaftlichen Rahmenbedingungen als auch verschiedene Auslegungsvarianten und Betriebsregime auf die generelle ökologische und ökonomische Attraktivität der Kraft-Wärme-Kopplung auswirken.",0,21218,2000,8
"Hinzu kommt zur Berechnung ein Sympathiewert von 59% für Bundeskanzler Schröder auf Basis der jüngsten Erhebung der Forschungsgruppe Wahlen (Anteil der Befragten, die sich Schröder als Bundeskanzler wünschen, unter Ausschluss der Unentschlossenen; zweite Juni-Umfrage).",0,50348,2002,8
"Sie zeigen, dass sich in den letzten Jahren beeindruckende Möglichkeiten für die Umsetzung von Dienstleistungsideen ergeben haben.",1,236917,2007,8
"Dieser ist letztlich für die Endnutzer, wie z.B. Autofahrer, von großer Bedeutung, da er die Grundlage für die hochgenaue Ortsbestimmung am Boden ist.",0,457578,2011,8
"Heute nennt sich Gelsenkirchen 'Die Stadt der 1.000 Sonnen'"".",0,71147,2003,8
Denn bislang war NBIA nicht wirksam behandelbar oder heilbar und die medikamentösen Therapieversuche weitestgehend erfolglos.,3,358620,2010,8
Sie sind an der Abwehr von akuten oder wiederauftretenden Infektionen beteiligt.,0,597487,2014,8
"Tiere, bei denen diese 13 Proteine chemisch besonders stabil aufgebaut waren, lebten nun deutlich länger als solche Tiere, bei denen sie leichter oxidierbar und somit instabiler waren.",0,239965,2007,8
"«Dieser neue Regulationsmechanismus gibt einen Einblick, wie unsere Empfindungen und unser Verhalten direkt das neuronale Netzwerk im Gehirn verändern.",0,457640,2011,8
"Es handelt sich hierbei um: 	INES2 in Bourget-du-Lac (Rhône-Alpes) auf dem Gebiet der photovoltaischen Solarenergie 	""Efficacity"" in Marne-la-Vallée (Île-de-France) auf dem Gebiet der Energieeffizienz in den Städten 	PS2E in Saclay (Île-de-France) auf dem Gebiet der Energieeffizienz industrieller Herstellungsverfahren 	INEF 4 in Bordeaux (Aquitaine) auf dem Gebiet nachhaltiger Bauverfahren Das Generalkommissariat für Investitionen und die betreffenden Ministerien wurden beauftragt, zusammen mit den jeweiligen Projektverantwortlichen die genauen Modalitäten dieser Finanzierungen festzulegen.",0,470419,2012,8
Dazu wird die UNESCO vermutlich noch in diesem Jahr eine Empfehlung verabschieden.,0,425276,2011,8
So war das Votum der anwesenden Praktiker einstimmig: Ohne Beratung geht es im Moment noch nicht.,0,192597,2007,8
Herkömmliche Systeme böten weniger Sicherheit.,3,566055,2013,8
Die Förderprogramme des BMBF haben dabei Dienstleistungsexzellenz in Wissenschaft und Wirtschaft hervorgebracht.,0,226065,2007,8
"Das bessere Erkennen und Verstehen von Wirkungsweisen im Rahmen dieser so genannten Radioimmuntherapie trägt nicht zuletzt dazu bei, Normalgewebe zu schonen, da Tumorgewebe in der Folge sehr selektiv behandelt werden kann.",0,277736,2008,8
"""Durch neue Beschichtungen auf der Kettenoberfläche wird zum einen der Verschleiß vermindert und zum anderen der Reibwert verringert"", versichert Sebastian Weise von der Professur Fördertechnik der TU Chemnitz und ergänzt: ""Dafür wurden amorphe Kohlenstoffschichten und Kohlenstoff-Stickstoffschichten im Magnetron-Sputter-Verfahren auf typische, polymere Kettenwerkstoffe aufgebracht.",0,413554,2011,8
"Wie genau diese Kooperation zwischen Tumorzellen funktioniert, ist bisher noch unklar und erschwert medizinische Behandlungen, die versuchen, das Tumorwachstum zu bremsen.",0,622360,2015,8
"Die Studie zeigt, dass bei Nierenkrebspatienten mit nachweisbaren T-Zell-Reaktionen gegen zwei oder mehr tumor-assoziierte Peptide (TUMAPs) Immunreaktion und klinischer Verlauf eindeutig miteinander in Zusammenhang stehen.",0,489963,2012,8
"Markus Fischer sieht darin eine vielversprechende Perspektive: „Eine über die Zeit variierende Bewirtschaftungsintensität könnte eine neue Strategie sein, um die biologische Vielfalt von Grünland zu erhalten, zum Beispiel durch die jährlich wechselnde Anzahl von Weidetieren oder eine unterschiedlich häufige Mahd.“ Besonders die selteneren der untersuchten Arten profitierten von einer variierenden Landnutzung: Bei mittlerer Landnutzungsintensität war die Vielfalt solcher seltenen Arten doppelt so hoch, wenn die Landnutzungsintensität zwischen den Jahren variiert wurde, und erhöhte sich von 18% auf 31% des Maximums.",0,568060,2014,8
Epub 2011 May 23 Kontakt: Prof. Dr. Tobias B. Huber Abteilung für Nephrologie und Allgemeinmedizin Universitätsklinikum Freiburg und BIOSS –Centre for Signalling Biological Studies Universität Freiburg Tel.,0,428265,2011,8
"Dieser bisher nur innerhalb der Konsumentenforschung untersuchte Aspekt stellt gleichzeitig den Beweis dafür dar, dass für eine Analyse des persönlichen Verkaufs als Interaktion die Methoden und Erkenntnisse aus der Konsumentenforschung genutzt werden können.",3,42136,2001,8
Dies soll durch das Verfahren der Kundenorientierten Qualitätstestierung unterstützt werden.“ Mit dem aktuellen Leitfaden für die Praxis für die Kundenorientierte Qualitätstestierung Sozialer Dienstleistungsorganisationen liegt nun die zweite überarbeitete Modellversion von KQS vor.,0,628258,2015,8
Die Ergebnisse des ersten Quartals 2012 erscheinen im März 2012.,0,456995,2011,8
"Aber welche Angebote sind nicht nur technisch machbar, sondern auch sinnvoll und erfolgversprechend?",0,42739,2001,8
"Die von uns nachgewiesenen Mechanismen könnten aber auch wichtige Rollen bei anderen Erkrankungen wie Schizophrenie oder Sucht spielen.""",0,148243,2006,8
"Bode und Wilke haben für ihre Studie in den vergangenen zweieinhalb Jahren Bürger zu ihrer Vorsorgesituation interviewt, Berater von Verbraucherzentralen befragt und Längsschnitterhebungen ausgewertet.",0,608014,2014,8
Sie ist als Printversion zum Preis von 49 € im IAO-Shop sowie als kostenfreier Download unter www.itbusinessmodels.org erhältlich.,0,392319,2010,8
"Denn dann fließt regelmäßig Geld ins Portemonnaie und auch Spargroschen fürs Alter können abgezwackt werden“, sagt Prof. Dr. Brettschneider.",0,456995,2011,8
Aber diese Diskussionen sollten besonnen und sachlich geführt werden.,0,450177,2011,8
Zugleich seien die deutschen Arbeitskosten deutlich niedriger als in den meisten dieser Länder.,0,592767,2014,8
"Auch der Kraftstoffverbrauch von Motoren kann reduziert werden, wenn für eine optimierte Regelung geeignete Steuereinheiten mit höherer Leistungsfähigkeit verfügbar gemacht werden.",0,401466,2010,8
"Die Ergebnisse dieses Engagements sprechen für sich: 92% der austauschenden Betriebe beurteilen ihre Erfahrungen mit der grenzüberschreitenden Mobilität ihrer Auszubildenden und jungen Fachkräfte ebenso wie die mit ihren ""Gästen"" rundherum positiv, und von den jungen Leuten, die bereits über Auslandserfahrungen verfügen, würden annähernd drei Viertel gerne erneut ins Ausland gehen.",0,50962,2002,8
"Für ihre persönliche Zukunft sind die Österreicher (60%), die Deutschen (57%) und die Italiener (53%) am zuversichtlichsten.",0,263257,2008,8
Ähnliches gilt auch für die Förderung des Technikeinsatzes in den altenbezogenen Dienstleistungen.,0,78869,2004,8
"„Daher kann der Torwart nicht auf den Schützen reagieren, sondern muss sich zeitgleich mit dem Schützen entscheiden, ob und wohin er springt.",0,595386,2014,8
Der gesamtwirtschaftliche Schaden betrug damals 13 Milliarden Euro.,0,228192,2007,8
"Der wissenschaftliche Bereich des BBR unterstützt die Bundesregierung fachlich bei Aufgaben der Raumentwicklung, der Stadtentwicklung, des Wohnungswesens und bei Grundsatzfragen des Bauwesens.",0,244578,2008,8
"Die State University of New York in Stony Brook gehört zu den führenden politikwissenschaftlichen Forschungseinrichtungen in den USA, insbesondere im Bereich der Wahl- und Einstellungsforschung.",0,50348,2002,8
"Die interdisziplinären Forschungsgruppen konzentrieren sich auf neue Technologien, Industrie- und Serviceinnovationen, Energiepolitik und nachhaltiges Wirtschaften sowie auf die Dynamik neuer Märkte und die Innovationspolitik.",0,161084,2006,8
Mit seinem besonders einfachen Konzept ist er auf Robustheit und Wirtschaftlichkeit getrimmt.,0,633037,2015,8
"Die Partner des Konsortiums sind: CUBE Engineering GmbH, Deutscher Wetterdienst, ENERCON GmbH, Fraunhofer-Institut für Windenergie und Energiesystemtechnik (IWES), ÖKOBIT GmbH, Fachgebiet Elektrische Energieversorgung der Leibniz Universität Hannover, Siemens AG, SMA Solar Technology AG, SolarWorld AG und die Agentur für Erneuerbare Energien.",0,559168,2013,8
"Matthias Groß und Rüdiger Mautz kommen zu dem Ergebnis, dass der gegenwärtige Energiewechsel hin zu erneuerbaren Energien, sofern er gesellschaftlich an den Zielen „Klimaschutz“ und „Nachhaltigkeit“ ausgerichtet sein soll, sich in einem zentralen Punkt von bisherigen Formen des energietechnischen Wandels zu unterscheiden hätte: Im Fall der erneuerbaren Energien geht es nicht darum, den bisher genutzten fossilen und atomaren Energien lediglich ein neues Set an Energiequellen hinzuzufügen.",0,642491,2015,8
"Nicht einmal jeder fünfte befragte Bayer weiß bislang, wann der Volksentscheid stattfinden wird.",0,373678,2010,8
"In bestimmten Supraleitern kann zwar durch ein von außen angelegtes Magnetfeld ein ferromagnetischer Effekt erzeugt werden, aber die wenigen bisher bekannten Stoffe mit dieser Eigenschaft waren chemisch kaum modifizierbar und konnten wegen der erforderlichen extrem niedrigen Temperaturen nur mit großem Aufwand untersucht werden.",3,607636,2014,8
Seit Ende der 90er Jahre liegt die Größe des deutschen Niedriglohnsektors leicht über dem EU-Durchschnitt.,0,104206,2005,8
Die Heilung des Knochenbruchs macht seitdem gute Fortschritte.,0,71744,2003,8
"„Die Milliarden-Überschüsse bei den gesetzlichen Krankenkassen schüren die Hoffnung, dass auch für den einzelnen Beitragszahler am Ende mehr übrig bleibt“, erklärt Prof. Dr. Frank Brettschneider von der Universität Hohenheim, der die Allianz Zuversichtsstudie wissenschaftlich begleitet.",0,469049,2012,8
"Bei den meisten Patienten tritt die Krankheit spontan auf, mit noch unbekannter Ursache.",0,208186,2007,8
Freundschaft gewinnt in diesen beiden - aber auch in den anderen untersuchten - Kulturen im Jugendalter zentrale Bedeutung.,0,53001,2002,8
"""Dadurch, dass ein Tier problemlos mehrere Wundkammern tragen kann, sind erstmals standardisierte Vergleiche in der Wundheilungsforschung möglich, was gleichzeitig die Anzahl der benötigten Versuchstiere deutlich reduziert"", erläutert Dr. Steinsträßer die Vorteile des Systems.",0,79892,2004,8
"Auf tatsächliche Implementierung übertragbarer Sicherheitsbeweis Hier setzt Grandys Doktorarbeit an: Sie führt - basierend auf Theorien zur formalen Verfeinerung von Systemen - bisherige Verifikationsansätze bis zur Codeebene fort und liefert als Hauptergebnis eine Spezifikations- und Verifikationsmethodik, die es erlaubt, formale Beweise für die Sicherheit von Anwendungen auf einem Modell zu führen und diese dann formal korrekt auf eine tatsächliche Implementierung des Systems zu übertragen.",0,286442,2008,8
Dr.-Ing.,0,232633,2007,8
Beim Gedanken an die Zukunft Deutschlands hat sich der Stimmungspegel im ersten Quartal 2014 gegenüber dem Vorjahreszeitraum sogar leicht erhöht (plus drei Prozentpunkte).,0,578477,2014,8
"Dies gilt insbesondere, wenn sie den Eindruck haben, zu Unrecht negativ begutachtet worden zu sein.",0,70147,2003,7
Besonders auf diesem Gebiet hat das GFZ langjährige Erfahrung in der Satellitenbahnbestimmung.,1,457578,2011,7
"Um der Frage der chronologischen Entwicklung von zerebralen Aneurysmen nachzugehen, haben die Wissenschaftler, geleitet von PD Dr. Nima Etminan, Klinik für Neurochirurgie des Universitätsklinikums Düsseldorf, die Radiocarbondatierungs-Methode* zur Altersbestimmung des Hautbestandteiles von zerebralen Aneurysmen, des Kollagen Typ I und V genutzt.",0,592937,2014,7
Die Gestaltung und Steuerung von Dienstleistungsunternehmen unter dem Aspekt der Kundenintegration ist zentrales Thema des neu geschaffenen Douglas-Stiftungs-lehrstuhls für Dienstleistungsmanagement.,1,21728,2000,7
"Die ausführlichen Ergebnisse der Studie zu den wesentlichen Zukunftstrends, Erfolgsmustern und Entscheidungsfaktoren für internationale Standortstrategien in der Automobilzulieferindustrie und die Grundprinzipien des entwickelten Tools hat das Fraunhofer ISI in einem Buch zusammengestellt: Steffen Kinkel, Christoph Zanker Globale Produktionsstrategien in der Automobilzulieferindustrie - Erfolgsmuster und zukunftsorientierte Methoden zur Standortbewertung Springer-Verlag, Heidelberg 2007, ISBN 978-3-540-70795-0 Kontakt:	Dr. Steffen Kinkel Telefon: (0721) 6809 - 311 E-Mail: steffen.kinkel@isi.fraunhofer.de Die Presseinformationen des Fraunhofer ISI finden Sie auch im Internet unter <www.isi.fraunhofer.de/pr/presse.htm.",1,221444,2007,7
Teil der Studie ist eine repräsentative Umfrage bei rund 600 IKT-Unternehmen.,0,454801,2011,7
Es verunsichern die Diskussionen um die Zukunft des Euros.,1,443124,2011,7
"Während in einer Umfrage des Zentrums für Nachhaltige Unternehmensführung (ZNU) gemeinsam mit der LebensmittelZeitung vor fünf Jahren noch 30 Prozent der befragten Unternehmen Nachhaltigkeit als reines „grünes Feigenblatt“ ansahen, sind dies laut aktuellen Umfragewerten heute lediglich noch zehn Prozent.",1,626912,2015,7
Das fördert derzeit die Zuversicht für die kommenden Monate.“ Baden-Württemberg und Norddeutschland sind am zuversichtlichsten In fast allen Regionen des Landes sehen die Menschen die Gesamtsituation Deutschlands und ihre persönliche Lage in den kommenden zwölf Monaten positiver als vor einem Jahr.,1,485454,2012,7
Sie informiert regelmäßig und aktuell über Fragen der räumlichen Entwicklung in Deutschland und Europa.,0,425276,2011,7
"Das Team rund um den Geschäftsführer Dr. Thomas Müller-Wirts ist darauf spezialisiert, Forschungserkenntnisse und Entwicklungsideen in praxistaugliche Produkte umzusetzen.",0,330576,2009,16
"Prototyp in Arbeit Die These der Grazer Forscher besagt, dass ein geeignetes Netzwerk neuartiger elektronischer Bausteine mit neuronenartigem Verhalten ebenfalls in der Lage sein kann, aus einer großen Anzahl von unsicheren Fakten und Vermutungen intelligente Schlüsse zu ziehen.",3,450038,2011,16
"Zwei weitere Beiträge im neunten Heft des Junge Akademie Magazins sind unkonventionellen und höchst unterschiedlichen Projekten der Arbeitsgruppe Grenzen gewidmet: einer Analyse angeblich nachhaltiger Naturfaserprojekte auf den Philippinen sowie den strategischen Praktiken der Grenzziehung und Grenzverwischung, mittels derer sich die ""Kulturwissenschaft(en)"" im deutschsprachigen Raum zu etablieren versuchen.",1,299845,2009,16
"Dies bestätigt auch die neu erschienene Studie des Fraunhofer IAO, die auf einer Befragung von insgesamt 114 deutschen IT-Anbietern basiert.",1,392319,2010,16
"87% bzw. 72% derjenigen, die angeben, sie empfinden das Beratungsprotokoll als sehr nützlich, gaben ebenfalls an, das Protokoll helfe ihnen eher oder sehr bei der Nachvollziehbarkeit der Beratung bzw. beim Erkennen der mit der Beratung und dem empfohlenen Produkt verbundenen Kosten.",1,623789,2015,16
Diese Aufgabe übernimmt der VDI Verein Deutscher Ingenieure.,0,517667,2013,16
"Noch heute gibt es dort, in den wenigen verbliebenen Hochlandwäldern, Wildkaffee, der gehandelt wird.",1,228935,2007,16
"Auch wenn gute Argumente wie Nähe zum Kunden, Markterschließung oder Kostensenkung für eine Auslandsproduktion sprechen, sollte diese schwerwiegende Entscheidung nur nach einer fundierten Analyse der Vor- und Nachteile getroffen werden.",1,221444,2007,16
"Alterswarzen sind gutartige Hauttumoren, die vor allem in der zweiten Lebenshälfte in großer Zahl auftreten können.",1,400214,2010,16
"Einige Theorien besagen, dass zerebrale Aneurysmen sich bilden und dann mit einer konstanten Rate wachsen, während mathematische Simulationen nahelegen, dass sich bei Aneurysmen Episoden von Wachstumsstillstand mit struktureller Stabilität und Wachstum abwechseln.",3,592937,2014,16
Gefühlsmäßig scheinen Griechenland und Spanien für die meisten weit weg.,1,485454,2012,16
Zur Vorfreude auf die Fußball-Europameisterschaft 2008: Im europäischen Vergleich belegt Deutschland mit 25 Prozent den vierten Platz.,0,263257,2008,16
"Jeder, der bereits einmal ein größeres Loch im Kopf hatte oder einen komplizierten Knochenbruch und daher Haut oder Knochen implantiert bekommen musste, weiß, wie langwierig er oft ist: Der Prozess, bis die Verletzung wieder vollkommen verheilt ist.",2,646560,2016,16
"Biotechnische Produktionsverfahren bieten enorme Potenziale für mehr Innovationen, Wachstum und Beschäftigung.",1,215062,2007,16
Kombilöhne schaffen kaum zusätzliche Beschäftigung für gering Qualifizierte.,1,151995,2006,16
"Das Leibniz-Rechenzentrum stellte den Benchmarking-Experten der Herstellerfirma SGI einen ""Single-system Image Node"" mit 1024 Itanium-Rechenkernen und 4 TeraByte Hauptspeicher unter dem Novell SuSE Linux-Betriebssystem zur Verfügung.",0,335764,2009,16
"Für die Wirtschaft wiederum lohne insbesondere der Blick auf künstlerische Produktion und Kommunikation – „gerade die Inszenierungsformen der zeitgenössischen Kunst mit ihren Techniken der Aufladung und Wertsteigerung sind für Unternehmen außerordentlich aufschlussreich“, findet Tröndle.",1,467617,2012,16
"In der Bevölkerung wächst die Sorge, dass die Energiewende länger als geplant auf sich warten lässt.“ Die Zuversicht für das persönliche Leben ist unerschütterlich Beim Blick auf die einzelnen Lebensbereiche bleibt die Stimmung wie vor einem Jahr weitgehend auf hohem Niveau.",1,539689,2013,16
"Dass die Karrierechancen von Frauen längst kein „Orchideenthema“ mehr sind, wurde auch daran deutlich, dass entsprechende Projekte in den Unternehmen direkt beim Vorstand aufgehängt sind.",1,485958,2012,16
Die aktuelle Lage Deutschlands hingegen wird nach wie vor verhalten empfunden.,0,251843,2008,16
Die Landwirte erwarten große Einbußen.,1,539689,2013,16
"Der Text kann schon vorab bei der Pressestelle angefordert werden, der Abdruck ist kostenfrei.",0,12696,1999,16
Der Dienstleistungssektor trägt inzwischen über 60 Prozent zur Beschäftigung und zur Wertschöpfung der baden-württembergischen Wirtschaft bei.,0,78821,2004,16
"Für Gesamtdeutschland ergibt sich daraus ein Niedriglohnanteil von 22,1% (Westdeutschland 21,9 % und Ostdeutschland 23 %).",0,142462,2006,16
"So können zum Beispiel bildnerische Methoden kreatives Schreiben anregen“, sagt Prof. Dr. Susanne Liebmann-Wurmer, Inhaberin des Lehrstuhls für Kunstpädagogik der FAU.",0,597902,2014,16
Doch nicht nur für Zuwanderer haben Einbürgerung und Integration in den Arbeitsmarkt Vorteile: Sie kommen auch den Aufnahmeländern in Form von steuerlichen Mehreinnahmen und verringerten Sozialausgaben unmittelbar zu Gute und führen so insgesamt zu einem größeren gesellschaftlichen Zusammenhalt.,1,624783,2015,16
"Experimentierorte können so verschiedenartig sein wie die Raumpioniere, die sie besetzen, oder die Enthusiasten, die kleine Start-Ups für die Vermarktung ihrer Ideen gründen.",1,627876,2015,16
"Beim Elfmeter benötigt der Ball nur rund 0,3 Sekunden bis zum Tor.",0,595386,2014,16
Eine beträchtliche Zahl von Bürgern war damit nicht einverstanden und setzte ein erfolgreiches Volksbegehren in Gang.,1,373678,2010,16
"An Küsten und Meeren wurden auf 32,8 % der marinen Fläche Deutschlands und auf 15,6% der Fläche der Ausschließlichen Wirtschaftszone (AWZ) Vogel-schutzgebiete eingerichtet.",0,348433,2009,16
Unsere Expertise liegt in der fundierten wissenschaftlichen Kompetenz sowie einem interdisziplinären und systemischen Forschungsansatz.,0,564747,2013,22
"Diese als ""CocoaHeal"" bezeichnete Substanz wirkt wachstumsfördernd auf Hautzellen, die so genannten Keratinozyten.",0,186419,2006,22
Solche Laserpulse führen unter anderem zu einem besseren Verständnis von chemischen Prozessen in Molekülen.,0,621130,2015,22
Über die Zeit hinweg nahmen die Befragten aus beiden Kulturen das Problem unterschiedlich wahr: Die westlichen Kinder und Jugendlichen sahen einen Konflikt zwischen individuellem Glück und normativen Prinzipien wie Zuverlässigkeit und Treue in Freundschaften.,0,53001,2002,22
"""Dies belegt einmal mehr, dass Sicherheitstechnologien ihre volle Wirksamkeit nur durch konsequente Aufklärung und Sensibilisierung entfalten können - dazu möchten wir mit unseren Untersuchungen beitragen"", sagt Adelsbach.",0,92384,2004,22
"Die Wissenslücke über die zentrale Bedeutung eines funktionierenden Immunsystems für unsere Gesundheit zu schließen, ist ein weiteres Ziel von EFIS.",0,332897,2009,22
"Unser Entwurf für das Schulgesetz trägt dem Rechnung.""",0,161353,2006,22
Leistungsfähigkeit und Erfolg der Patentagenturen sind von Kienbaum sowohl qualitativ als auch quantitativ erfasst worden.,0,73437,2003,22
Auch die Arbeitsintensität weist krisenbedingt weiterhin ein hohes Niveau auf.,0,643021,2015,22
"In diesem Projekt, das seit 2008 vom Bundesministerium für Ernährung, Landwirtschaft und Verbraucherschutz (BMELV) finanziell gefördert wird, sind drei Doktorarbeiten einge-bunden.",0,330576,2009,22
"""Dies bedeutet allerdings, dass an die Stelle steiler Betriebszugehörigkeits-Lohnprofile neue und möglicherweise teurere Instrumente der Mitarbeiterbindung wie individuelle Leistungslöhne und Beförderungswettbewerbe treten müssen"", erklärt Zwick.",0,418847,2011,22
Hier verzeichnet die Zuversicht in die Wirtschaft im Vorjahresvergleich zweistellige Zuwächse auf über 60 Prozent in Baden-Württemberg und Hessen (+26 Prozentpunkte und 31 Prozentpunkte) und 56 Prozent in Nordrhein-Westfalen (+11 Prozentpunkte).,0,592837,2014,22
"Das Buch richtet sich an Entscheidungsträger und Verantwortliche aller Branchen, die mit dem Thema Dienstleistungen in Berührung kommen.",0,300921,2009,22
"In der Vergangenheit kam es vielfach vor, dass Betroffene erst nach Jahren und langen Irrwegen zur Obergutachterstelle kamen, weil sie vorher diese Möglich-keit nicht kannten oder ihre Anwälte glaubten, seit Inkrafttreten der neuen Fahr-erlaubnisverordnung 1999 gebe es keine Obergutachten mehr.",0,70667,2003,22
"""AID ist das Mastergen für die Hypermutation"" erklärt Buerstedde.",0,183449,2006,22
"„Je länger ein Organ bei einem Patienten funktioniert, desto später benötigt er ein neues Spenderorgan, so dass auch der ohnehin zu große Wartepool entlastet wird.“ Unzulässig sei es dagegen, einen Patienten nur deshalb zu benachteiligen, weil er wegen einer chronischen Grunderkrankung oder seines hohen Alters eine geringere Lebenserwartung hat.",0,490050,2012,22
"Um künftig mögliche Gefahren durch Datenverarbeitungspraktiken besser beurteilen zu können, müssen viele Technikanbieter und Systembetreiber ab 2018 bei ihren Angeboten und Diensten Datenschutz-Folgenabschätzungen vornehmen.",0,648014,2016,22
"Forschung zu frühkindlicher Bildung und Entwicklung Einladung zum Festakt anlässlich des fünfjährigen Bestehens des Kompetenzzentrums Frühe Kindheit Niedersachsen am Freitag, 29. Juni 2012, um 10:00 Uhr, Audimax, Stiftung Universität Hildesheim Grußworte sprechen der niedersächsische Kultusminister Dr. Bernd Althusmann, Universitätspräsident Prof. Dr. Wolfgang-Uwe Friedrich und Prof. Dr. Peter Cloos, Erziehungswissenschaftler und Sprecher des Kompetenzzentrums Frühe Kindheit Niedersachsen.",0,484217,2012,22
"Sie greifen dabei auf umfangreiche empirische Erhebungen in der Elektroindustrie, der ITK-Industrie und der Bankenwirtschaft zurück.",0,485958,2012,22
"„Die Themenvielfalt belegt, dass der Naturschutz in der Gesellschaft angekommen ist und mit seinen vielfältigen Beiträgen sehr nachhaltig zur Förderung des Allgemeinwohls beiträgt“, so Jessel weiter.",0,477839,2012,22
"Deswegen hält sie es auch für sinnvoll, dass sich Unternehmen hinsichtlich der dynamischeren und komplexeren Systemänderungen für das Thema Diversität bewusst öffnen: „Im Moment liegt vielerorts Potential brach – durch die Etablierung weiblicher Führungskräfte erscheinen Unternehmen auch anderen sehr gut ausgebildeten Frauen als attraktiver Arbeitgeber.",0,594154,2014,22
"Die 1977 von Reinhard Mohn gegründete, gemeinnützige Einrichtung hält die Mehrheit der Kapitalanteile der Bertelsmann AG.",0,166489,2006,22
"Neue Forschungsergebnisse stellen die grundlegende Arbeitshypothese eines linear mit der Strahlendosis zunehmenden Risikos ohne Schwellenwert immer mehr in Frage, da bei niedrigen Dosen und Dosisleistungen andere Reaktionsmechanismen als bei hohen Dosen auftreten können.",0,75785,2004,22
"Deutlich mehr Zuversicht ins Privatleben als in die Zukunft des Landes Insgesamt schätzten die Menschen in Deutschland ihre aktuelle persönliche Lage (54%) deutlich zuversichtlicher ein, als die Lage der Nation (26%).",0,280861,2008,22
"Kostenfragen Von Modell A bis D steigt die Effizienz, mit der die Fusionsenergie aus dem Blanket abgezapft werden kann sowie - mit steigender Kühlmitteltemperatur - der Wirkungsgrad der Stromerzeugung.",0,145375,2006,22
"Vielmehr sind rund 43% der Niedriglohnbeschäftigten in Vollzeit tätig, 74% haben eine abgeschlossene Berufsausbildung oder sogar einen akademischen Abschluss und 33% sind Männer.",0,142462,2006,22
"Für das Verhältnis von Fett und Muskulatur versprachen zwei Methoden den größten Erfolg: Das intensive Training mit mehreren Durchgängen pro Einheit – und das Training mit nur einem Durchgang, aber bei einer zusätzlichen Nahrungsergänzung mit hochwertigem Eiweiß.",1,585542,2014,22
"""Wer bereits als Schüler Verantwortung und Führungsaufgaben - etwa als Klassensprecher - übernimmt und sich initiativ und experimentierlustig zeigt, der besitzt mit hoher Wahrscheinlichkeit auch das Zeug zum Unternehmer.""",0,38164,2001,22
"Es handelt sich dabei um die bisher einzige prospektiv geplante Studie mit einer Kontrollgruppe: Sie vergleicht insgesamt 52 Patienten mit einer schweren oder sehr schweren aplastischen Anämie im Alter unter 18 Jahren, bei denen die immunsuppressive Therapie im ersten Anlauf versagt hatte: 31 von ihnen erhielten anschließend eine Stammzelltransplantation von einem nicht verwandten Spender.",0,247540,2008,22
"Während in Westdeutschland drei Viertel der Dienstleister aus den berücksichtigten Branchen ihre Leistungen im Ausland absetzen, tut dies nur gut die Hälfte der ostdeutschen Unternehmen.",0,168604,2006,22
"Über einen solchen Klassenunterschied zwischen den Elektronen in einem eisenbasierten Hochtemperatursupraleiter, der dafür verantwortlich ist, dass Vorboten der Supraleitfähigkeit in diesem Material bereits weit oberhalb der kritischen Sprungtemperatur auftreten, berichtet ein Team von Forschern des Zentrums für Elektronische Korrelationen und Magnetismus (EKM) der Universität Augsburg und der Moldawischen Akademie der Wissenschaften in einem Beitrag im renommierten Wissenschaftsjournal ""Nature Communications"".",0,573145,2014,22
"Im Gegenzug gewinnen psychologische Faktoren (wie Krankheitsverarbeitung, Angst, Erwartung, frühere Erlebnisse etc.) eine zunehmende Bedeutung.Erst vor zehn bis 15 Jahren hat die Wissenschaft zu verstehen begonnen, wie die vielschichtige Erfahrung von Schmerz in unserem Gehirn entsteht und vor allem wie das Gehirn selbst in der Lage ist die Schmerzwahrnehmung positiv oder auch negativ zu beeinflussen.",0,272947,2008,22
"(0228) 8491-4444, presse@bfn.de, bezogen werden.",0,532272,2013,22
Quartal 2013 wurden 1.520 Interviews geführt.,0,552113,2013,22
"An vielen Standorten wird im Bereich der Informationstechnologie (IT) gearbeitet, doch gibt es noch zu wenige Aktivitäten im Kerngebiet der IT-Sicherheit, bemängelt Kaderali.",0,18127,2000,22
Der Ausbau der Gesundheitssysteme und weitere Entwicklungen haben in den letzten Jahren zu einer deutlichen Verbesserung der Gesundheitsversorgung geführt.,0,470200,2012,22
"Um die Entscheidung pro oder contra Verlagerung auf ein stabiles Fundament zu stellen, hat das Karlsruher Institut ein neues Bewertungsinstrument entwickelt.",0,221444,2007,22
"Damit soll zum einen das Kernziel der nachhaltigen Entwicklung im Land, der Schutz der Umwelt, mit Nachdruck weiter verfolgt und zum anderen die Umweltpolitik noch stärker mit wirtschaftlichen und sozialen Zielen verknüpft werden.",0,117382,2005,22
Zentrale Voraussetzung für eine erfolgreiche Internationalisierung ist der Innovationsvorsprung der eigenen Produkte und Dienstleistungen.,0,454801,2011,22
Denn die Entscheidung für eine umfassende energetische Gebäudesanierung ist komplex und – neben dem reinen Finanzierungsrisiko – gleich mit mehreren Unsicherheiten behaftet: Wird die Sanierung in technischer Hinsicht richtig ausgeführt?,1,630597,2015,22
"Während in der Vergangenheit vor allem auf wenig nachhaltige Konzepte wie „Offshoring“ gesetzt wurde, wird heute immer mehr das „global integrierte Unternehmen“ zur neuen Leitvorstellung.",0,512738,2012,22
Ihre wirtschaftliche Situation unterscheidet sich im Laufe der Zeit nicht mehr von Zuwanderern aus entwickelteren Ländern.,0,624783,2015,22
"Zudem sollten gesamtgesellschaftlich wünschenswerte Leistungen, die nicht nur den Versicherten zu Gute kommen, durch stärkere Steuertransfers in die Sozialversicherung bezahlt werden.",0,326174,2009,22
"Der neue Ausbildungsberuf ""Automobilkaufmann/frau"" hat sich seit seinem Erlass im Jahr 1998 mit großem Erfolg in der Praxis etabliert: So konnten rund 950 bisher nicht ausbildende Betriebe bereits ein Jahr nach Ausbildungsbeginn zusätzlich für den Einstieg in die Berufsausbildung gewonnen werden - ein Ergebnis mit sehr positiven Auswirkungen auf die Entwicklung der Ausbildungsverhältnisse: 1998 wurden die ersten über 2 400 Ausbildungsverträge geschlossen, im zweiten Jahr der Ausbildung wurden insgesamt über 5 800 Ausbildungsverhältnisse gezählt, 2000 waren es mehr als 8 900 und 2001 stieg die Zahl noch einmal auf 9 597.",1,63427,2003,22
Mehrere FORCiM³A-Ergebnisse wirken bereits jetzt in die Entwicklung und Umsetzung neuer Produkte der Industriepartner hinein.,0,634631,2015,22
B. ist die Körperabwehr gestört und krankmachende Bakterien und Pilze können sich ungehindert in der Wunde vermehren.,0,79892,2004,22
"Zu diesem Zweck unterstützt EFIS den European Congress of Immunology (ECI), Fachtagungen, Workshops sowie die Kongressteilnahme und Laboraufenthalte für jüngere Immunologen.",0,332897,2009,22
„Deutschland steht mit seiner FuE-Intensität im internationalen Vergleich sehr gut da.,0,370249,2010,22
"Der Staat mit seinen öffentlichen Einrichtungen sollte dabei eine positive Vorreiterrolle spielen.""",0,71147,2003,22
Dieselbe positive Tendenz zeigt sich beim Blick in die persönliche Zukunft.,0,485454,2012,22
"Die Chancen, dass es sie einst tatsächlich gibt, seien trotz der ernüchternden Erfahrungen in den 90er Jahren gewachsen, meint Hilz: ""Großbritannien hat erst jüngst im Irak-Krieg wieder erfahren müssen, dass es keinen Sinn macht, sich in der Außenpolitik immer einseitig an den USA zu orientieren.""",0,141817,2006,22
Therapie der Wahl für verschiedene Erkrankungen Auf Grundlage Evidenz-basierter klinischer Studien sind intravenöse Immunglobuline nun die Therapie der Wahl beim Guillain-Barré-Syndrom und bestimmten Nervenentzündungen wie der chronisch-demyelinisierenden Polyneuritiden und der multifokalen motorischen Neuropathie.,1,191915,2007,22
"""Diese international beachteten Leistungsrekorde bestätigen das LRZ erneut darin, mit seinen Auswahlkriterien zu gewährleisten, dass der Höchstleistungsrechner für ein breites Spektrum von wissenschaftlichen Anwendungen Spitzenleistung zur Verfügung stellt"" sagte Prof. Arndt Bode, Vorsitzender des Direktoriums des LRZ.",1,335764,2009,22
:	+49-209/1707-176 Fax:	+49-209/1707-110 E-Mail:	braczko@iatge.de info@iatge.de WWW:	<http://iat-info.iatge.de>,0,142462,2006,22
"Normalgewichtige Frauen zeigten ein höheres Selbstwertgefühl, wenn auf den Bildern moderat dünne Models anstelle von moderat molligen Models abgelichtet waren.",0,361714,2010,22
"Sonnenlicht besteht aber nicht nur aus UV-Strahlung, sondern aus zumindest drei biologisch aktiven Teilen von Strahlung: ultravioletter Strahlung (UV), sichtbarem Licht (VIS) und Infrarot (IR).",0,103473,2005,22
"Originalbeitrag Takatoshi Iijima, Karen Wu, Harald Witte, Yoko Hanno-Iijima, Timo Glatter, Stéphane Richard, Peter Scheiffele SAM68 regulates neuronal activity-dependent alternative splicing of Neurexin-1 Cell, Volume 147, Issue 7, 1601-1614, 23 December 2011 | doi: 10.1016/j.cell.2011.11.028 Weitere Auskünfte Prof. Dr. Peter Scheiffele, Biozentrum der Universität Basel, Klingelbergstrasse 50/70, 4056 Basel, Tel.",0,457640,2011,22
Den Betreibern von Marktplätzen bieten sich noch deutliche Verbesserungspotenziale.,1,67258,2003,22
"Agostino Cisco, Direktor HR Development der Accor Hotellerie Deutschland GmbH, ist von den Möglichkeiten des ServLabs begeistert.",1,232633,2007,22
"Düsseldorf/Gütersloh, 26. Mai 2006.",0,161353,2006,22
"Ob die zum Markenimage passen, läßt sich also testen.",0,636586,2015,22
"Hierbei handelt es sich um einen Schreitbagger, der als flexibles Werkzeug für Rettungs- und Bergungsaufgaben genutzt werden kann.",0,573510,2014,22
Allerdings ist „Blue Hospital“ kein Selbstläufer.,0,451418,2011,22
"Als Querschnitts-Ansatz betreffen Ökosystemleistungen eine Reihe von Politikfeldern, etwa die Naturschutz-, Wald-, Wasser- und Agrarpolitik.",0,533748,2013,22
"Sie berücksichtigt dabei erstmals niedersächsische Besonderheiten wie die Größe des Landes, die Relevanz der Landwirtschaft oder die ausgeprägte Automobilbranche.",0,349811,2009,22
"Laut Bosch ist es durchaus ökonomisch machbar und sinnvoll, die Beschäftigungsquote zu erhöhen, ohne dabei das amerikanische Modell mit hoher Lohnungleichheit zu übernehmen.",0,55874,2002,22
"„Das sind dann zum Beispiel zehn Minuten, in denen das System offen und damit unsicher ist.",0,566055,2013,22
"Die Analyse kommt zu dem Schluss, dass durch Änderungen des Schulklimas das Auftreten gewaltsamen Verhaltens verringert werden könnte.",0,530560,2013,22
"Ähnlich wie von der Expertenkommission zur „Stärkung von Investitionen in Deutschland“ vorgeschlagen, könnte ein geschlossener Fonds privates Kapital einsammeln und als Beteiligungskapital für Investitionen in die Gebäudeenergieeffizienz zur Verfügung stellen.",0,630597,2015,22
"Diese ""falsche"" Base wird anschließend aus der DNA ausgeschnitten, wodurch letztendlich eine Basenlücke entsteht.",0,183449,2006,22
"Allerdings wurde auch dargestellt, dass die Betriebe, wenn sie Nützlinge einsetzen wollen, den ergänzenden chemischen Pflanzenschutz an diese Strategie anpassen müssen.",0,192597,2007,22
"Vor diesem Hintergrund liegt eine vordringliche Forschungsaufgabe in der weiteren Aufklärung der Bioadhäsionsprozesse auf Zahnoberflächen (Proteinadsorption, bakterielle Adhärenz, Biofilmbildung, Signaltransduktion im Biofilm).",0,396586,2010,22
So werden neue Anforderungen an den Städtebau und die Verkehrsplanung formuliert und die Bedeutung der Stärkung regionaler Wirtschafts- und Stoffkreisläufe sowie der regionalen Entscheidungs- und Kooperationsstrukturen erläutert.,0,29413,2001,22
Unsere Presseinformationen finden Sie auch im World Wide Web (http://www.uni-koeln.de/organe/presse/pi/index.html).,0,70667,2003,22
"""Meine EURYI-Gruppe wird sich in Zukunft mit der Identifizierung der Signale befassen, die den Ruhezustand der Stammzellen regulieren"", betont Dieter Chichung Lie.",0,179539,2006,22
"9, 80796 München, +49 (0) 89 272921-0, andreas.boes@isf-muenchen.de Ansprechpartner für die Presse: Frank Seiss, Öffentlichkeitsarbeit am ISF München, +49 (0) 89 272921-78, frank.seiss@isf-muenchen.de",0,512738,2012,22
"„Spätestens seit der weltweiten Finanz- und Wirtschaftskrise sind eine einseitige Orientierung auf kurzfristige Gewinnziele, oft verbunden mit überzogener Risikobereitschaft, als Probleme einer kurzsichtigen Unternehmensausrichtung erkannt“, sagte der Vorsitzende des Deutschen Gewerkschaftsbundes (DGB) und des Vorstands der Hans-Böckler-Stiftung.",0,529031,2013,22
Außerdem bereiten Forscher des Jefferson Labs in den USA Messungen des Neutronenradius von Kalzium-48 vor.,0,640713,2015,22
"Neutrinos sind Elementarteilchen, die auch als Geisterteilchen bezeichnet werden, da sie nur extrem schwach mit der uns bekannten ""gewöhnlichen"" Materie in Wechselwirkung treten und diese nahezu ungehindert durchdringen.",0,408124,2011,22
Die Ergebnisse werden nun in der BfN-Schriftenreihe „Naturschutz und biologische Vielfalt“ (Band 112) veröffentlicht.,0,462603,2012,22
"Nur bei Mehrpersonenhaushalten kann es dem IAB zufolge ein Lohnabstandsproblem geben, weil hier die vom IAB errechneten ""effektiven Stundenlöhne"" aus Arbeitslosengeld II und Mehraufwandsentschädigung schon an der Obergrenze dessen liegen, was momentan auf Einstiegspositionen mit niedrigen Qualifikationsanforderungen verdient wird.",0,112829,2005,22
Schmacke sieht dadurch das hohe Maß an Sicherheit für Versicherte in der gesetzlichen Krankenversicherung nicht generell gefährdet.,1,75882,2004,22
Es wurden hierfür die Lohnsteigerungen von mehr als fünf Millionen Beschäftigten in knapp 6.000 Unternehmen über maximal sieben Jahre analysiert.,0,418847,2011,22
"""Ich bin natürlich sehr glücklich über die Anerkennung meiner Forschungsarbeit und freue mich insbesondere, dass der DGMP-Preis auf ein noch relativ junges Teilgebiet der Medizinischen Physik aufmerksam macht, das heute an der Schnittstelle zwischen Medizin und Physik, in der Forschung und Entwicklung, einen mehr und mehr unverzichtbaren Baustein in der Gesundheitsfürsorge darstellt"", sagte Professor Glatting, nachdem er von der bevorstehenden Preisverleihung durch Frau PD Dr. Sibylle Ziegler, Präsidentin der DGMP, erfahren hatte.",1,277736,2008,22
"Das Forscherduo Stelbe und Günther entwickelte ein mobiles System, mit dem komplexe CAD-Daten aus Bereichen wie Engineering, Fahrzeugbau, Architektur oder Luft- und Raumfahrt als digitales Modell visualisiert werden können.",0,33591,2001,22
"Bei zentrosymmetrischen Kristallen handelt es sich um Kristalle, die durch die Spiegelung an einem Symmetriepunkt auf sich selbst abgebildet werden können.",0,624936,2015,22
"In einer Übersichtsarbeit in der neuen elektronischen Fachzeitschrift ""GMS Krankenhaushygiene Interdisziplinär"" innerhalb des e-Journals ""German Medical Science"" der Arbeitsgemeinschaft der wissenschaftlichen medizinischen Fachgesellschaften AWMF werden die Ergebnisse u.a. von 4 wissenschaftlichen Studien erörtert: Wassergefiltertes Infrarot A (wIRA) als spezielle Form der Wärmestrahlung mit hohem Eindringvermögen in das Gewebe bei geringer Wärmeoberflächenbelastung vermag wesentliche, auch energiemäßig bedeutsame Faktoren der Wundheilung zu verbessern.",0,173140,2006,22
"Laut Forschungsdirektorin Dr. Claudia Weinkopf gelang es immerhin jedem zweiten Mann, innerhalb von fünf Jahren aus einem niedrig bezahlten Job in besser bezahlte Arbeit aufzusteigen, bei den Frauen hatte es nur jede Vierte geschafft.",0,284575,2008,22
"Die Haut ist nicht nur der bekannte „Spiegel der Seele”, sie kann auch zum Spiegel für Krankheits- und Heilungsprozesse werden.",0,441462,2011,22
Diese Einzelbewertungen der Bestände führten sie in eine Gesamtbewertung zusammen.,0,524198,2013,22
Der Verbleib im Unternehmen wird somit über die Jahre mit einer hohen Prämie belohnt.,0,418847,2011,22
Ein FAU-Forscherteam um Dr. Gerhard Krönke an der Medizinischen Klinik 3 – Rheumatologie und Immunologie des Universitätsklinikums Erlangen (Direktor Prof. Dr. Georg Schett) hat mit dem Rezeptor PPARβ/δ einen wichtigen Ansatzpunkt für eine neue Art der Therapie identifiziert: Der Rezeptor ist sowohl an der Steuerung von Knochenabbau als auch von Knochenaufbau beteiligt und ist damit einer der Schlüsselfaktoren für die Behandlung von unterschiedlichen Skeletterkrankungen.,0,526239,2013,22
Mit folgenden Ergebnissen: Von 16 Produkten bestanden vier die Filterdurchlass-Prüfung und vier die Gesamtleckage-Prüfung.,0,147560,2006,22
Dem Allzeitstimmungshoch zur wirtschaftlichen Lage im Juli dieses Jahres folgte im August ein jäher Stimmungsumschwung.,1,443124,2011,22
"Deshalb gibt es für viele auch keinen Grund, nicht optimistisch in die Zukunft zu sehen.""",0,294709,2008,22
"Die Beantwortung dieser Frage ist von großem Interesse in der Biochemie, weil es dann möglich wäre,die Stabilität empfindlicher Proteine, und damit ihren technischen Nutzen, zu verbessern.",0,21425,2000,22
Die Methode stellt so eine Grundlage für signifikante volkswirtschaftliche Kosteneinsparungen dar.,0,51804,2002,22
Sie schaffen alle zwei bis drei Jahre an ihren bestehenden inländischen Standorten Optimierungspotenziale von 15 bis 30 Prozent - die in Standortvergleichen aber üblicherweise nicht gebührend berücksichtigt werden.,0,221444,2007,22
"Bei dieser Gruppe von Erkrankungen kommt es zu einer krankhaften Engstellung der Blutgefäße in der Lunge, es fließen weniger rote Blutkörperchen an den sauerstoffreichen Lungenbläschen vorbei, Sauerstoffarmut ist die Folge.",0,545063,2013,22
"Effiziente Diodenlaser mit ausgeklügelter Montage Das Ferdinand-Braun-Institut, Leibniz-Institut für Höchstfrequenztechnik (FBH) hat die dafür benötigten maßgeschneiderten Diodenlaser entwickelt.",1,621130,2015,22
Die Arbeitsagenturen erhalten so einen Überblick über die Einstellung und Weiterbeschäftigung älterer Arbeitnehmer und für die Betriebe steigt die Sichtbarkeit der Förderung und damit die Anreizwirkung.,0,145591,2006,22
"Die bislang durchgeführten Studien ergaben, dass der entwickelte Sensor sehr gut für die Untersuchung von gestressten Pflanzen geeignet ist.",0,330576,2009,22
"Mehr als die Hälfte der Österreicher (64%), Deutschen (57%) und Spanier (55%) sind glücklich mit ihrer derzeitigen persönlichen Situation.",0,263257,2008,22
"Insgesamt wird es darauf ankommen, dass nicht einfach die konventionellen E-Commerce-Anwendungen des heutigen Internets ""auf das Handy"" gebracht, sondern die neuen Möglichkeiten der dritten Mobilfunkgeneration nutzt werden.",0,42773,2001,22
"In der Studie heißt es weiter: „Der Fiskalpakt gewährleistet mit der national einzuführenden Schuldenbremse, dass die Eurostaaten die Einhaltung der europäischen Stabilitätskriterien zu ihrer Sache machen, so dass eine im Vergleich zur derzeitigen Situation verbesserte Aussicht besteht, dass deren Einhaltung nachhaltig gesichert werden kann.“ Zumindest in seiner gegenwärtigen Ausgestaltung sollte daher, so der Berliner Rechtswissenschaftler, der auf dem EFSF aufbauende Europäische Stabilisierungsmechanismus ESM nach den Maßstäben des Bundesverfassungsgerichts in seinem früheren EFSF-Urteil verfassungsgemäß sein.",0,495203,2012,22
"Dieser Rechenknoten ist mit der Leistung von ein- bis zweitausend handelsüblichen PCs vergleichbar, wenn diese wie ein einziger großer Rechner mit gemeinsamem Hauptspeicher von 4.000 GigaByte genutzt werden könnten, auf den alle Prozesse gleichzeitig Zugriff haben, unter anderem dank sehr schneller interner Vernetzung.",0,335764,2009,22
"Durch die Vermeidung von Datenpannen erübrigen sich zudem Kosten für deren Behebung, mögliche Schadenersatzansprüche und Imageschäden in der Öffentlichkeit.",0,648014,2016,22
"Ziel der traditionsreichsten betriebswirtschaftlichen Hochschule im deutschsprachigen Raum ist die Ausbildung leistungsfähiger, verantwortungsbewusster und unternehmerisch denkender Führungspersönlichkeiten.",1,463161,2012,22
Die Studie »Urban Services« kann im IAO-Shop zum Preis von 10 Euro bestellt werden.,0,636226,2015,22
"Wissenschaftler, Experten der Veterinärverwaltung, Vertreter der Bauernverbände und der Fleischindustrie sowie Kenner der Politik in den EU-Mitgliedsstaaten haben am 25. und 26. September 2007 an der Stiftung Tierärztliche Hochschule Hannover über die Bekämpfung der Klassischen Schweinepest durch Notimpfungen diskutiert.",0,228192,2007,22
"Ein weiteres militärisch akzentuiertes Ziel ist die Kontrolle und Regierung dieses Kalifats, das als Islamischer Staat funktionieren und Dienstleistungen für die eigenen Bürger erbringen soll.",0,642209,2015,22
Weitere Informationen: Universität Bremen Institut Arbeit und Wirtschaft PD Dr. Irene Dingeldey E-Mail: dingeldey@iaw.uni-bremen.de Zentrum für Sozialpolitik (ZeS)Kontakt Prof. Dr. Karin Gottschall E-Mail: k.gottschall@zes.uni-bremen.de,0,537182,2013,22
In diesem Zusammenhang wirkt sich die weit verbreitete Praxis der großflächigen Gülleausbringung auf Acker- und Grünlandflächen besonders negativ aus.,0,42737,2001,22
"Dabei handelt es sich um Produkte, die zuvor noch von keinem anderen Unternehmen angeboten wurden.",1,148680,2006,22
"Gleichzeitig sei es gerade die Privatwirtschaft, die Mitverantwortung für Krisenprävention, Konfliktmanagement und Friedenskonsolidierung übernehmen sollte und auch schon übernommen hat Eine solche korporative soziale Verantwortung (corporate social responsibility) umfasst nicht nur die Mitverantwortung für die Vermeidung von Gewaltkonflikten und gewaltfreien Konfliktaustrag sondern auch die Stabilisierung friedlicher und gerechter gesellschaftlicher Verhältnisse.",0,153100,2006,22
"Langfristig sind die Alpenpflanzen damit aber nicht genügend geschützt, weil ihre genetische Vielfalt mit den heutigen Schutzgebieten nur unzureichend gesichert ist.",0,498223,2012,22
"Häufig starten die Wissenschaftler ohne konkrete Produktidee oder mit einem Produkt, das noch längst nicht marktreif ist oder vom Markt nicht angenommen wird.",0,161084,2006,22
0421 218 8131 Email: schmacke@uni-bremen.de,0,75882,2004,22
"Text: D. Elsner Kontakt für Medien: Prof. Dr. Frank Brettschneider, Universität Hohenheim, Fachgebiet Kommunikationswissenschaft insbesondere Kommunikationstheorie, T +49 711 459 24030, frank.brettschneider@uni-hohenheim.de",0,630227,2015,22
Eine solche Methode führt im Unterschied zu bisherigen Osteoporose-Therapien zur Erneuerung einer physiologischen Knochenstruktur.,0,526239,2013,22
Umso erfreulicher ist das gute Abschneiden der Lüneburger Erziehungswissenschaftler.,1,47188,2002,22
"Da der Fiskalpakt gerade dazu diene, die im Hinblick auf die Stabilitätskriterien bestehenden Vollzugsdefizite zu beheben, sei es schwer vorstellbar, dass das Bundesverfassungsgericht ihn für nicht vereinbar mit dem deutschen Verfassungsrecht hält.",0,495203,2012,22
Weitere Informationen und kostenloser Download des VDI-Statusreports „Additive Fertigungsverfahren“ unter www.vdi.de/statusadditiv.,0,610578,2014,22
"Auch bei einer ambitionierten Klimapolitik, die dem Pariser Klimaabkommen von 2015 folgt, wäre mit einem Meeresspiegelanstieg von 20-60 Zentimetern bis 2100 zu rechnen – daher die Bedeutung für den Küstenschutz.",1,646309,2016,22
"„Gesetzliche Grundlage hierfür ist das Drittelbeteiligungsgesetz, das für solche Gesellschaften jeden dritten Aufsichtsratssitz für einen Vertreter der Arbeitnehmer vorsieht“, erläutert Prof. Dr. Walter Bayer von der Friedrich-Schiller-Universität Jena (FSU).",0,636446,2015,22
"Abhängig vom verwendeten Substrat hafteten die Schichtwerkstoffe sehr gut auf dem polymeren Untergrund.""",0,413554,2011,22
"Angestoßen durch die geplante Einführung eines allgemeinen gesetzlichen Mindestlohnes wurden in einigen Niedriglohnbranchen tarifliche Stufenpläne zur Anhebung der untersten Tarifvergütungen auf mindestens 8,50 Euro vereinbart.",0,590336,2014,22
"Bundeswettbewerbs Jugend forscht am Sonntag in Ludwigshafen hat die Bundesministerin für Bildung und Forschung, Edelgard Bulmahn, deutlich gemacht, dass junge Menschen in Naturwissenschaften und Technik Spitzenleistungen bringen können, wenn man ihnen die Chance dazu gibt: ""Die großartigen Leistungen dieser jungen Forscherinnen und Forscher zeigen, dass es an deutschen Schulen Unterricht gibt, der begeistert und Kreativität weckt"", sagte Bulmahn.",1,64058,2003,22
"Nach den Analysen der Wissenschaftler, die sich auf langjährige Forschungserfahrung in der IT-Industrie stützen können, handelt es sich hier nicht nur um eine kurzfristige Belastungsspitze, die man ""aussitzen"" könnte.",0,337272,2009,22
"Zwei seiner Absolventen, Jürgen Brattge aus Hamm und Axel Willemsen aus Langenfeld, erhielten gestern (21.09.2000) den diesjährigen Energie- und Umweltpreis der Eon Engineering GmbH für eine Forschungsarbeit, in der sie praxisnah ein computergestütztes Datenbank-Netz gewebt haben, in das die Altautoverwerter Kraftfahrzeugteile als verfügbare Ersatzteile einspeichern.",0,24604,2000,22
"Die FFH-Richtlinie hat dazu entscheidend beigetragen"", sagte Bundesumweltminister Sigmar Gabriel.",0,239399,2007,22
"Das Credo des Flughafen München lautet: ""Innovationsmanagement bedeutet eine neugierige Haltung zur Veränderung"".",1,226065,2007,22
"Diese Tatsache belegt, dass die basalen Mechanismen des biologischen Alterns offenkundig für alle Lebewesen aus dem Tierreich dieselben sind, was für die Erforschung des menschlichen Alterns von großer Relevanz ist.",0,239965,2007,22
Danach nutzen bereits 39 Prozent der Maschinenbauer das Prinzip paralleler Entwicklungsprozesse (Simultaneous Engineering) und damit mehr als in anderen Branchen des Verarbeitenden Gewerbes (24 Prozent).,0,218958,2007,22
"Weitere Ergebnisse der RBS-Betriebsbefragung sind veröffentlicht in der Information Nr. 21 des Referenz-Betriebs-Systems (RBS), im Internet aufzurufen über untenstehenden Link.",0,50962,2002,22
Die künftig gesetzlich vorgeschriebenen Datenschutz-Folgenabschätzungen bringen für ganz unterschiedliche Zielgruppen Vorteile mit sich: So können Technikanbieter und Systembetreiber die Technologieentwicklung besser steuern und sich spätere Nachbesserungen beim Datenschutzes sparen.,0,648014,2016,22
"Ebenfalls positiv zu bewerten ist die öffentliche Akzeptanz, die gute Vernetzung der Innovationsakteure sowie international sehr erfolgreiche industrielle Anwenderbranchen wie etwa die Chemiebranche.",0,215062,2007,22
"„Schon ein solcher verminderter Anstieg wäre eine ziemliche Herausforderung, aber weniger teuer als die Anpassung an ungebremsten Meeresspiegelanstieg, die in manchen Regionen der Welt sogar völlig unmöglich sein würde“, so Levermann.",0,646309,2016,22
"In diesem Model gibt es daher mehrere Qualitätsklassen, die allen – nicht nur den neuen innovativen – Online-Diensten offen stehen.",0,406613,2011,22
Nur eine Minderheit der Geringverdiener konnte innerhalb von fünf Jahren in bessere Verdienstpositionen gelangen.,0,104206,2005,22
"„Möglicherweise wiegt die Sorge, der Staat könnte der Euro-Krise nicht Herr werden, schwerer als die konjunkturelle Entwicklung.“ In Stuttgart zeigen sich die Menschen zwar nicht für Deutschland, aber für das eigene Leben am optimistischsten: Schon im Vorjahr auf dem ersten Platz in dieser Kategorie, konnte die Schwabenmetropole mit 74 Prozent zuversichtlicher Stimmen und einem Plus von vier Prozentpunkten gegenüber 2010 die Spitzen-Position halten.",1,443124,2011,22
"Hier basiert die ausgewiesene Expertise des Ulmer Instituts Martin Eling zufolge nicht zuletzt vom Forschungsschwerpunkt ""Dynamische Finanzanalyse"", in dessen Rahmen an der Uni Ulm die Einsatzmöglichkeiten von stochastischen Modellen im Versicherungsbereich intensiv untersucht würden.",1,360373,2010,22
"Die entscheidende positive Erkenntnis ist dabei: Die Bindung von Interleukin-10 an die Kohlenhydrate ist recht schwach, sodass dieser Botenstoff leicht freigegeben werden kann, um Zellen entsprechend zu stimulieren.",0,646560,2016,22
"""Dominierten in der Diskussion um Outsourcing bisher Kostenargumente, so werden nun zunehmend Qualitätsverbesserungen, Wissenstransfer und innovative Impulse vom externen Dienstleister erwartet.",0,298383,2009,22
Schätzungen zufolge leiden in Deutschland rund sechs Millionen Menschen an chronischen Schmerzen.Entsprechend unseres heutigen Verständnisses ist Schmerz deutlich mehr als eine reine Sinnesempfindung.,0,272947,2008,22
Die zwischenzeitliche Schwächephase wurde im letzten Quartal des Jahres mit einer überraschend kräftigen Expansion beendet.,0,633315,2015,22
Solche Behandlungsansätze lassen jedoch den durch die Osteoporose ebenso gestörten Knochenaufbau – verursacht durch die so genannten Osteoblasten – außer Acht und führen so mittelfristig sogar zur Hemmung des natürlichen Umbaus unserer Knochen.,0,526239,2013,22
"Daher bieten die wenigen Regionen adulter Neurogenese die Möglichkeit, zu untersuchen, welche Mechanismen es diesen Zellen erlauben, auch im erwachsenen Gehirn noch Nervenzellen zu bilden.",0,547314,2013,22
"Diese ""subjektive"" Messung lehnt sich an die im so genannten ""Oslo Manual"" von der Organisation für wirtschaftliche Zusammenarbeit und Entwicklung.",0,181170,2006,22
"Die Wissenschaftler haben mehrere Monate mit sechsten Klassen einer Potsdamer Gesamtschule verschiedene Programme durchgefuehrt: Ein Denktraining, ein Motivationstraining sowie ein integriertes Programm.",0,12696,1999,22
Erik Monsen und sein Kollege Holger Patzelt haben nun gemeinsam mit Todd Saxton von der Indiana University (USA) mögliche Interaktionen verschiedener Anreize untersucht.,0,320447,2009,22
"Kaum anzunehmen indes, dass sie sich dabei an Neuseeland orientieren werde, vermutet der Ulmer Wissenschaftler.",0,360373,2010,22
"Der Professor für Biochemie und Immunologie ist auswärtiges wissenschaftliches Mitglied und Seniorgruppenleiter für ""Lymphozytenentwicklung"" am Max-Planck-Institut für Infektionsbiologie in Berlin.",0,184764,2006,22
"Ziel der Studie war es, durch die Berechnung der kommunalen Wertschöpfungseffekte die Akzeptanz für die energetische Gebäudesanierung bei den Akteuren vor Ort (Politik, Hauseigentümer, Mieter, Unternehmen, etc.) zu steigern und damit zu einer Erhöhung der Sanierungsraten beizutragen.",0,612616,2014,22
B. TU Darmstadt und Universität Köln) das Bau- und Immobilienmanagement noch konventionell organisiert ist.,0,261638,2008,22
"""Unsere Wälder, insbesondere die naturnahen Wälder, sind Lebensraum für heute oftmals gefährdete Tier- und Pflanzenarten"", sagte BfN-Präsidentin Prof. Dr. Beate Jessel.",0,306430,2009,22
"Außerdem verhindert ""CocoaHeal"", dass sich die Magengeschwüre verursachenden Bakterien ""Heliobacter pylori"" im Magengewebe einnisten können.",0,186419,2006,22
So nehmen 87 Prozent der befragten Qualitätsmanager Anpassungen am eingesetzten Qualitätsmodell vor.,0,363416,2010,22
In mehrmodigen Glasfasern treten aufgrund mehrerer möglicher Verteilungen Übertragungsstörungen auf.,0,346325,2009,22
Die GFZ-Wissenschaftler konnten durch die Analyse der ersten Beobachtungsdaten die Umlaufbahn des in 23222 km Höhe fliegenden Satelliten erstmals auf wenige Dezimeter genau bestimmen.,0,457578,2011,22
Nach diesen Kriterien werteten sie Daten des Internationalen Rates für Meeresforschung (ICES) aus sowie Ergebnisse eigener Forschungsreisen und Statistiken über die Anlandungen der kommerziellen Fischerei.,0,524198,2013,22
»Nur so können sie ihre Wettbewerbsfähigkeit in einer sich wandelnden IT-Landschaft sichern.« Aus Sicht der Unternehmen bieten internetbasierte Softwaredienstleistungen eine Reihe von strategischen Vorteilen.,0,392319,2010,22
"Einsatzmöglichkeiten bestehen jedoch auch in den Bereichen »E-Commerce« und »E-Logistics«, wo gepackte Versandeinheiten auf Vollständigkeit (z.B. enthaltene Lieferscheine) automatisch überprüft werden können.",0,27629,2000,22
"Der erstaunliche Wandel Deutschlands vom ‘kranken Mann Europas’ zu einer dynamischen und wettbewerbsstarken Volkswirtschaft wird oft auf eine erfolgreiche Wirtschaftspolitik zurückgeführt, vor allem auf die nach 2002 durchgeführten Hartz-Reformen.",1,571692,2014,22
Erfolgskritisch sind vor allem folgende Faktoren: - Die Anlaufzeiten einer ausländischen Produktionsstätte bis zur sicheren Produktion mit verlässlicher Qualität und Produktivität werden fast immer deutlich unterschätzt und dauern häufig mehr als doppelt so lange wie ursprünglich geplant.,0,221444,2007,22
Im Zusammenspiel mit der sozialen Interaktion und der akustischen und emotionalen Stimulation entsteht beim Tanzen so die nahezu perfekte reizreiche und herausfordernde Umgebung für den Menschen.,1,520842,2013,22
"„Uns ist bewusst, dass wir die großen Herausforderungen der Zukunft nur durch innovative Entwicklungen und zielführende Kooperationen bewältigen können“, so Strohrmann weiter.",1,605700,2014,22
"Sie stellt sich als unabhängig von der Größe der Sterne dar, als auch ihrer inneren Beschaffenheit, die noch zu großen Teilen unbekannt ist.",0,582388,2014,22
"Über Zertifikate wäre zum Beispiel schnell überprüfbar, ob Anbieter oder Betreiber Betroffenenrechte berücksichtigt haben – und Unternehmen könnten hierdurch ebenfalls ihren Willen zur Achtung dieser Rechte unterstreichen.",0,648014,2016,22
"„Im fünften Jahr seit Beginn der Schuldenkrise scheinen die Menschen mehr denn je davon überzeugt zu sein, dass Deutschland krisensicher ist.",0,552113,2013,22
"Anhand dreier praxisnaher, generischer Demonstratorbauteile haben sie die Grundlagen für das entsprechende Design bzw. für die Auslegungs-, Simulations- und Prüfwerkzeuge für materialhybride Strukturen im Maschinenbau entwickelt.",0,634631,2015,22
"Bei der Preisverleihung in Mülheim/Ruhr, an der auch Münsters Universitätsrektorin Prof. Dr. Ursula Nelles teilnahm, zeichnete Innovationsminister Pinkwart insgesamt vier Forscherteams von nordrhein-westfälischen Hochschulen für besonders innovative Erfindungen mit Preisen im Gesamtwert von 41.000 Euro aus.",0,186419,2006,22
"Die Berechnungen der Bayreuther Wissenschaftler haben ein überraschendes Ergebnis zutage gefördert: Die Dimension der Abstimmungsregeln, wie sie im Vertrag von Lissabon für den EU-Ministerrat festgelegt wurden, beträgt mindestens 7.",0,635584,2015,22
"Zudem wird Antriebsenergie eingespart, da längere Förderstrecken mit weniger Antrieben realisiert werden.",0,413554,2011,22
"Knappe Ressourcen und Kapazitäten werden in wenig aussichtsreichen Entwicklungsvorhaben verschwendet, sie stehen für wirklich zukunftsträchtige Innovationsprojekte nicht mehr zur Verfügung und blockieren die Unternehmensentwicklung.",1,191232,2007,22
"Darauf, betonen die Forscher, habe auch die Finanzkontrolle Schwarzarbeit als zuständige Kontrollbehörde bereits mehrfach hingewiesen.",0,637553,2015,22
"Hohes Armutsrisiko bei Frauen in Ost und West Betrachtet man nicht nur die Lohneinkommen, sondern die Einkommen auf Haushaltsebene so wird deutlich, dass insbesondere weibliche Normalarbeitnehmer in Westdeutschland sowie ostdeutsche männliche und weibliche Normalarbeitnehmer zusätzlich auf staatliche Transferleistungen und auf Partnereinkommen angewiesen sind, um Armut im Haushaltskontext zu vermeiden.",0,537182,2013,22
Mechanismen zur Verringerung von Emissionen aus dem Roden von Wäldern werden daher vielfach diskutiert.,0,613168,2014,22
Das Projekt wurde mit Mitteln des Bayerisch-Kalifornischen Hochschulzentrums (BaCaTeC) anschubfinanziert und dann im Rahmen eines Forschungsstipendiums der Bayerischen Forschungsstiftung (BFS) durchgeführt.,0,446379,2011,22
"Das Geheimnis dahinter ist eine Kamera an der Spitze der intelligenten Stifte, die die Berührung mit dem speziellen Papier erkennt, das den Boden des Bauernhofs bedeckt.",1,366533,2010,22
"Neue Kooperationsformen zwischen Kommunen, Unternehmen und Bürgern entstehen, um die Kernkompetenzen der jeweiligen Akteure besser zu bündeln und urbane Dienstleistungsangebote flexibler und bedarfsorientierter zu gestalten.",0,636226,2015,22
"Er konnte zeigen, dass diese im Labor generierten Zellen elektrophysiologisch funktionieren und Verhaltensdefizite im Tiermodell der Parkinsonschen Erkrankung kompensieren können.",0,157524,2006,22
"Ziel der Allianz Zuversichtsstudie ist es, die Stimmungslage in Deutschland zu erheben.",0,592837,2014,22
"Dazu gehört die Dipolpolarisierbarkeit von Kalzium-48, die ein Team aus Physikern der Darmstadt-Osaka Kollaboration dabei ist zu bestimmen.",0,640713,2015,22
"Mit dem neuen Rentenmodell lasse sich eine Alterssicherung auf einem Niveau und in einer Sicherheit, wie sie lange der Normalfall war, in der Breite nicht mehr gewährleisten.",0,608014,2014,22
"2004 entfielen nur mehr 6,5 Prozent des gesamten Industrieumsatzes in Deutschland auf solche Neuheiten, im Jahr 2000 waren es noch 8,6 Prozent gewesen.",0,148680,2006,22
"Alles in allem wurde bei dieser Veranstaltung deutlich, dass sich in Deutschland mit Unterstützung des BMBF Dienstleistungsexzellenz in Wissenschaft und Wirtschaft etabliert hat.",1,226065,2007,22
"Die Diskussion zeigte, dass mit Blick auf die zukünftige Entwicklung des „Unternehmens 2.n“ ein großes Potenzial zur Steigerung der geistigen Produktivkräfte und damit der Innovationsfähigkeit besteht.",1,531704,2013,22
Die Mehrheit der 125 Teilnehmer der Befragung ist aus dem deutschsprachigen Raum; insgesamt kamen die Antworten aus zwölf Ländern.,0,363416,2010,22
"Den Nutzungsmöglichkeiten eines solchen mobilen Stadtinformationssysteme sind für die Zukunft nahezu keine Grenzen gesetzt: Ob mobile Routenplaner, digitale Stadtführer für Touristen oder die Anzeige von Sonderangeboten in der näheren Umgebung - eigentlich jede Form der mobilen Informationsversorgung erscheint möglich.",1,37563,2001,22
Eine Überarbeitung der Tarifbestimmungen sollte nach Auffassung des WSI-Tarifexperten vor allem an diesen Defiziten ansetzen.,0,60682,2003,22
Die Firmengründer - in der Regel hochkarätige Naturwissenschaftler oder Ingenieure - bringen zudem wenig Know-how in Betriebswirtschaft und Marketing mit und entwickeln oft erst sehr spät realistische Unternehmens- und Marktstrategien.,1,161084,2006,22
"Wer zum Superstar wird, hat in der Regel bereits große Erfolge vorzuweisen, also bspw.",0,570792,2014,22
"Um dieses Ziel zu erreichen, muss jedoch erst der Prozess dahinter verstanden werden.",0,646560,2016,22
"Das Fraunhofer IITB konzentriert sich mit 3 Exponaten auf Kerngeschäfte in der IT-Branche: Wissensmanagement, Projektmanagement sowie die sichere Internetanbindung von Firmennetzwerken, die modernste Kommunikationsdienste ermöglicht und vor Angriffen von außen schützt.",0,59826,2003,22
Diese beiden Indikationen waren nicht Gegenstand der jetzigen Bewertung: Zum einen bezieht sich das geänderte Anwendungsgebiet nicht auf Patienten mit rasch fortschreitender RRMS.,0,646949,2016,16
Nun wurden sie erstmals für den Einsatz in fleischerzeugenden Ketten angepasst.,1,138217,2005,16
Die Wissenschaftler haben insgesamt sieben Glücks-Dimensionen identifiziert.,1,630227,2015,16
"Charakteristisch für die zwei Szenarien ist, dass - das BAU Szenario zu einem Anteil erneuerbarer Energien am Endenergieverbrauch von 14% bis 2020 und 17% bis 2030 führt.",0,318659,2009,16
"Dass eine Verbesserung der Gewinnsituation von 73 Prozent der Unternehmen als Bedingung für mehr Innovationsaktivitäten genannt wird, liegt ebenfalls auf der Hand.",1,110794,2005,16
"Die Untersuchung gliedert sich in die Themen ""Modernisierung öffentlicher Organisationen"", ""Kundenorientierte Gestaltung von Dienstleistungen"", ""Qualitätsmanagement"", ""Projektmanagement und Erfolgsfaktoren der Projektarbeit"" sowie ""Einbindung externer Berater"".",0,92545,2004,16
Rund zehn verschiedenen Formen sind bislang bekannt; alle sind durch verschiedene Genmutationen verursacht.,0,526207,2013,16
"Das neu entwickelte Prognosemodell, das ausschließlich das Abschneiden von Regierungsparteien bestimmt, ist in bisherigen Tests im Durchschnitt nur um 1,5 Prozentpunkte von den amtlichen Endergebnissen abgewichen.",1,50348,2002,16
"EU-Netzwerk für Smarte Städte Ganz unterschiedliche Städte und Forschungsgruppen sind am Projekt PLEEC beteiligt: Koordiniert wird es von der Stadt Eskilstuna (Schweden), die Projektpartner sind über ganz Europa verteilt – vom Baltikum bis Spanien.",1,547666,2013,7
Das „Quality Classes – Content Pays“-Modell basiert auf den unterschiedlichen Bedürfnissen bezüglich der Übertragungsqualität verschiedener Online-Services.,0,406613,2011,7
"Auch 45 Prozent der Mieter im Land haben bereits mit dem Gedanken gespielt, Wohneigentum zu erwerben.",1,630227,2015,7
"Der PISA-Datensatz für das Jahr 2003, der der ZEW-Studie zugrunde liegt, liefert detaillierte Informationen zu rund 3.000 15-jährigen, unter anderem zu ihrer mathematischen Leistung sowie zur Selbsteinschätzung der eigenen Leistung im Fach Mathematik.",0,411685,2011,7
"Massiver Ausbau der Erneuerbaren - oder verstärktes Energiesparen Zwei verschiedene Strategien stehen zur Verfügung, um die Ziele zu erreichen: Österreich könnte sich primär darauf konzentrieren, mehr Energie aus erneuerbaren Quellen zu gewinnen – das würde allerdings einen massiven Ausbau erfordern.",1,522990,2013,7
"In der abschließenden Podiumsdiskussion wurde zudem deutlich, dass angesichts der Ausweitung des Dienstleistungshandels Innovationen notwendiger sind denn je, um im europäischen und im internationalen Wettbewerb erfolgreich zu sein.",0,178542,2006,7
Darüber hinaus sind auch Defizite in der Unterstützung durch das Top-Management sowie im Einsatz von Informationstechnologie und personalpolitischen Maßnahmen festzustellen.,1,59346,2003,7
"Die Bertelsmann Stiftung hat mit dem Europäischen Praxisassessment (EPA) ein wissen­schaftlich belastbares Instrument zur anonymen Selbstbewertung von Arztpraxen für ein zielgerichtetes Qualitätsmanagement zur Verfügung gestellt und ist außerdem dabei, ein unabhängiges Portal zu entwickeln, in dem sich Bürger über Angebot und Qualität von Kran­kenhausleistungen informieren können.",0,148698,2006,7
"Wahlster betonte die Bedeutung der universitären Forschung: ""Wir sollten mehr Forschungsprofessuren mit geringem Lehrdeputat und ohne Aufgaben in der akademischen Selbstverwaltung (wie an amerikanischen Elite-Unis) einrichten.""",1,74604,2004,7
"Betrachtet man jedoch den Dienstleistungssektor, so wird dessen positive Beschäftigungswirkung besonders deutlich: In nahezu allen Landkreisen sowie im Oberzentrum Schweinfurt ist eine Zunahme von ein bis zwei Prozent zu verzeichnen.",0,49485,2002,7
"In gemäßigten Klimazonen wird die Sonnenstrahlung, bevor sie die Erdoberfläche erreicht, durch den Wasserdampfgehalt in der Atmosphäre gefiltert, wodurch Infrarot C, Infrarot B und die Absorptionsbanden innerhalb des Infrarot A vermindert werden.",0,103473,2005,7
"Sicherheit muss bezahlbar sein, daher müssen Investitionen in die Bauwerkssicherheit effizient sein.",0,51804,2002,7
Die endgültige Prognose des Modells beruht auf dem Stand der Kanzlerunterstützung im Juli 2002 - zwei Monate vor der Bundestagswahl.,1,50348,2002,7
"Das Schwerpunktheft der UNIVERSITAS ""Gesundheit und Gerechtigkeit"" mit dem Beitrag von Professor Norbert Schmacke von der Universität Bremen kann kostenlos bei Dirk Katzschmann, Chefredakteur der UNIVERSITAS, angefordert werden.",0,75882,2004,7
"Dazu gehören insbesondere Gesundheit, Energie, Klimaschutz und Mobilität; Themen, die die Bundesregierung im Rahmen der Hightech-Strategie fördert“, sagt Bundesforschungsministerin Annette Schavan.",0,464865,2012,7
"Die Einladung ist jedoch ausgerechnet an dem Tag, an dem sich dieses Mädchen mit ihrer besten Freundin trifft.",1,53001,2002,7
"Höhere Innovationsaufwendungen in den Branchen EDV/Telekommunikation und Banken/Versicherungen standen rückläufige Innovationsbudgets in den technischen Dienstleistungen, der Unternehmensberatung, dem Großhandel und dem Transportgewerbe gegenüber.",0,148680,2006,7
Vor genau hundert Jahren beschrieb der deutsche Neuropathologe Alois Alzheimer die Symptome und typischen Gehirnveränderungen der später nach ihm benannten Alzheimer Krankheit.,0,176296,2006,7
"Alles in allem wurde bei dieser Veranstaltung deutlich, dass sich in Deutschland mit Unterstützung des BMBF Dienstleistungsexzellenz in Wissenschaft und Wirtschaft etabliert hat.",1,232633,2007,7
Entscheidungsprozesse in Bezug auf die Bemessung von Tragwerken werden deshalb immer mehr als Entscheidungsproblem unter Unsicherheiten erkannt - welches mit der Bayes'schen Entscheidungstheorie gelöst werden kann.,1,51804,2002,7
"Die Relevanz der Bewertung der Pflegedokumentation und Pflegeplanung ergibt sich aber auch im Urteil der Beschäftigten daraus, dass die Bewertung dieser Items das größte Gewicht für die Bestätigung von Mängeln beim eigenen Pflegedienst insgesamt aufweisen.",0,58602,2003,7
"»Damit kann der Entwickler einzelne Konstruktionsschritte detailliert nachvollziehen und der Kunde erhält eine konkrete Vorstellung vom Endprodukt, indem er beispielsweise durch das virtuelle Modell interaktiv navigiert,« erklärt Preisträger Dr. Nico Günther.",1,33591,2001,7
"Ein weiterer Schlüssel zum Erfolg ist die stärkere Mitgestaltung der Kommunen und die Entwicklung effizienter regionaler Unterstützungssysteme für selbst­ständige Schulen.""",2,161353,2006,7
"„Weil der IS sehr stark an der eigenen Staatlichkeit im Nahen Osten interessiert war, schien es zunächst einen klaren Unterschied zu Al-Qaida zu geben.",1,642209,2015,7
"Doch bis Dagobert Duck zu einer „Stehenden Figur“ wurde, wie sie in Comics mit ihren stets gleichen Stärken und Schwächen üblich sind, vergingen einige Jahre.",1,499710,2012,7
"""Dies ermöglicht Aussagen über die Leistungsfähigkeit unterschiedlicher betrieblicher Interessenvertretungsformen"", so Pries.",0,150120,2006,7
"Auf großes Interesse stieß das neue Präsentationssystem bereits bei den Besuchern der Schiffahrtsmesse »Cruise Shipping«, die im März in Miami stattfand.",1,33591,2001,7
"„Derzeit herrscht eine starke psychologische Barriere gegen die Zahlung von Online-Inhalten”, legt er dar.",0,631033,2015,7
"Aus der Sicht des Unternehmens ist es letztlich irrelevant, wie viel Zeit, Mühe und Aufwand der Einzelne investiert.",0,243546,2008,7
"USD erbringen, wohingegen jährlich nur Investitionen in Höhe von etwa 45 Mrd. USD für den Erhalt der Ökosysteme notwendig wären.",3,382914,2010,7
"Dieses analytische Verfahren ist so empfindlich, dass man damit sogar noch ein Millionstel Gramm eines Inhaltsstoffes in einem Kilogramm eines Lebensmittels entdecken kann.",1,25284,2000,7
Dazu brauchen wir mehr Mittel.,0,74604,2004,7
"Erst diese intelligente Vernetzung könne dazu führen, dass die Nutzer die verschiedenen Mobilitätssysteme akzeptieren und sie auch kombinieren.",0,633229,2015,7
"Für die PUSH-Studie ließen die Forscher, unterstützt vom Verein Post SV Nürnberg, „Kieser Training“ Erlangen sowie der Staedtler-Stiftung, insgesamt 120 untrainierte Männer zwischen 30 und 50 Jahren fünf Monate lang trainieren – und zwar in vier Trainingsgruppen.",0,585542,2014,7
"Verstreicht dieses Zeitfenster ungenutzt, dann ist eine Umprogrammierung der Zellen nicht mehr möglich.",1,63072,2003,7
"Die Methode verfolgt den Grundsatz, kreative Seitensprünge systematisch und proaktiv auszuschöpfen.",0,412572,2011,7
"Ein besonders drängender Problembereich liegt in den - offenbar sehr unterschiedlich gut bewältigten - hohen Anforderungen an die Organisation, Planung und Koordination der Pflege, bei häufig als restriktiv empfundenen Rahmenbedingungen (Personalmangel, Zeitmangel).",1,58602,2003,7
Der Nachfolge-Standard ISO 25000 wird bislang nur marginal eingesetzt.,0,363416,2010,7
Ein guter Unternehmer ist demnach extrovertiert sowie enorm fleißig und akkurat bei der Arbeit.,0,38164,2001,7
· Eine Bewahrung der Substanz des Sozialstaats kann nur durch eine gezielte Weiterentwicklung des gesamten Systems erreicht werden.,1,18056,2000,7
"Die bestehenden Märkte zur Optimierung des Einsatzes bestehender Anlagen sollten perspektivisch um Kapazitätsmechanismen ergänzt werden, die Leistungsvorhaltung honorieren und damit garantieren, dass das öffentliche Gut Versorgungssicherheit bereit gestellt wird.",0,540213,2013,7
"Das komplexe mathematische Modell von TU Wien und dwh GmbH, das im Auftrag des Hauptverbandes der österreichischen Sozialversicherungsträger entwickelt wurde, berücksichtigte aber auch, dass es unterschiedliche Typen von Erregern gibt: „Nachdem die Impfung eingeführt ist, erkranken nach dem Computermodell die Leute eben an einem anderen Typ, die Kosten für die Impfung bringen daher deutlich weniger Nutzen als erwartet“, erklärt Popper.",1,524655,2013,7
Das ist das zentrale Ergebnis einer repräsentativen Studie des Instituts für Kredit- und Finanzwirtschaft der RUB (ikf).,0,426752,2011,7
"Die CBD verfolgt drei Ziele: Schutz biologischer Vielfalt, nachhaltige Nutzung biologischer Vielfalt und die gerechte Aufteilung der Vorteile aus der Nutzung genetischer Ressourcen.",0,222917,2007,7
"Die Ergebnisse des Projektes erscheinen im Herbst 2004 im Springer Verlag (aktuelle, historische Nutzung ertragsschwacher Standorte, Akzeptanz und Kosten extensiver Landnutzung, Ressourcenschutz, Artenvielfalt und Landnutzung, politische Bedingungen und Perspektiven der Bewirtschaftung von ertragsschwachen Ackerstandorten eingegangen.",0,81586,2004,7
Die aktuellen Änderungen und Ergänzungen beziehen sich insbesondere auf die zu vermittelnden Versicherungszweige und der Versicherungsprodukte.,0,51451,2002,7
"Ohne sie wäre unser Land als herausragender Standort für Forschung und Hochtechnologie insgesamt weniger beweglich, weniger erfolgreich und weniger zukunftsorientiert geworden.",2,322484,2009,7
"Erst wenn darin offiziell festgestellt wird, dass die säumigen Versicherten zahlungsunfähig sind, springt der Staat bei den Versicherungsprämien ein.",1,291121,2008,7
"Dies trifft sicherlich auch auf Transformationsprozesse in anderen gesellschaftlichen Bereichen zu, scheint sich aber im Fall der erneuerbaren Energien wie unter einem Brennglas zu bündeln.",1,642491,2015,7
"Das soeben erschienene Buch gibt die Ergebnisse des Modellversuchs im Wohnheim der Behindertenhilfe ""Bethel"" wieder.",0,124368,2005,7
"Dr. Mario Ragwitz, Leiter des Geschäftsfeldes Erneuerbare Energien am Fraunhofer ISI erläutert: ""Instrumente, die technologische Innovationen im Bereich der erneuerbaren Energien fördern, sind deshalb essenziell, um den Wettbewerbsvorteil der Technologieführerschaft der europäischen Industrie im Bereich der erneuerbaren Energien dauerhaft zu stärken.",0,318659,2009,7
"Laut bisher gängigen Modellvorstellungen wachsen Riesenplaneten, indem sie einen Teil des Gases und Staubes einfangen, das bei der Bildung des Zentralsterns übrigbleibt [3].",0,521115,2013,7
"Vor allem die Versicherten würden profitieren: ""Wenn sie sich für einen Generalunternehmer ent­scheiden, erhalten sie endlich eine Versorgung aus einem Guss"", sagt Mohn.",3,166489,2006,7
"Die Freiburger Forscher zeigten, dass die Aktivierung dieses Enzyms zwar wichtig für die regelgerechte Funktion der Nierenkörperchen während der embryonalen Entwicklung ist, dass aber die überschießende Aktivierung von mTOR durch einen bestehenden Diabetes zu einer folgenschweren Störung des Nierenfilters bis hin zum totalen Funktionsverlust führen kann.",0,428265,2011,7
"""Das bedeutet, dass noch verwendbare Teile etwa bei der Altautoverwertung direkt in die Nutzung zurück gehen, anstatt zuerst in Rohstoff zurück verwandelt zu werden oder vielleicht überhaupt nur noch energetisch, sprich als Brennstoff, Verwendung zu finden"", erläutert Recycling-Professor Dr. Ralf Holzhauer von der Fachhochschule Gelsenkirchen.",0,24604,2000,7
Innerhalb des Netzverbundes sind an den sechs Standorten über 300 Mitarbeiterinnen und Mitarbeiter sowie mehr als 450 wissenschaftliche Hilfskräfte beschäftigt.,0,33591,2001,7
Auch die Zuversicht in die Sicherheit des eigenen Arbeitsplatzes (42%) hat gegenüber dem Vorjahr nur leicht abgenommen (- 3 Prozentpunkte).,0,294709,2008,7
Im Kern geht es um das Haushalten mit den zur Verfügung stehenden natürlichen Ressourcen für eine nachhaltige Entwicklung unseres Landes.,1,569759,2014,7
Die Bedeutung der so genannten 2. Säule der gemeinsamen Agrarpolitik der EU werde von der Politik noch immer nicht in ihren Möglichkeiten für die nachhaltige Entwicklung ländlicher Räume und ihrer Biologischen Vielfalt ausreichend anerkannt.,1,227776,2007,7
"In allen Naturwissenschaften seien Supercomputer zum unverzichtbaren Werkzeug geworden, sagte Bachem und wies darauf hin, dass ""die großen Erkenntnissprünge der Zukunft mit Hilfe der Simulation Sciences entstehen werden.""",0,204696,2007,7
"„Wer schießt, sollte nach seiner psychologischen Eignung ausgewählt werden, wobei vor allem geringe Wettkampfängstlichkeit eine Rolle spielt.“ Der Wissenschaftler identifizierte zwei typbedingte Strategien für Elfmeterschützen: Eine torhüterunabhängige Strategie für Persönlichkeitstypen, die „Ideale“ anstreben und dafür auch bereit sind, Risiken einzugehen.",0,525101,2013,7
Quartal 2012 wurden insgesamt 1.502 Interviews durchgeführt.,0,469049,2012,7
"Zu berücksichtigen ist dabei, dass sich die erhöhten Kosten für die kommunale Infrastruktur bei der Erschließung des Gewerbegebietes Torgau-Nordstraße nicht in erhöhten Grundstückspreisen niederschlugen, da das Sächsische Ministerium für Wirtschaft und Arbeit eine einmalige Zuwendung gewährte.",1,15100,1999,7
"Die 4600 Jahre alten Gräber enthielten Gruppierungen von Erwachsenen und Kindern, die Gesicht zu Gesicht beerdigt worden sind - vermutlich Opfer eines gewalttätigen Angriffs.",1,289453,2008,7
"In tausenden von Jahren haben Bäuerinnen, Bauern und Züchter durch Selektion eine Vielzahl von regional angepassten, widerstandsfähigen und schmackhaften Kulturpflanzensorten hervorgebracht.",1,227776,2007,7
"Wer die sozialen Sicherungssysteme systematisch auf ""Magerdiät"" setzt, dürfte dieses Vertrauen langfristig untergraben.",1,18056,2000,7
"„Es freut uns sehr, dass die DFG in den letzten Jahren unsere teilweise außergewöhnlichen Projekte unterstützt hat, mit denen wir wissenschaftliches Neuland betreten haben.",1,602027,2014,7
"Als Sprecher der Keynote gab Werner M. Bahlsen einen Einblick in die vielfältigen Nachhaltigkeitsaktivitäten seines Unternehmens, für die es nun auch mit dem „ZNU-Standard Nachhaltiger Wirtschaften Food“ durch die PCU Deutschland zertifiziert wurde.",0,626912,2015,7
"Dokumente, bei denen Neusignierungen oder Verifikationsdaten fehlten, konnten meist keinen Beweis erbringen.",0,141418,2005,7
"Im Zuge der Koppelung beider Verträge bekämen nur Mitgliedstaaten Nothilfen aus dem ESM, die ihren Haushalt mit dem Ziel der Einhaltung der Stabilitätskriterien sanieren.",0,495203,2012,16
"""Wenn es aber darum geht, Fleisch an die Knochen zu bringen, fehlt dazu die Bereitschaft"", stellt Professor Dr. Wolfram Hilz fest - sei es, weil es wie in Deutschland am Willen mangelt, ausreichend Mittel für die Rüstung bereitzustellen, oder weil traditionelle Bindungen oder unrealistische Großmachts-Phantasien einer koordinierten Politik im Wege stehen.",2,141817,2006,16
"Auch dass für Langzeitarbeitslose bei Aufnahme einer Arbeit sechs Monate lang der Mindestlohn nicht gelten solle, bewerten die Wissenschaftler kritisch: Die Ausnahmeregelung sei „in hohem Maße missbrauchsanfällig“.",0,592767,2014,16
"Die Antikörper waren entweder gegen das eigene Gewebe des Patienten gerichtet, so genannte Autoantikörper, oder sie sind eine gefährliche Verbindung mit den EHEC-Giften eingegangen, die zu den ernsthaften Gerinnungsproblemen geführt haben.",3,439378,2011,16
"Für Gartencenter und andere Endverkaufsbetriebe gewinnt der Nützlingseinsatz auch aus einem anderen Grund an Bedeutung: Durch die immer länger werdenden Öffnungszeiten fehlen zunehmend die Zeitphasen, die nach der Anwendung chemischer Pflanzenschutzmittel als Wartezeiten vorgeschrieben sind, bevor die behandelten Räume wieder betreten werden dürfen.",0,192597,2007,16
"Auch von den Studierenden wird der neue Lehrpreisträger als einer gelobt, der sich um eine verstärkte interdisziplinäre Zusammenarbeit zwischen den Fächern der Sprach- und Literaturwissenschaftlichen Fakultät sowie um eine Ausweitung der interfakultären Kooperation bemühe.",1,67025,2003,16
"Um dieses Nettoeinkommen auf dem regulären Arbeitsmarkt zu erzielen, müssten sie Bruttostundenlöhne von 6 Euro bis 11 Euro erhalten.",0,112829,2005,16
dopaminergen Neurone sind Teil eines Schaltkreises zur Bewegungskontrolle.,0,208186,2007,16
Es handelt sich dabei um ein vom Bundesministerium für Bildung und Forschung gefördertes interdisziplinäres Forschungszentrum (www.hike-autoimmunity.de).,0,439383,2011,16
Mit dem Trend zu variablen Entgeltsystemen in deutschen Großunternehmen halten unternehmerische Prinzipien wie Wettbewerb und Risiko Einzug in die Lohntüte.,1,36025,2001,7
"Professor Andreas Greinacher von der Universitätsmedizin Greifswald vermutete zu diesem Zeitpunkt aufgrund des klinischen Verlaufs und des zeitlich versetzten Auftretens der Symptome, dass Antikörper die Ursache für die Komplikationen sind.",3,439383,2011,7
"Ohne den Forstbereich werden davon 7.000 genutzt und kultiviert, jedoch nur 30 Arten liefern 95% der pflanzlichen Nahrungsmittel.",0,227776,2007,7
"Die Wissenschaftlerinnen und Wissenschaftler werden sich demnach vor allem den Auswirkungen des Klimawandels, der Emissionsminderung und der Anpassung an Klimafolgen widmen, die Zukunft der Energiegewinnung untersuchen sowie der Frage nachgehen, wie die nachhaltige Entwicklung auf globaler Ebene vorangebracht werden kann.",0,323387,2009,7
"Auf dauerhaft niedrigem Niveau halte sich dagegen die Zuversicht in die gesetzliche Rente, Pflege und Krankenversicherung: Nur sieben Prozent der Interviewpartner vertrauten auf die gesetzliche Rente, lediglich acht Prozent auf die staatliche Pflege- und Krankenversicherung.",0,280861,2008,7
Dies ist dabei in zweierlei Hinsicht problematisch.,1,65139,2003,7
In ihrem aktuellen Jahresgutachten zeichnet die Expertenkommission ein durchwachsenes Bild der deutschen Hochschulmedizin.,1,574352,2014,7
Es hat sich zu einem interdisziplinären Forschungszentrum der Universität Hildesheim mit acht Forschungseinheiten aus fünf Instituten entwickelt.,0,484217,2012,7
"Bochum, 12.05.2003 Nr. 143 Schnelle Links für scharfe Bilder Synergien: Aus der Biologie in den Rechner und zurück RUB-Hirnforscher berichten in NeuroRUBIN Mit jedem Augenschlag und jeder Bewegung verändert sich blitzschnell das Bild, das wir sehen.",0,63215,2003,7
"Mit anderen Worten: Der Sprengsatz wird zwar später gezündet, dann aber mit umso höherer Sprengkraft.",1,65139,2003,7
Reformen sind daher viel stärker vom politischen Prozess abhängig.,0,571692,2014,7
Die Annahmen sind aus der Luft gegriffen“.,2,592767,2014,7
"Das Heft 2/2004 der BWP ist zum Preis von 7,90 Euro zu beziehen beim W. Bertelsmann Verlag GmbH & Co.",0,86502,2004,7
Finanziert wird Hermit im Rahmen des Projekt „PetaGCS“ mit Unterstützung des Bundesministeriums für Bildung und Forschung und des Ministeriums für Wissenschaft und Kunst Baden-Württemberg.,0,464865,2012,7
"Die beiden Wissenschaftler belegen, dass Sachargumente oft nicht ausschlaggebend sind.",1,608014,2014,7
Viele dieser Entscheide werden routinemässig getroffen.,0,301565,2009,7
"Zwei zentrale Themen stehen auf der Agenda: Zum einen die demografische Entwicklung, die in den vergangenen Jahren mit sinkenden Absolventenzahlen auf dem Arbeitsmarkt und einer sinkenden Zahl abgeschlossener Ausbildungsverträge einherging.",0,634555,2015,7
"Die Informationen über Mängel in der professionellen ambulanten Pflege stützen sich vor allem auf Befragungen von 21 Experten der sozialen Praxis in vier Großstädten, wie z.B. VertreterInnen der Pflegekassen, der Medizinischen Dienste der Krankenkassen, von Beratungsstellen für Angehörige und von Selbsthilfegruppen sowie von 533 Beschäftigten in 107 ambulanten Pflegediensten in Ost- und Westdeutschland; darüber hinaus wurde die nationale und internationale Literatur zu diesem Thema ausgewertet.",0,58602,2003,7
Mit der Ausrufung eines Kalifats im Irak kopieren die ISIS-Extremisten nach Angaben von Islamwissenschaftlern eine jahrhundertealte Legitimationsstrategie in der arabischen Welt.,1,594334,2014,7
"Der Weg Deutschlands in eine Dienstleistungsgesellschaft muss im Sinne ökonomischer, sozialer und ökologischer Nachhaltigkeit gesteuert werden.",1,57172,2002,7
"""Dass bei der persönlichen Versorgung im Alter, bei Krankheit und Pflege die Zuversicht wächst, stimmt uns positiv"", sagt Thomas Pleines, Vorstandsmitglied der Allianz Deutschland AG.",0,294709,2008,7
"Alle Patienten haben die Erkrankung überlebt, zehn zeigten keine neurologischen Symptome mehr und alle Patienten sind trotz Nierenversagen nicht mehr auf eine Dialyse angewiesen.",1,439383,2011,7
"Gesamtwirtschaftlich würden die Arbeitnehmerbruttolöhne bei einem Mindestlohn von 7,50 € um etwa 12 Milliarden € steigen.",3,183737,2006,7
"So können Unternehmen der Medizintechnikbranche durch die Entwicklung effizienter Medizinprodukte, strukturierte Investitionen und neue Geschäftsmöglichkeiten (Consulting) ihre Marktchancen erhöhen und einen wichtigen Beitrag zur deutschen Innovationsführerschaft im Zukunftsmarkt „Blue Hospital“ leisten.",1,451418,2011,7
"In ihrem Fazit verknüpfen die Wissenschaftler um Prof. Geldermann ihre Ergebnisse mit einer Liste von zehn für Niedersachsen besonders wichtigen Handlungsfeldern, die die niedersächsische Regierungskommission Klimaschutz erstellt hat: erneuerbare Energien, Kraft-Wärme-Kopplung, Stromwirtschaft, Bauen und Wohnen, Verkehr, Industrie und Gewerbe, Land- und Forstwirtschaft, Bildung, öffentliche Gebäude sowie Forschung und Innovation.",0,349811,2009,7
"Im Vergleich zu den Befragungen im Vorjahr, als die Zuversichtskurve bei allen 14 Großstädten nach oben wies, ist die Tendenz 2011 eher uneinheitlich.",0,443124,2011,7
"Ausgehend von dieser Beobachtung untersuchen sie nun, ob diese durch Ras in Neuronen ausgeübte Schutzwirkung auch bei neurodegenerativen Krankheiten, wie z.",0,208186,2007,7
Die Studie liefert damit konkrete Ansätze und Elemente einer zukünftigen niedersächsischen Klimaschutzstrategie und bietet einen Ausgangspunkt für die weitere Diskussion.,1,349811,2009,7
Als wesentliche Vorteile erweisen sich in diesem Zusammenhang die Schaltbarkeit und die stufenlose Regelbarkeit der Pyroelektrizität.,0,624936,2015,7
"Hier besteht ein enormer begleitender Reformbedarf in Deutschland, wenn die Exzellenzinitiative ihr volles Potential entfalten soll.",1,645504,2016,7
Zusammen mit der zunehmenden kommerziellen Bedeutung des Internets hat diese Entwicklung eine globale Debatte über Netzneutralität angeregt.,1,406613,2011,7
Teilnehmerrekord beim diesjährigen Schülerwettbewerb Anlässlich der Preisverleihung des 38.,1,64058,2003,7
Neben den natürlichen Gegebenheiten wirkt sich auch der hohe Anteil an landwirtschaftlichen Betrieben beziehungsweise der dort verfügbaren Dachflächen auf die installierten Kapazitäten aus.,1,597650,2014,7
"In einem internationalen Forschungsvorhaben befassen sie sich seit zweieinhalb Jahren zusammen mit Agrarökologen und Bodenkundlern mit der ""Bewertung biologischer Vielfalt von Landnutzungssystemen in einer mega-diversen Region in Ecuador"".",0,121504,2005,7
"* ""Eine solche Weiterentwicklung der Sozialversicherung ermöglicht es, ohne die hohen Transaktionskosten eines Systemwechsels die bestehenden Sicherungsprobleme zu beheben"", resümieren Dr. Simone Leiber und Claudia Bogedan, Sozialversicherungsexpertinnen im Wirtschafts- und Sozialwissenschaftlichen Institut (WSI) in der Hans-Böckler-Stiftung.",0,326174,2009,7
"Während die Menschen in Nordrhein-Westfalen (48%) auch in Bezug auf Deutschland am zuversichtlichsten sind, gefolgt von den Schleswig-Holsteinern mit 41 Prozent und den Baden- Württembergern mit 39 Prozent.",0,236723,2007,7
"Verbesserte Plasmazustände sind mit leistungsstärkeren Blanket-Konzepten kombiniert, die allerdings in Europa bereits entwickelt werden: Im ""Dual Coolant-Blanket"" von Modell C wird die erste Wand mit Helium gekühlt, der Hauptteil der erzeugten Wärme jedoch durch Umwälzung von Flüssigmetall zum Wärmetauscher transportiert.",1,145375,2006,3
"Der Modellversuch in Bethel zeigte insbesondere, dass mit finanzieller Eigenständigkeit auch Menschen, die in Heimen leben, ein höheres Maß an Selbstbestimmtheit erreichen können.",1,124368,2005,3
"Die Suche nach einer anderen oder zusätzlichen Arbeit kann Aufstockern Chancen eröffnen, dass sich ihre Beschäftigungssituation verbessert.",1,639804,2015,3
"Für einen ergänzenden Einsatz neuer Instrumente wie einer Energieeinsparquote oder eines Energieeffizienzfonds spricht vor allem die Haushaltsunabhängigkeit der Finanzierung, die diese Instrumente bei entsprechender Ausgestaltung gewährleisten würden.",0,474849,2012,3
"Daraus zieht er den Schluss, dass Wettbewerb nicht per se abzulehnen ist.",0,75882,2004,3
"Im vergangenen Geschäftsjahr waren zum Beispiel Zusatzversicherungen bei der Allianz Private Krankenversicherung ein wichtiges Wachstumsfeld.""",3,251843,2008,3
Wir konnten EPO-Rezeptoren in den Knorpelzellen der sich regenierenden Frakturbereiche nachweisen.,3,180280,2006,3
Zum Projektabschluss 2012 wird ein ausgereiftes Qualitätsmodell verfügbar sein.,0,363416,2010,3
"Hornbostel kommentiert diese Entwicklung wie folgt: „Die Noten verlieren mehr und mehr an Wert – ein Trend, der im Übrigen auch für das Abitur und für Studienabschlüsse erkennbar ist.",0,593626,2014,3
"Die Forscher waren überrascht, als sie Anzeichen für einen Planeten fanden, der sich – eingebettet in die Materiescheibe um den jungen Stern – noch im Entstehungsprozess befindet.",1,521115,2013,3
"""Wer privat vorsorgt, ist persönlich zuversichtlicher"", interpretiert Dr. Ulrich Rumm, Vorstandsmitglied der Allianz Deutschland AG.",0,251843,2008,3
"Es handelt sich hierbei hauptsächlich um sogenannte Transkriptionsfaktoren, die die Übersetzung des Gens im mRNA regulieren.",0,228806,2007,3
Unternehmensausgründungen aus Universitäten oder Forschungsorganisationen wie Fraunhofer- und Max-Planck-Gesellschaft gelten als besonders innovativ und können Wissen und Technologie vermeintlich schnell in Produkte und Dienstleistungen für den Markt umsetzen - dementsprechend aktiv werden sie gefördert.,2,161084,2006,3
Seine Antwort: Der Wettbewerb zwischen den gesetzlichen Krankenkassen ist nicht von vornherein abzulehnen.,0,75882,2004,3
„Es bleibt abzuwarten ob sich die Entwicklungen am Schwarzen Meer dauerhaft auf die Stimmung der Bundesbürger auswirken werden.“ Mit 80 Prozent erreicht das eigene Zuhause den höchsten Wert und bleibt nach wie vor der Hort der Zuversicht.,1,578477,2014,3
"Das Ergebnis: „Sowohl in klinischer wie auch in neurobiologischer Hinsicht hat sich der Zustand der Mäuse erheblich verbessert“, sagt Rudolf Martini.",1,526207,2013,3
"Im Auftrag der Ruhr- Universität befragte das Zentrum für Sozialforschung, Halle, die Geschäftsleitungen von 3.254 Betrieben und die Arbeitnehmervertreter von 1.410 Betrieben.",0,150120,2006,3
Fast jeder fünfte Arbeitnehmer im Ruhrgebiet arbeitet heute in der Sozial- und Gesundheitswirtschaft.,0,37752,2001,3
"Der Vorschlag, die kollektiven Sicherungssysteme zugunsten privater Vorsorge zurückzufahren, führt lediglich zu einem Absenken des solidarisch ausgestalteten Sicherungsniveaus, während die privat finanzierte Zusatzsicherung nur sozial selektiv oder gar polarisierend wirksam wird.",0,18056,2000,3
Sie erfahren das Wichtigste über die Verfahren der Antragstellung und der Partner suche im Ausland.,1,35231,2001,3
"Das Bundesamt für Naturschutz initiierte deshalb eine Studie zu überregional bedeutsamen Vorhaben in Deutschland und den angrenzenden Ländern, die als gute Beispiele dafür dienen können, wie die Syner-gien zwischen dem Schutz der Biodiversität in Auen und ökologischem Hochwasserschutz realisiert wer-den können.",3,462603,2012,3
"Mit neuen Geschäftsmodellen ergeben sich neue rechtliche Fragen, insbesondere hinsichtlich des Haftungs- und Urheberrechts.",1,610578,2014,3
"Wenn es jetzt im Herbst mit der Umset-zung losgehen kann, dann werden wir gemeinsam unsere wertvolle Waldlandschaft mit ihren Schätzen wie z.B. dem Schreiadler noch besser ins Bewusstsein rücken können“, gab sich der Landrat überzeugt.",1,483780,2012,3
Michael Kuchenbecker ist hier für die Koordination der Anfragen zuständig.,0,71843,2003,3
Wie sollten sich die Spieler verhalten?,0,595386,2014,3
Die Leistungsfähigkeit im Spitzensport wird nicht allein durch technische und körperliche Fähigkeiten bestimmt.,3,625208,2015,3
